WN1|ABA62343.1|Flavi_capsid|6-123	Usutu|AAS59402.1|Flavi_capsid|6-122	100.000	118	0	0	1	118	118	235	1.80e-81	229	GGPGKSRAVNMLKRGMPRVLSLIGLKRAMLSLIDGKGPIRFVLALLAFFRFTAIAPTRAVLDRWRGVNKQTAMKHLLSFKKELGTLTSAINRRSSKQKKRGGKTGIAVMIGLIASVGA	GGPGKSRAVNMLKRGMPRVLSLIGLKRAMLSLIDGKGPIRFVLALLAFFRFTAIAPTRAVLDRWRGVNKQTAMKHLLSFKKELGTLTSAINRRSSKQKKRGGKTGIAVMIGLIASVGA
WN1|ABA62343.1|Flavi_capsid|6-123	Usutu|AAS59402.1|Flavi_capsid|6-122	56.897	116	50	0	1	116	1	116	4.08e-49	147	GGPGKSRAVNMLKRGMPRVLSLIGLKRAMLSLIDGKGPIRFVLALLAFFRFTAIAPTRAVLDRWRGVNKQTAMKHLLSFKKELGTLTSAINRRSSKQKKRGGKTGIAVMIGLIASV	GGPGRNRAINMLKRGIPRVFPLVGVKRVVMGLLDGRGPVRFVLALMTFFKFTALAPTKALLGRWKRINKTTAMKHLTSFKKELGTMINVVNNRGTKKKRGNNGPGLVMIITLMTVV
WN1|ABA62343.1|Flavi_capsid|6-123	Kunjin|BAA00176.1|Flavi_capsid|6-123	94.915	118	6	0	1	118	1	118	5.33e-79	219	GGPGKSRAVNMLKRGMPRVLSLIGLKRAMLSLIDGKGPIRFVLALLAFFRFTAIAPTRAVLDRWRGVNKQTAMKHLLSFKKELGTLTSAINRRSSKQKKRGGKTGIAVMIGLIASVGA	GGPGKSRAVNMLKRGMPRVLSLTGLKRAMLSLIDGRGPTRFVLALLAFFRFTAIAPTRAVLDRWRSVNKQTAMKHLLSFKKELGTLTSAINRRSSKQKKRGGKTGIAFMIGLIAGVGA
WN1|ABA62343.1|Flavi_capsid|6-123	WNV2|AAA48498.2|Flavi_capsid|6-123	89.831	118	12	0	1	118	1	118	6.68e-76	211	GGPGKSRAVNMLKRGMPRVLSLIGLKRAMLSLIDGKGPIRFVLALLAFFRFTAIAPTRAVLDRWRGVNKQTAMKHLLSFKKELGTLTSAINRRSSKQKKRGGKTGIAVMIGLIASVGA	GGPGKNRAVNMLKRGMPRGLSLIGLKRAMLSLIDGKGPIRFVLALLAFFRFTAIAPTRAVLDRWRGVNKQTAMKHLLSFKKELGTLTSAINRRSTKQKKRGGTAGFTILLGLIACAGA
WN1|ABA62343.1|Flavi_capsid|6-123	Yaounde|ABW76843.2|Flavi_capsid|6-123	63.559	118	43	0	1	118	1	118	2.89e-56	161	GGPGKSRAVNMLKRGMPRVLSLIGLKRAMLSLIDGKGPIRFVLALLAFFRFTAIAPTRAVLDRWRGVNKQTAMKHLLSFKKELGTLTSAINRRSSKQKKRGGKTGIAVMIGLIASVGA	GGPGGIRAINMLKRGLPRVYPLVGVKRVVMSLLDGRGPVRFVLALLTFFKFTALAPTRALLKRWKAVDKKTAMKHLASFKKELGVMVNAVNRRGTKKKKRGGVTTIWMMLPMLMAVTA
WN1|ABA62343.1|Flavi_capsid|6-123	Japanese_Encephalitis|AAA81554.1|Flavi_capsid|6-123	61.207	116	45	0	1	116	1	116	1.56e-53	154	GGPGKSRAVNMLKRGMPRVLSLIGLKRAMLSLIDGKGPIRFVLALLAFFRFTAIAPTRAVLDRWRGVNKQTAMKHLLSFKKELGTLTSAINRRSSKQKKRGGKTGIAVMIGLIASV	GGPGKNRAINMLKRGLPRVFPLVGVKRVVMSLLDGRGPVRFVLALITFFKFTALAPTKALLGRWKAVEKSVAMKHLTSFKRELGTLIDAVNKRGRKQNKRGGNEGSIMWLASLAVV
WN1|ABA62343.1|Flavi_capsid|6-123	Alfuy|AAX82481.1|Flavi_capsid|6-123	62.931	116	41	1	1	114	1	116	1.03e-50	147	GGPGKSRAVNMLKRGMPRVLSLIGLKRAMLSLIDGKGPIRFVLALLAFFRFTAIAPTRAVLDRWRGVNKQTAMKHLLSFKKELGTLTSAINRRSSKQKKRGGKTG--IAVMIGLIA	GGPGRNRVVSMLRRGASRVSPLMGIKRMLNSLLDGRGPIRFVLALLTFFKFTAIAPTKALINRWRSVEKGTAMKHLASFKKELGTLIDVVNRRSKKQKRRGNGTNRWLMLMVTLVA
WN1|ABA62343.1|Flavi_capsid|6-123	Murray|AAF05296.1|Flavi_capsid|6-125	71.429	91	26	0	1	91	1	91	8.12e-49	142	GGPGKSRAVNMLKRGMPRVLSLIGLKRAMLSLIDGKGPIRFVLALLAFFRFTAIAPTRAVLDRWRGVNKQTAMKHLLSFKKELGTLTSAIN	GGPGKPRVVNMLKRGIPRVFPLVGVKRVVMNLLDGRGPIRFVLALLAFFRFTALAPTKALMRRWKSVNKTTAMKHLTSFKKELGTLIDVVN
WN1|ABA62343.1|Flavi_capsid|6-123	Saint_Louis|ABG37975.1|Flavi_capsid|6-108	60.784	102	38	1	1	102	1	100	3.10e-42	125	GGPGKSRAVNMLKRGMPRVLSLIGLKRAMLSLIDGKGPIRFVLALLAFFRFTAIAPTRAVLDRWRGVNKQTAMKHLLSFKKELGTLTSAINRRSSKQKKRGG	GKPGRNRVVNMLKRGVSRVNPLTGLKRILGSLLDGRGPVRFILAILTFFRFTALQPTEALKRRWRAVDKRTALKHLNGFKRDLGSMLDTINRRPS--KKRGG
WN1|ABA62343.1|Flavi_capsid|6-123	Tembusu|AEJ87340.1|Flavi_capsid|7-119	48.182	110	55	1	1	110	1	108	3.66e-31	97.8	GGPGKSRAVNMLKRGMPRVLSLIGLKRAMLSLIDGKGPIRFVLALLAFFRFTAIAPTRAVLDRWRGVNKQTAMKHLLSFKKELGTLTSAINRRSSKQKKRGGKTGIAVMI	GRPGSGRVVNMLKRGTSRGNPLARIKRTIDGVLRGAGPIRFVLALLTFFKFTALRPTIGMLKRWKLVGVNEATKHLKSFKRDIGQMLDGLNKR--KAKRRGGSCSWIIML
WN1|ABA62343.1|Flavi_capsid|6-123	Bagaza|AAV34161.1|Flavi_capsid|7-122	47.788	113	56	2	1	112	1	111	1.47e-30	96.3	GGPGKSRAVNMLKRGMPRVLSLIGLKRAMLSLIDGKGPIRFVLALLAFFRFTAIAPTRAVLDRWRGVNKQTAMKHLLSFKKELGTLTSAINRRSSKQKKRGGKT-GIAVMIGL	GKPGATRVVNMLKRGASRGNPISRIKRMLDGLLRGVGPVRIVLAILTFFKFTALKPTAGLLRRWKLVGVVEATRHLKSFRKDIGQMLDGLNRRG--KKKRGGTTVGIAFLVAL
WN1|ABA62343.1|Flavi_capsid|6-123	Ntaya|AFS89612.2|Flavi_capsid|7-122	47.273	110	56	1	1	110	1	108	8.25e-30	94.4	GGPGKSRAVNMLKRGMPRVLSLIGLKRAMLSLIDGKGPIRFVLALLAFFRFTAIAPTRAVLDRWRGVNKQTAMKHLLSFKKELGTLTSAINRRSSKQKKRGGKTGIAVMI	GRPGATRVVNMLKRGASRGNPISRIKRMLDGLFKGIGPIRIVLAFLTFFKFTALKPTAGLLRRWKIVGVAEATRHLKSFRKDIGQMLDGLNKRG--KKKRGGSTGGLLLI
WN1|ABA62343.1|Flavi_capsid|6-123	Kokobera|AAV34157.1|Flavi_capsid|6-120	52.174	92	43	1	1	91	1	92	2.52e-29	93.2	GGPGKSRAVNMLKRGMPRVL-SLIGLKRAMLSLIDGKGPIRFVLALLAFFRFTAIAPTRAVLDRWRGVNKQTAMKHLLSFKKELGTLTSAIN	GRPGRNRAVNMLKRGASRALGPMIKLKRMLFGLLDGRGPLRMVLAILAFFRFTALKPTAGLLKRWGMMDKVHALSLLKGFKKDLASMTDFVH
WN1|ABA62343.1|Flavi_capsid|6-123	Spondweni|ABI54480.1|Flavi_capsid|5-121	49.138	116	55	3	4	118	4	116	4.16e-29	92.8	GKSRAVNMLKRGMPRVLSLIG-LKRAMLSLIDGKGPIRFVLALLAFFRFTAIAPTRAVLDRWRGVNKQTAMKHLLSFKKELGTLTSAINRRSSKQKKRGGKTGIAVMIGLIASVGA	GSSRLVNMLRRGAARVIPPGGGLKRLPVGLLLGRGPIKMILAILAFLRFTAIKPSTGLINRWGKVGKKEAIKILTKFKADVGTMLRIINNR--KTKKRGVETGI-VFLALLVSIVA
WN1|ABA62343.1|Flavi_capsid|6-123	Zika_Africa|AAV34151.1|Flavi_capsid|12-122	49.541	109	53	2	7	115	1	107	1.81e-28	90.9	RAVNMLKRGMPRVLSLIGLKRAMLSLIDGKGPIRFVLALLAFFRFTAIAPTRAVLDRWRGVNKQTAMKHLLSFKKELGTLTSAINRRSSKQKKRGGKTGIAVMIGLIAS	RIVNMLKRGVARVNPLGGLKRLPAGLLLGHGPIRMVLAILAFLRFTAIKPSLGLINRWGSVGKKEAMEIIKKFKKDLAAMLRIINAR-KERKRRGADTSIGI-IGLLLT
WN1|ABA62343.1|Flavi_capsid|6-123	Zika_Brasil|AMB18850.1|Flavi_capsid|6-122	48.182	110	55	2	4	113	4	111	3.84e-28	90.5	GKSRAVNMLKRGMPRVLSLIGLKRAMLSLIDGKGPIRFVLALLAFFRFTAIAPTRAVLDRWRGVNKQTAMKHLLSFKKELGTLTSAINRRSSKQKKRGGKTGIAVMIGLI	GGFRIVNMLKRGVARVSPFGGLKRLPAGLLLGHGPIRMVLAILAFLRFTAIKPSLGLINRWGSVGKKEAMEIIKKFKKDLAAMLRIINARKEK-KRRGADTSVGI-VGLL
WN1|ABA62343.1|Flavi_capsid|6-123	Ilheus|AAV34155.1|Flavi_capsid|6-118	43.590	117	61	4	1	117	1	112	8.39e-26	84.3	GGPGKSRAVNMLKRGMPRVLSLIGLKRAMLSLIDGKGPIRFVLALLAFFRFTAIAPTRAVLDRWRGVNKQTAMKHLLSFKKELGTLTSAINRRSSKQKKRGGKTGIAVMIGLIASVG	GKSAAKRTVNMLKR-LASVSPSRG-RRTIRRMLDVRGAPRLILALMAFFRFAAIKPTLGLKKRWRSVNKTVAVKHLTNFKKELTTMLDSVNKR--KEKKKSFSTAL-LWITMITAVA
WN1|ABA62343.1|Flavi_capsid|6-123	Iguape|AAV34154.1|Flavi_capsid|6-103	43.878	98	54	1	1	97	1	98	7.51e-24	79.0	GGPGKSRAVNMLKRGMPRVLSLIGL-KRAMLSLIDGKGPIRFVLALLAFFRFTAIAPTRAVLDRWRGVNKQTAMKHLLSFKKELGTLTSAINRRSSKQ	GRSGNSRIVSMLKRGPSRVPNPVDLVKRTVGKLINGVGPLRLVLAMLTFFRFSALKPTAGLVKRWTKMKPAPAVKILQNFRKQLGSMIQTLSNRKKKR
WN1|ABA62343.1|Flavi_capsid|6-123	Kedougou|AAV34156.1|Flavi_capsid|4-115	45.455	88	47	1	6	93	6	92	2.27e-23	78.2	SRAVNMLKRGMPRVLSLIGLKRAMLSLIDGKGPIRFVLALLAFFRFTAIAPTRAVLDRWRGVNKQTAMKHLLSFKKELGTLTSAINRR	SRPINMLKR-FGSSAGLFGLKKILMKLLGGFGPVRLVLAFLAFFKFTSLRPSPGLLKRWSSVGKKEASRTLKGFKKDIGQMLNTINKR
WN1|ABA62343.1|Flavi_capsid|6-123	Naranjal|AIU94742.1|Flavi_capsid|6-123	41.525	118	68	1	1	117	1	118	5.36e-21	72.0	GGPGKSRAVNMLKRGMPRVLSLIGL-KRAMLSLIDGKGPIRFVLALLAFFRFTAIAPTRAVLDRWRGVNKQTAMKHLLSFKKELGTLTSAINRRSSKQKKRGGKTGIAVMIGLIASVG	GKPGVGRVVNMLKRTATNAASPVRLAKRLLGEAFSGRGPLRVILAVIAFFRFTAIKMSPALLKKWGTVEKGAALAIMKSFKKEIGNMLDTVSRRKTKGKKKRSSESSAMLILMVASMA
WN1|ABA62343.1|Flavi_capsid|6-123	Dengue_3|AAM51537.1|Flavi_capsid|5-114	40.541	111	57	2	8	117	8	110	9.09e-20	68.6	AVNMLKRGMPRVLSLIGL-KRAMLSLIDGKGPIRFVLALLAFFRFTAIAPTRAVLDRWRGVNKQTAMKHLLSFKKELGTLTSAINRRSSKQKKRGGKTGIAVMIGLIASVG	SINMLKRVRNRVSTGSQLAKRFSKGLLNGQGPMKLVMAFIAFLRFLAIPPTAGVLARWGTFKKSGAIKVLKGFKKEISNMLSIINQRK--------KTSLCLMMILPAALA
WN1|ABA62343.1|Flavi_capsid|6-123	Dengue_2|AAB58782.1|Flavi_capsid|5-114	40.659	91	53	1	4	93	4	94	1.98e-19	67.8	GKSRAVNMLKRGMPRVLSLIGL-KRAMLSLIDGKGPIRFVLALLAFFRFTAIAPTRAVLDRWRGVNKQTAMKHLLSFKKELGTLTSAINRR	AKNTPFNMLKRERNRVSTVQQLTKRFSLGMLQGRGPLKLFMALVAFLRFLTIPPTAGILKRWGTIKKSKAINVLRGFRKEIGRMLNILNRR
WN1|ABA62343.1|Flavi_capsid|6-123	Dengue_1|AAB70695.1|Flavi_capsid|5-114	43.678	87	48	1	8	93	8	94	2.62e-19	67.4	AVNMLKRGMPRVLSLIGL-KRAMLSLIDGKGPIRFVLALLAFFRFTAIAPTRAVLDRWRGVNKQTAMKHLLSFKKELGTLTSAINRR	SFNMLKRARNRVSTVSQLAKRFSKGLLSGQGPMKLVMAFIAFLRFLAIPPTAGILARWGSFKKNGAIKVLRGFKKEISNMLNIMNRR
WN1|ABA62343.1|Flavi_capsid|6-123	Dengue_4|AAG45435.1|Flavi_capsid|4-113	39.091	110	57	2	10	118	10	110	1.46e-18	65.5	NMLKRGMPRVLSLIGL-KRAMLSLIDGKGPIRFVLALLAFFRFTAIAPTRAVLDRWRGVNKQTAMKHLLSFKKELGTLTSAINRRSSKQKKRGGKTGIAVMIGLIASVGA	NMLKRERNRVSTPQGLVKRFSTGLFSGKGPLRMVLAFITFLRVLSIPPTAGILKRWGQLKKNKAIKILIGFRKEIGRMLNILN---------GRKRSTITLLCLIPTVMA
