WN1|ABA62343.1|Flavivirus_RdRp|2850-3416	Usutu|AAS59402.1|Flavivirus_RdRp|2851-3417	100.000	567	0	0	1	567	568	1134	0.0	1173	LVNGVVRLLSKPWDTITNVTTMAMTDTTPFGQQRVFKEKVDTKAPEPPEGVKYVLNETTNWLWAFLAREKRPRMCSREEFIRKVNSNAALGAMFEEQNQWRSAREAVEDPKFWEMVDEEREAHLRGECHTCIYNMMGKREKKPGEFGKAKGSRAIWFMWLGARFLEFEALGFLNEDHWLGRKNSGGGVEGLGLQKLGYILREVGTRPGGKIYADDTAGWDTRITRADLENEAKVLELLDGEHRRLARAIIELTYRHKVVKVMRPAADGRTVMDVISREDQRGSGQVVTYALNTFTNLAVQLVRMMEGEGVIGPDDVEKLTKGKGPKVRTWLFENGEERLSRMAVSGDDCVVKPLDDRFATSLHFLNAMSKVRKDIQEWKPSTGWYDWQQVPFCSNHFTELIMKDGRTLVVPCRGQDELVGRARISPGAGWNVRDTACLAKSYAQMWLLLYFHRRDLRLMANAICSAVPVNWVPTGRTTWSIHAGGEWMTTEDMLEVWNRVWIEENEWMEDKTPVEKWSDVPYSGKREDIWCGSLIGTRARATWAENIQVAINQVRAIIGDEKYVDYM	LVNGVVRLLSKPWDTITNVTTMAMTDTTPFGQQRVFKEKVDTKAPEPPEGVKYVLNETTNWLWAFLAREKRPRMCSREEFIRKVNSNAALGAMFEEQNQWRSAREAVEDPKFWEMVDEEREAHLRGECHTCIYNMMGKREKKPGEFGKAKGSRAIWFMWLGARFLEFEALGFLNEDHWLGRKNSGGGVEGLGLQKLGYILREVGTRPGGKIYADDTAGWDTRITRADLENEAKVLELLDGEHRRLARAIIELTYRHKVVKVMRPAADGRTVMDVISREDQRGSGQVVTYALNTFTNLAVQLVRMMEGEGVIGPDDVEKLTKGKGPKVRTWLFENGEERLSRMAVSGDDCVVKPLDDRFATSLHFLNAMSKVRKDIQEWKPSTGWYDWQQVPFCSNHFTELIMKDGRTLVVPCRGQDELVGRARISPGAGWNVRDTACLAKSYAQMWLLLYFHRRDLRLMANAICSAVPVNWVPTGRTTWSIHAGGEWMTTEDMLEVWNRVWIEENEWMEDKTPVEKWSDVPYSGKREDIWCGSLIGTRARATWAENIQVAINQVRAIIGDEKYVDYM
WN1|ABA62343.1|Flavivirus_RdRp|2850-3416	Usutu|AAS59402.1|Flavivirus_RdRp|2851-3417	85.714	567	81	0	1	567	1	567	0.0	1038	LVNGVVRLLSKPWDTITNVTTMAMTDTTPFGQQRVFKEKVDTKAPEPPEGVKYVLNETTNWLWAFLAREKRPRMCSREEFIRKVNSNAALGAMFEEQNQWRSAREAVEDPKFWEMVDEEREAHLRGECHTCIYNMMGKREKKPGEFGKAKGSRAIWFMWLGARFLEFEALGFLNEDHWLGRKNSGGGVEGLGLQKLGYILREVGTRPGGKIYADDTAGWDTRITRADLENEAKVLELLDGEHRRLARAIIELTYRHKVVKVMRPAADGRTVMDVISREDQRGSGQVVTYALNTFTNLAVQLVRMMEGEGVIGPDDVEKLTKGKGPKVRTWLFENGEERLSRMAVSGDDCVVKPLDDRFATSLHFLNAMSKVRKDIQEWKPSTGWYDWQQVPFCSNHFTELIMKDGRTLVVPCRGQDELVGRARISPGAGWNVRDTACLAKSYAQMWLLLYFHRRDLRLMANAICSAVPVNWVPTGRTTWSIHAGGEWMTTEDMLEVWNRVWIEENEWMEDKTPVEKWSDVPYSGKREDIWCGSLIGTRARATWAENIQVAINQVRAIIGDEKYVDYM	LVNGVVRLMSKPWDAILNVTTMAMTDTTPFGQQRVFKEKVDTKAPEPPSGVREVMDETTNWLWAFLAREKKPRLCTREEFKRKVNSNAALGAMFEEQNQWSSAREAVEDPRFWEMVDEERENHLKGECHTCIYNMMGKREKKLGEFGKAKGSRAIWFMWLGARFLEFEALGFLNEDHWLGRKNSGGGVEGLGVQKLGYILREMSHHSGGKMYADDTAGWDTRITRADLDNEAKVLELMEGEHRQLARAIIELTYKHKVVKVMRPGTDGKTVMDVISREDQRGSGQVVTYALNTFTNIAVQLIRLMEAEGVIGQEHLESLPRKTKYAVRTWLFENGEERVTRMAVSGDDCVVKPLDDRFANALHFLNSMSKVRKDVPEWKPSSGWHDWQQVPFCSNHFQELIMKDGRTLVVPCRGQDELIGRARVSPGSGWNVRDTACLAKAYAQMWLLLYFHRRDLRLMANAICSAVPSNWVPTGRTSWSVHATGEWMTTDDMLEVWNKVWIQDNEWMLDKTPVQSWTDIPYTGKREDIWCGSLIGTRTRATWAENIYAAINQVRAIIGQEKYRDYM
WN1|ABA62343.1|Flavivirus_RdRp|2850-3416	Kunjin|BAA00176.1|Flavivirus_RdRp|2850-3416	99.295	567	4	0	1	567	1	567	0.0	1164	LVNGVVRLLSKPWDTITNVTTMAMTDTTPFGQQRVFKEKVDTKAPEPPEGVKYVLNETTNWLWAFLAREKRPRMCSREEFIRKVNSNAALGAMFEEQNQWRSAREAVEDPKFWEMVDEEREAHLRGECHTCIYNMMGKREKKPGEFGKAKGSRAIWFMWLGARFLEFEALGFLNEDHWLGRKNSGGGVEGLGLQKLGYILREVGTRPGGKIYADDTAGWDTRITRADLENEAKVLELLDGEHRRLARAIIELTYRHKVVKVMRPAADGRTVMDVISREDQRGSGQVVTYALNTFTNLAVQLVRMMEGEGVIGPDDVEKLTKGKGPKVRTWLFENGEERLSRMAVSGDDCVVKPLDDRFATSLHFLNAMSKVRKDIQEWKPSTGWYDWQQVPFCSNHFTELIMKDGRTLVVPCRGQDELVGRARISPGAGWNVRDTACLAKSYAQMWLLLYFHRRDLRLMANAICSAVPVNWVPTGRTTWSIHAGGEWMTTEDMLEVWNRVWIEENEWMEDKTPVEKWSDVPYSGKREDIWCGSLIGTRARATWAENIQVAINQVRAIIGDEKYVDYM	LVNGVVRLLSKPWDTITNVTTMAMTDTTPFGQQRVFKEKVDTKAPEPPEGVKYVLNETTNWLWAFLAREKRPRMCSREEFIRKVNSNAALGAMFEEQNQWRSAREAVEDPKFWEMVDEEREAHLRGECHTCIYNMMGKREKKPGEFGKAKGSRAIWFMWLGARFLEFEALGFLNEDHWLGRKNSGGGVEGLGLQKLGYILREVGTRPGGRIYADDTAGWDTRITRADLENEAKVLELLDGEHRRLARAIIELTYRHKVVKVMRPAADGRTVMDVISREDQRGSGQVVTYALNTFTNLAVQLVRMMEGEGVIGPDDVEKLTKGKGPKVRTWLSENGEERLSRMAVSGDDCVVKPLDDRFATSLHFLNAMSKVRKDIQEWKPSTGWYDWQQVPFCSNHFTELIMKDGRTLVTPCRGQDELVGRARISPGAGWNVRDTACLAKSYAQMWLLLYFHRRDLRLMANAICSAVPVNWVPTGRTTWSIHAGGEWMTTEDMLEVWNRVWIEENEWMEDKTPVEKWSDVPYSGKREDIWCGSLIGTRARATWAENIQVAINQVRSIIGDEKYVDYM
WN1|ABA62343.1|Flavivirus_RdRp|2850-3416	WNV2|AAA48498.2|Flavivirus_RdRp|2847-3413	95.944	567	23	0	1	567	1	567	0.0	1137	LVNGVVRLLSKPWDTITNVTTMAMTDTTPFGQQRVFKEKVDTKAPEPPEGVKYVLNETTNWLWAFLAREKRPRMCSREEFIRKVNSNAALGAMFEEQNQWRSAREAVEDPKFWEMVDEEREAHLRGECHTCIYNMMGKREKKPGEFGKAKGSRAIWFMWLGARFLEFEALGFLNEDHWLGRKNSGGGVEGLGLQKLGYILREVGTRPGGKIYADDTAGWDTRITRADLENEAKVLELLDGEHRRLARAIIELTYRHKVVKVMRPAADGRTVMDVISREDQRGSGQVVTYALNTFTNLAVQLVRMMEGEGVIGPDDVEKLTKGKGPKVRTWLFENGEERLSRMAVSGDDCVVKPLDDRFATSLHFLNAMSKVRKDIQEWKPSTGWYDWQQVPFCSNHFTELIMKDGRTLVVPCRGQDELVGRARISPGAGWNVRDTACLAKSYAQMWLLLYFHRRDLRLMANAICSAVPVNWVPTGRTTWSIHAGGEWMTTEDMLEVWNRVWIEENEWMEDKTPVEKWSDVPYSGKREDIWCGSLIGTRARATWAENIQVAINQVRAIIGDEKYVDYM	LVNGVVRLLSKPWDTITNVTTMAMTDTTPFGQQRVFKEKVDTKAPEPPEGVKYVLNETTNWLWAFLARDKKPRMCSREEFIGKVNSNAALGAMFEEQNQWKNAREAVEDPKFWEMVDEEREAHLRGECNTCIYNMMGKREKKPGEFGKAKGSRAIWFMWLGARFLEFEALGFLNEDHWLGRKNSGGGVEGLGLQKLGYILKEVGTKPGGKVYADDTAGWDTRITKADLENEAKVLELLDGEHRRLARSIIELTYRHKVVKVMRPAADGKTVMDVISREDQRGSGQVVTYALNTFTNLAVQLVRMMEGEGVIGPDDVEKLGKGKGPKVRTWLFENGEERLSRMAVSGDDCVVKPLDDRFATSLHFLNAMSKVRKDIQEWKPSTGWYDWQQVPFCSNHFTELIMKDGRTLVVPCRGQDELIGRARISPGAGWNVRDTACLAKSYAQMWLLLYFHRRDLRLMANAICSAVPANWVPTGRTTWSIHAKGEWMTTEDMLAVWNRVWIEENEWMEDKTPVERWSDVPYSGKREDIWCGSLIGTRTRATWAENIHVAINQVRSVIGEEKYVDYM
WN1|ABA62343.1|Flavivirus_RdRp|2850-3416	Yaounde|ABW76843.2|Flavivirus_RdRp|2847-3413	90.653	567	53	0	1	567	1	567	0.0	1084	LVNGVVRLLSKPWDTITNVTTMAMTDTTPFGQQRVFKEKVDTKAPEPPEGVKYVLNETTNWLWAFLAREKRPRMCSREEFIRKVNSNAALGAMFEEQNQWRSAREAVEDPKFWEMVDEEREAHLRGECHTCIYNMMGKREKKPGEFGKAKGSRAIWFMWLGARFLEFEALGFLNEDHWLGRKNSGGGVEGLGLQKLGYILREVGTRPGGKIYADDTAGWDTRITRADLENEAKVLELLDGEHRRLARAIIELTYRHKVVKVMRPAADGRTVMDVISREDQRGSGQVVTYALNTFTNLAVQLVRMMEGEGVIGPDDVEKLTKGKGPKVRTWLFENGEERLSRMAVSGDDCVVKPLDDRFATSLHFLNAMSKVRKDIQEWKPSTGWYDWQQVPFCSNHFTELIMKDGRTLVVPCRGQDELVGRARISPGAGWNVRDTACLAKSYAQMWLLLYFHRRDLRLMANAICSAVPVNWVPTGRTTWSIHAGGEWMTTEDMLEVWNRVWIEENEWMEDKTPVEKWSDVPYSGKREDIWCGSLIGTRARATWAENIQVAINQVRAIIGDEKYVDYM	LVNGVVRLLSKPWDMITGVTTMAMTDTTPFGQQRVFKEKVDTKAPEPPQGVKLVLNETTNWLWAYLAREKKPRMCSREEFIRKVNSHAALGAMFEEQNQWSSAREAVEDPKFWELVDEERKAHLRGECHTCIYNMMGKREKKPGEFGKAKGSRAIWYMWLGARFLEFEALGFLNEDHWMSRENSGGGVEGLGLQKLGYVLREVGKKAGGKIYADDTAGWDTRITMADLENEAKVLELLDGEHRRLARSIIELTYRHKVVKVMRPAAEGKTVMDVISREDQRGSGQVVTYALNTFTNIAVQLVRMMEAEGIVTPDDIEVLGKRKIPAVRTWLFEHAEERVQRMAVSGDDCVVKPLDDRFATSLHFLNAMSKVRKDIQEWKPSNGWYDWQQVPFCSNHFQELVMKDGRTIVVPCRGQDELIGRARISPGAGWNVRETACLAKAYAQMWLLMYFHRRDLRLMANAICSAVPVDWVPTGRTTWSIHAKGEWMTTEDMLEVWNRVWIEENEWMEDKTPVTSWSDVPYSGKREDIWCGSLIGTRARATWAENIYSAINQVRAIIGKEKFVDYM
WN1|ABA62343.1|Flavivirus_RdRp|2850-3416	Alfuy|AAX82481.1|Flavivirus_RdRp|2851-3417	87.654	567	70	0	1	567	1	567	0.0	1051	LVNGVVRLLSKPWDTITNVTTMAMTDTTPFGQQRVFKEKVDTKAPEPPEGVKYVLNETTNWLWAFLAREKRPRMCSREEFIRKVNSNAALGAMFEEQNQWRSAREAVEDPKFWEMVDEEREAHLRGECHTCIYNMMGKREKKPGEFGKAKGSRAIWFMWLGARFLEFEALGFLNEDHWLGRKNSGGGVEGLGLQKLGYILREVGTRPGGKIYADDTAGWDTRITRADLENEAKVLELLDGEHRRLARAIIELTYRHKVVKVMRPAADGRTVMDVISREDQRGSGQVVTYALNTFTNLAVQLVRMMEGEGVIGPDDVEKLTKGKGPKVRTWLFENGEERLSRMAVSGDDCVVKPLDDRFATSLHFLNAMSKVRKDIQEWKPSTGWYDWQQVPFCSNHFTELIMKDGRTLVVPCRGQDELVGRARISPGAGWNVRDTACLAKSYAQMWLLLYFHRRDLRLMANAICSAVPVNWVPTGRTTWSIHAGGEWMTTEDMLEVWNRVWIEENEWMEDKTPVEKWSDVPYSGKREDIWCGSLIGTRARATWAENIQVAINQVRAIIGDEKYVDYM	LVNGVVRMLSKPWDAITSVTTMAMTDTTPFGQQRVFKEKVDTKAPEPPAGVKEVMNETTNWLWAFLARRKRARMCSREEFKQKVNSHAALGAMFEEQNQWKNAREAVEDPIFWNMVDEERECHLRGECRTCIYNMMGKREKKPGEFGKAKGSRAIWFMWLGARFLEFEALGFLNEDHWLSRENSGGGVEGAGIQKLGYILREVGTKAGGKIYADDTAGWDTRITKADLENEAKVLELMQGEHRTLARAIIELTYRHKVVKVMRPAAGGKTVMDVISREDQRGSGQVVTYALNTFTNIAVQLIRLMEAEGVIGPEDLENLERKKKYLVRTWLFENGEERVSRMAVSGDDCVVKPLDDRFAGALHFLNAMSKVRKDIQEWKPSQGWYDWQQVPFCSNHFLELVMKDGRSLVVPCRGQDELIGRARISPGAGWNVRDTACLAKAYAQMWLLLYFHRRDLRIMANAICSAVPVNWVPTGRTTWSVHAKGEWMTTADMLEVWNRVWIQDNEWMQDKTPITSWADVPYSGKREDIWCGSLIGTRPRSTWAENIYAAINQVRSIIGKEEYRDYM
WN1|ABA62343.1|Flavivirus_RdRp|2850-3416	Murray|AAF05296.1|Flavivirus_RdRp|2851-3416	86.219	566	78	0	1	566	1	566	0.0	1040	LVNGVVRLLSKPWDTITNVTTMAMTDTTPFGQQRVFKEKVDTKAPEPPEGVKYVLNETTNWLWAFLAREKRPRMCSREEFIRKVNSNAALGAMFEEQNQWRSAREAVEDPKFWEMVDEEREAHLRGECHTCIYNMMGKREKKPGEFGKAKGSRAIWFMWLGARFLEFEALGFLNEDHWLGRKNSGGGVEGLGLQKLGYILREVGTRPGGKIYADDTAGWDTRITRADLENEAKVLELLDGEHRRLARAIIELTYRHKVVKVMRPAADGRTVMDVISREDQRGSGQVVTYALNTFTNLAVQLVRMMEGEGVIGPDDVEKLTKGKGPKVRTWLFENGEERLSRMAVSGDDCVVKPLDDRFATSLHFLNAMSKVRKDIQEWKPSTGWYDWQQVPFCSNHFTELIMKDGRTLVVPCRGQDELVGRARISPGAGWNVRDTACLAKSYAQMWLLLYFHRRDLRLMANAICSAVPVNWVPTGRTTWSIHAGGEWMTTEDMLEVWNRVWIEENEWMEDKTPVEKWSDVPYSGKREDIWCGSLIGTRARATWAENIQVAINQVRAIIGDEKYVDY	LVNGVVRLLSKPWDAITGVTTMAMTDTTPFGQQRVFKEKVDTKAPEPPQGVKTVMDETTNWLWAYLARNKKARLCTREEFVKKVNSHAALGAMFEEQNQWKNAREAVEDPKFWEMVDEERECHLRGECRTCIYNMMGKREKKPGEFGKAKGSRAIWFMWLGARFLEFEALGFLNEDHWMSRENSGGGVEGAGIQKLGYILRDVAQKPGGKIYADDTAGWDTRITQADLENEAKVLELMEGEQRTLARAIIELTYRHKVVKVMRPAAGGKTVMDVISREDQRGSGQVVTYALNTFTNIAVQLVRLMEAEAVIGPDDIESIERKKKFAVRTWLFENAEERVQRMAVSGDDCVVKPLDDRFSTALHFLNAMSKVRKDIQEWKPSQGWYDWQQVPFCSNHFQEVIMKDGRTLVVPCRGQDELIGRARISPGSGWNVRDTACLAKAYAQMWLVLYFHRRDLRLMANAICSSVPVDWVPTGRTTWSIHGKGEWMTTEDMLSVWNRVWILENEWMEDKTTVSDWTEVPYVGKREDIWCGSLIGTRTRATWAENIYAAINQVRSVIGKEKYVDY
WN1|ABA62343.1|Flavivirus_RdRp|2850-3416	Japanese_Encephalitis|AAA81554.1|Flavivirus_RdRp|2849-3415	85.714	567	81	0	1	567	1	567	0.0	1023	LVNGVVRLLSKPWDTITNVTTMAMTDTTPFGQQRVFKEKVDTKAPEPPEGVKYVLNETTNWLWAFLAREKRPRMCSREEFIRKVNSNAALGAMFEEQNQWRSAREAVEDPKFWEMVDEEREAHLRGECHTCIYNMMGKREKKPGEFGKAKGSRAIWFMWLGARFLEFEALGFLNEDHWLGRKNSGGGVEGLGLQKLGYILREVGTRPGGKIYADDTAGWDTRITRADLENEAKVLELLDGEHRRLARAIIELTYRHKVVKVMRPAADGRTVMDVISREDQRGSGQVVTYALNTFTNLAVQLVRMMEGEGVIGPDDVEKLTKGKGPKVRTWLFENGEERLSRMAVSGDDCVVKPLDDRFATSLHFLNAMSKVRKDIQEWKPSTGWYDWQQVPFCSNHFTELIMKDGRTLVVPCRGQDELVGRARISPGAGWNVRDTACLAKSYAQMWLLLYFHRRDLRLMANAICSAVPVNWVPTGRTTWSIHAGGEWMTTEDMLEVWNRVWIEENEWMEDKTPVEKWSDVPYSGKREDIWCGSLIGTRARATWAENIQVAINQVRAIIGDEKYVDYM	LVNGVVKLMSKPWDAIANVTTMAMTDTTPFGQQRVFKEKVDTKAPEPPAGAKEVLNETTNWLWAHLSREKRPRLCTKEEFIKKVNSNAALGAVFAEQNQWSTAREAVDDPRFWEMVDEERENHLRGECHTCIYNMMGKREKKPGEFGKAKGSRAIWFMWLGARYLEFEALGFLNEDHWLSRENSGGGVEGSGVQKLGYILRDIAGKQGGKMYADDTAGWDTRITRTDLENEAKVLELLDGEHRMLARAIIELTYRHKVVKVMRPAAEGKTVMDVISREDQRGSGQVVTYALNTFTNIAVQLVRLMEAEGVIGPQHLEQLPRKTKIAVRTWLFENGEERVTRMAISGDDCVVKPLDDRFATALHFLNAMSKVRKDIQEWKPSHGWHDWQQVPFCSNHFQEIVMKDGRSIVVPCRGQDELIGRARISPGAGWNVKDTACLAKAYAQMWLLLYFHRRDLRLMANAICSAVPVDWVPTGRTSWSIHSKGEWMTTEDMLQVWNRVWIEENEWMMDKTPITSWTDVPYVGKREDIWCGSLIGTRSRATWAENIYAAINQVRAVIGKENYVDYM
WN1|ABA62343.1|Flavivirus_RdRp|2850-3416	Saint_Louis|ABG37975.1|Flavivirus_RdRp|2846-3412	79.894	567	114	0	1	567	1	567	0.0	971	LVNGVVRLLSKPWDTITNVTTMAMTDTTPFGQQRVFKEKVDTKAPEPPEGVKYVLNETTNWLWAFLAREKRPRMCSREEFIRKVNSNAALGAMFEEQNQWRSAREAVEDPKFWEMVDEEREAHLRGECHTCIYNMMGKREKKPGEFGKAKGSRAIWFMWLGARFLEFEALGFLNEDHWLGRKNSGGGVEGLGLQKLGYILREVGTRPGGKIYADDTAGWDTRITRADLENEAKVLELLDGEHRRLARAIIELTYRHKVVKVMRPAADGRTVMDVISREDQRGSGQVVTYALNTFTNLAVQLVRMMEGEGVIGPDDVEKLTKGKGPKVRTWLFENGEERLSRMAVSGDDCVVKPLDDRFATSLHFLNAMSKVRKDIQEWKPSTGWYDWQQVPFCSNHFTELIMKDGRTLVVPCRGQDELVGRARISPGAGWNVRDTACLAKSYAQMWLLLYFHRRDLRLMANAICSAVPVNWVPTGRTTWSIHAGGEWMTTEDMLEVWNRVWIEENEWMEDKTPVEKWSDVPYSGKREDIWCGSLIGTRARATWAENIQVAINQVRAIIGDEKYVDYM	MVNGVVRLLSKPWDMITNVTTMAMTDTTPFGQQRVFKEKVDTKAPEPPLGVAQIMDVTTDWLWDFVAREKKPRVCTPEEFKAKVNSHAALGAMFEEQNQWSSAREAVEDPKFWEMVDEEREAHLKGECHTCIYNMMGKREKKTGEFGKAKGSRAIWYMWLGARFLEFEALGFLNEDHWMSRENSYGGVEGKGLQKLGYILQEISQIPGGKMYADDTAGWDTRITKEDLKNEAKITKRMEERHRKLAEAIIDLTYRHKVVKVMRPGPDGKTYMDVISREDQRGSGQVVTYALNTFTNLAVQLIRCMEAEGVVDEDDITRVRLGRLAKAVEWLRKNGPERLSRMAVSGDDCVVKPIDDRFATALHFLNNMSKIRKDIQEWKPSTGWHNWQEVPFCSHHFNELMLKDGRTIVVPCRSQDELIGRARISPGAGWNVKETACLSKSYAQMWLLMYFHRRDLRMMANAICSAVPVNWVPTGRTTWSIHGKGEWMTTEDMLSVWNRVWIEENEYMKDKTPLAAWNDIPYLGKREDIWCGSLIGTRTRATWAENIYAPIMQIRNLIGEEEYRDYM
WN1|ABA62343.1|Flavivirus_RdRp|2850-3416	Ilheus|AAV34155.1|Flavivirus_RdRp|2840-3406	78.131	567	124	0	1	567	1	567	0.0	947	LVNGVVRLLSKPWDTITNVTTMAMTDTTPFGQQRVFKEKVDTKAPEPPEGVKYVLNETTNWLWAFLAREKRPRMCSREEFIRKVNSNAALGAMFEEQNQWRSAREAVEDPKFWEMVDEEREAHLRGECHTCIYNMMGKREKKPGEFGKAKGSRAIWFMWLGARFLEFEALGFLNEDHWLGRKNSGGGVEGLGLQKLGYILREVGTRPGGKIYADDTAGWDTRITRADLENEAKVLELLDGEHRRLARAIIELTYRHKVVKVMRPAADGRTVMDVISREDQRGSGQVVTYALNTFTNLAVQLVRMMEGEGVIGPDDVEKLTKGKGPKVRTWLFENGEERLSRMAVSGDDCVVKPLDDRFATSLHFLNAMSKVRKDIQEWKPSTGWYDWQQVPFCSNHFTELIMKDGRTLVVPCRGQDELVGRARISPGAGWNVRDTACLAKSYAQMWLLLYFHRRDLRLMANAICSAVPVNWVPTGRTTWSIHAGGEWMTTEDMLEVWNRVWIEENEWMEDKTPVEKWSDVPYSGKREDIWCGSLIGTRARATWAENIQVAINQVRAIIGDEKYVDYM	MVNGVVRLLSKPWDAITSVVTMAMTDTTPFGQQRVFKEKVDTRAPDPAVGVAQALDITTGWLWTFLARSKKPRMCTREEFIAKVNSNAALGAVFDEQNQWSTAREAVEDPAFWNLVDEERKAHLAGRCETCIYNMMGKREKKLGEFGKAKGSRAIWYMWLGARFLEFEALGFLNEDHWMSRENSLGGVEGQGLQKLGYILRDISHLEGGNMFADDTAGWDTRITRADLENEAKVMNMMDGEHKQLAKAIIELTYRHKVVKVMRPARGGKTVMDIISREDQRGSGQVVTYALNTFTNLAAQLVRCMEGEELLTESDVHGLSPKKKQAVRNWLIQNGRERLSRMAVSGDDCVVKPIDDRFASALHFLNGMAKIRKDTQEWKPSVGWSNWQEVPFGSHHFNELLMKDGRTIVVPCRSQDELVGRARVSPGSGWSLRETACLSKAYAQMWLLMYFHRRDLRLMANAICSAVPVDWVPTGRTTWSIHGKGEWMTTEDMLQVWNRVWIEDNEHMEDKTPITSWTDIPYIGKREDQWCGSLIGTRQRATWAENIYTPIMQIRNLIGDEKYVDCM
WN1|ABA62343.1|Flavivirus_RdRp|2850-3416	Bagaza|AAV34161.1|Flavivirus_RdRp|2843-3409	75.309	567	140	0	1	567	1	567	0.0	919	LVNGVVRLLSKPWDTITNVTTMAMTDTTPFGQQRVFKEKVDTKAPEPPEGVKYVLNETTNWLWAFLAREKRPRMCSREEFIRKVNSNAALGAMFEEQNQWRSAREAVEDPKFWEMVDEEREAHLRGECHTCIYNMMGKREKKPGEFGKAKGSRAIWFMWLGARFLEFEALGFLNEDHWLGRKNSGGGVEGLGLQKLGYILREVGTRPGGKIYADDTAGWDTRITRADLENEAKVLELLDGEHRRLARAIIELTYRHKVVKVMRPAADGRTVMDVISREDQRGSGQVVTYALNTFTNLAVQLVRMMEGEGVIGPDDVEKLTKGKGPKVRTWLFENGEERLSRMAVSGDDCVVKPLDDRFATSLHFLNAMSKVRKDIQEWKPSTGWYDWQQVPFCSNHFTELIMKDGRTLVVPCRGQDELVGRARISPGAGWNVRDTACLAKSYAQMWLLLYFHRRDLRLMANAICSAVPVNWVPTGRTTWSIHAGGEWMTTEDMLEVWNRVWIEENEWMEDKTPVEKWSDVPYSGKREDIWCGSLIGTRARATWAENIQVAINQVRAIIGDEKYVDYM	MVNGVVKVLSKPWDALQNVVNMAMTDTTPFGQQRVFKEKVDTKAPEPPRGTSEVMKITARWMWDFVGRNKRPRICTKEEFIEKVNSHAALGAIFKEQNKWASAREAVEDPAFWELVDQEREAHLQGKCETCIYNMMGKREKKMGEFGKAKGSRAIWYMWLGSRFLEFEALGFLNEDHWMSRENTLGGVEGMGLQKLGYVLRDMAGKEGGLMYADDTAGWDTRITKADLENEALILERMDPEHRRLAESLIKFAYMNKVVKVMRPGREGITVMDVISREDQRGSGQVVTYALNTFTNLCVQLIRCMEGEGLLKPEEVEGLERGKHKKIQDWLGKNGRERLAAMAVSGDDCVVKPKDDRFATALHFLNSMSKIRKDIPEWKPSTGWRNWQDVPFCSHHFHELNMKDGRTIVVPCRHQDELIGRARLSPGSGWSLTETACLSKAYGQMWLLMYFHRRDLRLMANAICSSVPVSWVPTGRTTWSIHGKGEWMTTEDMLRVWNRVWIEENEHMEDKTPVASWNDVPYLGKREDSWCGSLIGHRTRSTWAENIYTPIMQIRALIGPERYVDYM
WN1|ABA62343.1|Flavivirus_RdRp|2850-3416	Ntaya|AFS89612.2|Flavivirus_RdRp|2844-3410	75.309	567	140	0	1	567	1	567	0.0	916	LVNGVVRLLSKPWDTITNVTTMAMTDTTPFGQQRVFKEKVDTKAPEPPEGVKYVLNETTNWLWAFLAREKRPRMCSREEFIRKVNSNAALGAMFEEQNQWRSAREAVEDPKFWEMVDEEREAHLRGECHTCIYNMMGKREKKPGEFGKAKGSRAIWFMWLGARFLEFEALGFLNEDHWLGRKNSGGGVEGLGLQKLGYILREVGTRPGGKIYADDTAGWDTRITRADLENEAKVLELLDGEHRRLARAIIELTYRHKVVKVMRPAADGRTVMDVISREDQRGSGQVVTYALNTFTNLAVQLVRMMEGEGVIGPDDVEKLTKGKGPKVRTWLFENGEERLSRMAVSGDDCVVKPLDDRFATSLHFLNAMSKVRKDIQEWKPSTGWYDWQQVPFCSNHFTELIMKDGRTLVVPCRGQDELVGRARISPGAGWNVRDTACLAKSYAQMWLLLYFHRRDLRLMANAICSAVPVNWVPTGRTTWSIHAGGEWMTTEDMLEVWNRVWIEENEWMEDKTPVEKWSDVPYSGKREDIWCGSLIGTRARATWAENIQVAINQVRAIIGDEKYVDYM	MVNGVVRVLSKPWDTLQSVVNMAMTDTTPFGQQRVFKEKVDTKAPEPPKGTAEVMRVTAKWMWKFVGRSKTPRVCTKEEFIAKVNSHAALGAIFKEQNRWASAREAVEDPAFWEMVDREREAHLQGRCEMCTYNMMGKREKKMGEFGKAKGSRAIWYMWLGSRYLEFEALGFLNEDHWMSRENTLGGVEGLGLQKLGYVLRDIAKNPGGLMYADDTAGWDTRITKADLENESIVLEMMTPEHRALAEPLIKFAYMNKVVKVMRPGADGITVMDVISREDQRGSGQVVTYALNTFTNLCVQLIRCMEGEGLLKPEEVEKLERGKQRKIQDWLDKNGTERLASMAVSGDDCVVKPKDDRFATALHFLNSMSKIRKDIPEWKQSTGWRNWQDVPFCSHHFHELTMKDGRQIVVPCRHQDELIGRARLSPGSGWSLTETACLSKAYGQMWLLMYFHRRDLRLMANAICSAVPVSWVPTGRTTWSIHGKGEWMTTEDMLRVWNRVWIEENEHMEDKTPVSSWNDVPYLGKREDSWCGSLIGHRARSTWAENIYTPIMQIRGLIGPERYVDYM
WN1|ABA62343.1|Flavivirus_RdRp|2850-3416	Tembusu|AEJ87340.1|Flavivirus_RdRp|2842-3408	75.132	567	141	0	1	567	1	567	0.0	894	LVNGVVRLLSKPWDTITNVTTMAMTDTTPFGQQRVFKEKVDTKAPEPPEGVKYVLNETTNWLWAFLAREKRPRMCSREEFIRKVNSNAALGAMFEEQNQWRSAREAVEDPKFWEMVDEEREAHLRGECHTCIYNMMGKREKKPGEFGKAKGSRAIWFMWLGARFLEFEALGFLNEDHWLGRKNSGGGVEGLGLQKLGYILREVGTRPGGKIYADDTAGWDTRITRADLENEAKVLELLDGEHRRLARAIIELTYRHKVVKVMRPAADGRTVMDVISREDQRGSGQVVTYALNTFTNLAVQLVRMMEGEGVIGPDDVEKLTKGKGPKVRTWLFENGEERLSRMAVSGDDCVVKPLDDRFATSLHFLNAMSKVRKDIQEWKPSTGWYDWQQVPFCSNHFTELIMKDGRTLVVPCRGQDELVGRARISPGAGWNVRDTACLAKSYAQMWLLLYFHRRDLRLMANAICSAVPVNWVPTGRTTWSIHAGGEWMTTEDMLEVWNRVWIEENEWMEDKTPVEKWSDVPYSGKREDIWCGSLIGTRARATWAENIQVAINQVRAIIGDEKYVDYM	MVNGVVRILSKPWDTLQNVVNMAMTDTTPFGQQRVFKEKVDTKAPEPPAGTARVMNIVARWMWNFVGRNKQPRMCTKEEFIEKVNSNAALGAMFEEQHKWASAREAVEDPEFWSLVDRERELHLQGKCETCIYNMMGKREKKMGEFGKAKGSRAIWYMWLGARFLEFEALGFLNEDHWMSRENTKGGVEGLGLQKLGYVLRDISAKEGGLMYADDTAGWDTRITKADLENEAIILEKMEPMHRAVAEPLIKFAYMNKVVKVMRPGRDGKTVMDVISREDQRGSGQVVTYALNTFTNLCVQLIRCMEGEELLLPEETERLKKGKEKRIQEWLQKNGENRLSAMAVSGDDCVVKPADDRFATALHFLNSMSKVRKDTQEWKPSTGWRNWQEVPFCSHHFHELQMKDGRKIVVPCRDQDELIGRARLSPGSGWSLTETARLSKAYAQMWLLMYFHRRDLRLMANAICSSVPVSWVPTGRTTWSIHGKGEWMTSEDMLAVWNRVWIEENEHMEDKTPVTSWNEVPYLGKREDGWCGSLIGHRARSTWAENIYTPIMQIRALIGPEHYVDYM
WN1|ABA62343.1|Flavivirus_RdRp|2850-3416	Spondweni|ABI54480.1|Flavivirus_RdRp|2847-3412	74.868	569	138	3	1	567	1	566	0.0	892	LVNGVVRLLSKPWDTITNVTTMAMTDTTPFGQQRVFKEKVDTKAPEPPEGVKYVLNETTNWLWAFLAREKRPRMCSREEFIRKVNSNAALGAMFEEQNQWRSAREAVEDPKFWEMVDEEREAHLRGECHTCIYNMMGKREKKPGEFGKAKGSRAIWFMWLGARFLEFEALGFLNEDHWLGRKNSGGGVEGLGLQKLGYILREVGTRPGGKIYADDTAGWDTRITRADLENEAKVLELLDGEHRRLARAIIELTYRHKVVKVMRPAADGRTVMDVISREDQRGSGQVVTYALNTFTNLAVQLVRMMEGEGVIGPDDVEKLTKGKGP-KVRTWLFENGEERLSRMAVSGDDCVVKPLDDRFATSLHFLNAMSKVRKDIQEWKPSTGWYDWQQVPFCSNHFTELIMKDGRTLVVPCRGQDELVGRARISPGAGWNVRDTACLAKSYAQMWLLLYFHRRDLRLMANAICSAVPVNWVPTGRTTWSIHAGGEWMTTEDMLEVWNRVWIEENEWMEDKTPVEKWSDVPYSGKREDIWCGSLIGTRARATWAENIQVAINQVRAIIGD-EKYVDYM	MVNGVVRLLSKPWDALSSVTNIAMTDTTPFGQQRVFKEKVDTRTPDPKQGTQRVMAITSQWLWDRLARNKTPRMCTRQEFINKVNSHAALGPVFREQQGWGSAAEAVVDPRFWELVDNEREAHLRGECLTCVYNMMGKREKKLGEFGKAKGSRAIWYMWLGARFLEFEALGFLNEDHWLSRENSGGGVEGLGLQKLGYILEEISRRPGGKMYADDTAGWDTRITKCDLENEARILEKMDGIHKKLARAVIELTYKHKVVRVLRPAPQGKVVMDIISRPDQRGSGQVVTYALNTYTNLVVQLIRNMEAEAVINERDMEEL---QNPWKVINWLEGNGWDRLRSMAVSGDDCVVKPMDDRFAYALNFLNDMGKVRKDVQEWKPSPGWTNWEEVPFCSHHFNKLPMKDGRTIIVPCRHQDELIGRARVSPGKGWSLSETACLGKSYAQMWLLLYFHRRDLRLMANAICSAVPVSWVPTGRTTWSIHGRGEWMTTEDMLEVWNRVWIIENEYMEDKTPVTEWTDVPYLGKREDLWCGSLIGHRPRSTWAENIWAAIYQVRRAIGETEEYRDYM
WN1|ABA62343.1|Flavivirus_RdRp|2850-3416	Zika_Africa|AAV34151.1|Flavivirus_RdRp|2837-3402	73.415	568	148	2	1	567	1	566	0.0	883	LVNGVVRLLSKPWDTITNVTTMAMTDTTPFGQQRVFKEKVDTKAPEPPEGVKYVLNETTNWLWAFLAREKRPRMCSREEFIRKVNSNAALGAMFEEQNQWRSAREAVEDPKFWEMVDEEREAHLRGECHTCIYNMMGKREKKPGEFGKAKGSRAIWFMWLGARFLEFEALGFLNEDHWLGRKNSGGGVEGLGLQKLGYILREVGTRPGGKIYADDTAGWDTRITRADLENEAKVLELLDGEHRRLARAIIELTYRHKVVKVMRPAADGRTVMDVISREDQRGSGQVVTYALNTFTNLAVQLVRMMEGEGVIGPDDVEKLTKGKGPKVRTWLFENGEERLSRMAVSGDDCVVKPLDDRFATSLHFLNAMSKVRKDIQEWKPSTGWYDWQQVPFCSNHFTELIMKDGRTLVVPCRGQDELVGRARISPGAGWNVRDTACLAKSYAQMWLLLYFHRRDLRLMANAICSAVPVNWVPTGRTTWSIHAGGEWMTTEDMLEVWNRVWIEENEWMEDKTPVEKWSDVPYSGKREDIWCGSLIGTRARATWAENIQVAINQVRAIIGD-EKYVDYM	LVNGVVRLLSKPWDVVTGVTGIAMTDTTPYGQQRVFKEKVDTRVPDPQEGTRQVMNIVSSWLWKELGKRKRPRVCTKEEFINKVRSNAALGAIFEEEKEWKTAVEAVNDPRFWALVDREREHHLRGECHSCVYNMMGKREKKQGEFGKAKGSRAIWYMWLGARFLEFEALGFLNEDHWMGRENSGGGVEGLGLQRLGYILEEMNRAPGGKMYADDTAGWDTRISKFDLENEALITNQMEEGHRTLALAVIKYTYQNKVVKVLRPAEGGKTVMDIISRQDQRGSGQVVTYALNTFTNLVVQLIRNMEAEEVLEMQDLWLLRKPE--KVTRWLQSNGWDRLKRMAVSGDDCVVKPIDDRFAHALRFLNDMGKVRKDTQEWKPSTGWSNWEEVPFCSHHFNKLYLKDGRSIVVPCRHQDELIGRARVSPGAGWSIRETACLAKSYAQMWQLLYFHRRDLRLMANAICSAVPVDWVPTGRTTWSIHGKGEWMTTEDMLMVWNRVWIEENDHMEDKTPVTKWTDIPYLGKREDLWCGSLIGHRPRTTWAENIKDTVNMVRRIIGDEEKYMDYL
WN1|ABA62343.1|Flavivirus_RdRp|2850-3416	Naranjal|AIU94742.1|Flavivirus_RdRp|2844-3411	71.831	568	159	1	1	567	1	568	0.0	882	LVNGVVRLLSKPWDTITNVTTMAMTDTTPFGQQRVFKEKVDTKAPEPPEGVKYVLNETTNWLWAFLAREKRPRMCSREEFIRKVNSNAALGAMFEEQNQWRSAREAVEDPKFWEMVDEEREAHLRGECHTCIYNMMGKREKKPGEFGKAKGSRAIWFMWLGARFLEFEALGFLNEDHWLGRKNSGGGVEGLGLQKLGYILREVGTRPGGKIYADDTAGWDTRITRADLENEAKVLELLDGEHRRLARAIIELTYRHKVVKVMRPAADGRTVMDVISREDQRGSGQVVTYALNTFTNLAVQLVRMMEGEGVIGPDDVEK-LTKGKGPKVRTWLFENGEERLSRMAVSGDDCVVKPLDDRFATSLHFLNAMSKVRKDIQEWKPSTGWYDWQQVPFCSNHFTELIMKDGRTLVVPCRGQDELVGRARISPGAGWNVRDTACLAKSYAQMWLLLYFHRRDLRLMANAICSAVPVNWVPTGRTTWSIHAGGEWMTTEDMLEVWNRVWIEENEWMEDKTPVEKWSDVPYSGKREDIWCGSLIGTRARATWAENIQVAINQVRAIIGDEKYVDYM	MINQVVKMVSKPWDALNSVTSISMTDTTPFGQQRVFKEKVDTKAPEPPRGVAEAMDMVADWVWMILSRKKKPRLCTREEFKAKVNGHAAMGAVFEEEQQWQTAREAVEDPEFWDLVDKERALHLEGRCETCVYNMMGKREKKLGEFGKAKGSRAIWYMWLGARFLEFEALGFLNEDHWLSRENSYAGVEGLGLQRLGYVLRDISYRPGGKMYADDTAGWDTRITEKDLENEAKITEKMEGEHKKLAKAIIELTYKHKVVKVMRPGPGGKTFMDVISREDQRGSGQVVTYALNTYTNMVAQLIRCAEAEGVLTPDMRERSLTKQERYALTLWLDMEGVKRLKKMAISGDDCVVKSEDERFATALYFLNAMAKVRKDIQEWKPSSGWLDWQEVPFCSHHFKELQLKDGRSIVVPCRHQDELVGRARVSPGAAWGVRESAGLAKAYAQMWKLMYFHRRDLRLMANAICSAVPKDWVPTGRTTWSIHGKGEWMTNEDMLEVWNRVWIRENPYMTDKTEVHDWKEIPYLGKREDQWCGSLIGSRARATWAENIWVAVNQVRAKIGKEEYLDYL
WN1|ABA62343.1|Flavivirus_RdRp|2850-3416	Zika_Brasil|AMB18850.1|Flavivirus_RdRp|2841-3406	72.535	568	153	2	1	567	1	566	0.0	878	LVNGVVRLLSKPWDTITNVTTMAMTDTTPFGQQRVFKEKVDTKAPEPPEGVKYVLNETTNWLWAFLAREKRPRMCSREEFIRKVNSNAALGAMFEEQNQWRSAREAVEDPKFWEMVDEEREAHLRGECHTCIYNMMGKREKKPGEFGKAKGSRAIWFMWLGARFLEFEALGFLNEDHWLGRKNSGGGVEGLGLQKLGYILREVGTRPGGKIYADDTAGWDTRITRADLENEAKVLELLDGEHRRLARAIIELTYRHKVVKVMRPAADGRTVMDVISREDQRGSGQVVTYALNTFTNLAVQLVRMMEGEGVIGPDDVEKLTKGKGPKVRTWLFENGEERLSRMAVSGDDCVVKPLDDRFATSLHFLNAMSKVRKDIQEWKPSTGWYDWQQVPFCSNHFTELIMKDGRTLVVPCRGQDELVGRARISPGAGWNVRDTACLAKSYAQMWLLLYFHRRDLRLMANAICSAVPVNWVPTGRTTWSIHAGGEWMTTEDMLEVWNRVWIEENEWMEDKTPVEKWSDVPYSGKREDIWCGSLIGTRARATWAENIQVAINQVRAIIGD-EKYVDYM	LINGVVRLLSKPWDVVTGVTGIAMTDTTPYGQQRVFKEKVDTRVPDPQEGTRQVMSMVSSWLWKELGKHKRPRVCTKEEFINKVRSNAALGAIFEEEKEWKTAVEAVNDPRFWALVDKEREHHLRGECQSCVYNMMGKREKKQGEFGKAKGSRAIWYMWLGARFLEFEALGFLNEDHWMGRENSGGGVEGLGLQRLGYVLEEMSRIPGGRMYADDTAGWDTRISRFDLENEALITNQMEKGHRALALAIIKYTYQNKVVKVLRPAEKGKTVMDIISRQDQRGSGQVVTYALNTFTNLVVQLIRNMEAEEVLEMQDLWLLRRSE--KVTNWLQSNGWDRLKRMAVSGDDCVVKPIDDRFAHALRFLNDMGKVRKDTQEWKPSTGWDNWEEVPFCSHHFNKLHLKDGRSIVVPCRHQDELIGRARVSPGAGWSIRETACLAKSYAQMWQLLYFHRRDLRLMANAICSSVPVDWVPTGRTTWSIHGKGEWMTTEDMLVVWNRVWIEENDHMEDKTPVTKWTDIPYLGKREDLWCGSLIGHRPRTTWAENIKNTVNMVRRIIGDEEKYMDYL
WN1|ABA62343.1|Flavivirus_RdRp|2850-3416	Iguape|AAV34154.1|Flavivirus_RdRp|2833-3398	72.310	567	156	1	1	567	1	566	0.0	872	LVNGVVRLLSKPWDTITNVTTMAMTDTTPFGQQRVFKEKVDTKAPEPPEGVKYVLNETTNWLWAFLAREKRPRMCSREEFIRKVNSNAALGAMFEEQNQWRSAREAVEDPKFWEMVDEEREAHLRGECHTCIYNMMGKREKKPGEFGKAKGSRAIWFMWLGARFLEFEALGFLNEDHWLGRKNSGGGVEGLGLQKLGYILREVGTRPGGKIYADDTAGWDTRITRADLENEAKVLELLDGEHRRLARAIIELTYRHKVVKVMRPAADGRTVMDVISREDQRGSGQVVTYALNTFTNLAVQLVRMMEGEGVIGPDDVEKLTKGKGPKVRTWLFENGEERLSRMAVSGDDCVVKPLDDRFATSLHFLNAMSKVRKDIQEWKPSTGWYDWQQVPFCSNHFTELIMKDGRTLVVPCRGQDELVGRARISPGAGWNVRDTACLAKSYAQMWLLLYFHRRDLRLMANAICSAVPVNWVPTGRTTWSIHAGGEWMTTEDMLEVWNRVWIEENEWMEDKTPVEKWSDVPYSGKREDIWCGSLIGTRARATWAENIQVAINQVRAIIGDEKYVDYM	MVNAVVKLMSKPWDVISTVTQMSMTDTTPFGQQRVFKEKVDTKAPEPEQGAADIMETVARWYRKELCKRKKPRICTREEFIKKVNSHAALGSMFEEQQLWSSAKEAVEDPEFWRQVDEEREKHKKGECATCIYNMMGKREKKLGEFGKAKGSRAIWYMWLGARFLEFEALGFLNEDHWLSRENSGAGVEGIGLQRLGYVLRDMG-KAGGRLYADDTAGWDTLITEKDLDNEMIIMEHMEPQHRKLASAIFNLTYRHKVVKVMRPGPNGKTYMDVISREDQRGSGQVVTYALNTFTNAVVQLVRSAEAEGVISSFSIEEVSDRVLEELTRWLEEFGWDRLRLMAISGDDCVVRACDERFATALHFLNAMSKVRKDIPEWKPSTGWSDWQQVPFCSHHFVEIRMKDGRELVVPCRHQDELVGRARVSPGATWTIRESACMAKAYAQMWMLMYFHRRDLRIMANAICSAVPVDWVPTGRTTWSIHGKGEWMTTEDMLDVWNRVWIEENPHMEDKTPVRDWKEVPYIGKREDQWCGSLIGYRPRATWAENIWVAVHQVRSMIGKEKYADYL
WN1|ABA62343.1|Flavivirus_RdRp|2850-3416	Dengue_2|AAB58782.1|Flavivirus_RdRp|2811-3374	71.429	567	159	2	1	567	1	564	0.0	855	LVNGVVRLLSKPWDTITNVTTMAMTDTTPFGQQRVFKEKVDTKAPEPPEGVKYVLNETTNWLWAFLAREKRPRMCSREEFIRKVNSNAALGAMFEEQNQWRSAREAVEDPKFWEMVDEEREAHLRGECHTCIYNMMGKREKKPGEFGKAKGSRAIWFMWLGARFLEFEALGFLNEDHWLGRKNSGGGVEGLGLQKLGYILREVGTRPGGKIYADDTAGWDTRITRADLENEAKVLELLDGEHRRLARAIIELTYRHKVVKVMRPAADGRTVMDVISREDQRGSGQVVTYALNTFTNLAVQLVRMMEGEGVIGPDDVEKLTKGKGPKVRTWLFENGEERLSRMAVSGDDCVVKPLDDRFATSLHFLNAMSKVRKDIQEWKPSTGWYDWQQVPFCSNHFTELIMKDGRTLVVPCRGQDELVGRARISPGAGWNVRDTACLAKSYAQMWLLLYFHRRDLRLMANAICSAVPVNWVPTGRTTWSIHAGGEWMTTEDMLEVWNRVWIEENEWMEDKTPVEKWSDVPYSGKREDIWCGSLIGTRARATWAENIQVAINQVRAIIGDEKYVDYM	MVNGVVRLLTKPWDVVPMVTQMAMTDTTPFGQQRVFKEKVDTRTQEPKEGTKKLMKITAEWLWKELGKKKTPRMCTREEFTRKVRSNAALGAIFTDENKWKSAREAVEDSRFWELVDKERNLHLEGKCETCVYNMMGKREKKLGEFGKAKGSRAIWYMWLGARFLEFEALGFLNEDHWFSRENSLSGVEGEGLHKLGYILRDVSKKEGGAMYADDTAGWDTRITLEDLKNEEMVTNHMEGEHKKLAEAIFKLTYQNKVVRVQRPTPRG-TVMDIISRRDQRGSGQVGTYGLNTFTNMEAQLIRQMEGEGVF--KSIQHLTITEEIAVQNWLARVGRERLSRMAISGDDCVVKPLDDRFASALTALNDMGKIRKDIQQWEPSRGWNDWTQVPFCSHHFHELIMKDGRVLVVPCRNQDELIGRARISQGAGWSLRETACLGKSYAQMWSLMYFHRRDLRLAANAICSAVPSHWVPTSRTTWSIHAKHEWMTTEDMLTVWNRVWIQENPWMEDKTPVESWEEIPYLGKREDQWCGSLIGLTSRATWAKNIQAAINQVRSLIGNEEYTDYM
WN1|ABA62343.1|Flavivirus_RdRp|2850-3416	Dengue_1|AAB70695.1|Flavivirus_RdRp|2812-3375	70.370	567	165	2	1	567	1	564	0.0	847	LVNGVVRLLSKPWDTITNVTTMAMTDTTPFGQQRVFKEKVDTKAPEPPEGVKYVLNETTNWLWAFLAREKRPRMCSREEFIRKVNSNAALGAMFEEQNQWRSAREAVEDPKFWEMVDEEREAHLRGECHTCIYNMMGKREKKPGEFGKAKGSRAIWFMWLGARFLEFEALGFLNEDHWLGRKNSGGGVEGLGLQKLGYILREVGTRPGGKIYADDTAGWDTRITRADLENEAKVLELLDGEHRRLARAIIELTYRHKVVKVMRPAADGRTVMDVISREDQRGSGQVVTYALNTFTNLAVQLVRMMEGEGVIGPDDVEKLTKGKGPKVRTWLFENGEERLSRMAVSGDDCVVKPLDDRFATSLHFLNAMSKVRKDIQEWKPSTGWYDWQQVPFCSNHFTELIMKDGRTLVVPCRGQDELVGRARISPGAGWNVRDTACLAKSYAQMWLLLYFHRRDLRLMANAICSAVPVNWVPTGRTTWSIHAGGEWMTTEDMLEVWNRVWIEENEWMEDKTPVEKWSDVPYSGKREDIWCGSLIGTRARATWAENIQVAINQVRAIIGDEKYVDYM	MVNGVVRLLTKPWDVIPMVTQIAMTDTTPFGQQRVFKEKVDTRTPKAKRGTAQIMEVTARWLWGFLSRNKKPRICTREEFTRKVRSNAAIGAVFVDENQWNSAKEAVEDERFWDLVHRERELHKQGKCATCVYNMMGKREKKLGEFGKAKGSRAIWYMWLGARFLEFEALGFMNEDHWFSRENSLSGVEGEGLHKLGYILRDISKIPGGNMYADDTAGWDTRITEDDLQNEAKITDIMEPEHALLATSIFKLTYQNKVVRVQRPAKNG-TVMDVISRRDQRGSGQVGTYGLNTFTNMEAQLIRQMESEGIFSPSELE--TPNLAERVLDWLKKHGTERLKRMAISGDDCVVKPIDDRFATALTALNDMGKVRKDIPQWEPSKGWNDWQQVPFCSHHFHQLIMKDGREIVVPCRNQDELVGRARVSQGAGWSLRETACLGKSYAQMWQLMYFHRRDLRLAANAICSAVPVDWVPTSRTTWSIHAHHQWMTTEDMLSVWNRVWIEENPWMEDKTHVSSWEDVPYLGKREDQWCGSLIGLTARATWATNIQVAINQVRRLIGNENYLDFM
WN1|ABA62343.1|Flavivirus_RdRp|2850-3416	Kokobera|AAV34157.1|Flavivirus_RdRp|2830-3392	70.318	566	165	3	2	567	1	563	0.0	843	VNGVVRLLSKPWDTITNVTTMAMTDTTPFGQQRVFKEKVDTKAPEPPEGVKYVLNETTNWLWAFLAREKRPRMCSREEFIRKVNSNAALGAMFEEQNQWRSAREAVEDPKFWEMVDEEREAHLRGECHTCIYNMMGKREKKPGEFGKAKGSRAIWFMWLGARFLEFEALGFLNEDHWLGRKNSGGGVEGLGLQKLGYILREVGTRPGGKIYADDTAGWDTRITRADLENEAKVLELLDGEHRRLARAIIELTYRHKVVKVMRPAADGRTVMDVISREDQRGSGQVVTYALNTFTNLAVQLVRMMEGEGVIGPDDVEKLTKGKGPKVRTWLFENGEERLSRMAVSGDDCVVKPLDDRFATSLHFLNAMSKVRKDIQEWKPSTGWYDWQQVPFCSNHFTELIMKDGRTLVVPCRGQDELVGRARISPGAGWNVRDTACLAKSYAQMWLLLYFHRRDLRLMANAICSAVPVNWVPTGRTTWSIHAGGEWMTTEDMLEVWNRVWIEENEWMEDKTPVEKWSDVPYSGKREDIWCGSLIGTRARATWAENIQVAINQVRAIIGDEKYVDYM	VNGVVKLLSKPWDVSSEVTGMSMTDTTPFGQQRVFKEKVDTKAPEPPAGAEMASVIVSEWLWKRLNREKKPRLCTKEEFVRKVRGNAALGPVFEEENQWKDAAEAVQDPGFWNLVDMERKNHLEGKCETCVYNMMGKREKKRGEFGKAKGSRAIWYMWLGARFLEFEALGFLNEDHWMSRGNSGGGVEGLGIQKLGYVMREIGEK-GGILYADDTAGWDTRITECDLRNEAHIMEYMENEHRKLARAIFELTYKHKVVKVMRP-GKGVPLMDIISREDQRGSGQVVTYALNTFTNLVVQLIRMAEAECVLTPEDLHEMSQSAKLRLLKWLKEEGWERLTRMAVSGDDCVVAAPDARFGAALTFLNAMSKIRKDIKEWTPSKGWKNWEEVPFCSHHFHRLQMKDGRELVVPCRSQDELIGRARVTQGPG-DLMSSACLAKAYAQMWQLLYFHRRDLRLMGNAICSAVPVDWVPTGRTTWSIHGKGEWMTSENMLEVWNRVWIEENEHMEDKTPVREWTDIPYLGKREDPWCGSYIGYRPRSTWAENIKVPVNVIRVKIGGNKYQDYL
WN1|ABA62343.1|Flavivirus_RdRp|2850-3416	Dengue_3|AAM51537.1|Flavivirus_RdRp|2809-3373	69.298	570	167	3	1	567	1	565	0.0	833	LVNGVVRLLSKPWDTITNVTTMAMTDTTPFGQQRVFKEKVDTKAPEPPEGVKYVLNETTNWLWAFLAREKRPRMCSREEFIRKVNSNAALGAMFEEQNQWRSAREAVEDPKFWEMVDEEREAHLRGECHTCIYNMMGKREKKPGEFGKAKGSRAIWFMWLGARFLEFEALGFLNEDHWLGRKNSGGGVEGLGLQKLGYILREVGTRPGGKIYADDTAGWDTRITRADLENEAKVLELLDGEHRRLARAIIELTYRHKVVKVMRPAADGRTVMDVISREDQRGSGQVVTYALNTFTNLAVQLVRMMEGEGVIGPDDVEK---LTKGKGPKVRTWLFENGEERLSRMAVSGDDCVVKPLDDRFATSLHFLNAMSKVRKDIQEWKPSTGWYDWQQVPFCSNHFTELIMKDGRTLVVPCRGQDELVGRARISPGAGWNVRDTACLAKSYAQMWLLLYFHRRDLRLMANAICSAVPVNWVPTGRTTWSIHAGGEWMTTEDMLEVWNRVWIEENEWMEDKTPVEKWSDVPYSGKREDIWCGSLIGTRARATWAENIQVAINQVRAIIGDEKYVDYM	MINGVVKLLTKPWDVVPMVTQMAMTDTTPFGQQRVFKEKVDTRTPRPMPGTRKAMEITAEWLWRTLGRNKRPRLCTREEFTKKVRTNAAMGAVFTEENQWDSAKAAVEDEEFWKLVDRERELHKLGKCGSCVYNMMGKREKKLGEFGKAKGSRAIWYMWLGARYLEFEALGFLNEDHWFSRENSYSGVEGEGLHKLGYILRDISKIPGGAMYADDTAGWDTRITEDDLHNEEKIIQQMDPEHRQLANAIFKLTYQNKVVKVQRPTPTG-TVMDIISRKDQRGSGQLGTYGLNTFTNMEAQLVRQMEGEGVLTKADLENPHLLEK----KITQWLETKGVERLKRMAISGDDCVVKPIDDRFANALLALNDMGKVRKDIPQWQPSKGWHDWQQVPFCSHHFHELIMKDGRKLVVPCRPQDELIGRARISQGAGWSLRETACLGKAYAQMWSLMYFHRRDLRLASNAICSAVPVHWVPTSRTTWSIHAHHQWMTTEDMLTVWNRVWIEENPWMEDKTPVTTWENVPYLGKREDQWCGSLIGLTSRATWAQNIPTAIQQVRSLIGNEEFLDYM
WN1|ABA62343.1|Flavivirus_RdRp|2850-3416	Kedougou|AAV34156.1|Flavivirus_RdRp|2828-3391	67.901	567	179	2	1	567	1	564	0.0	823	LVNGVVRLLSKPWDTITNVTTMAMTDTTPFGQQRVFKEKVDTKAPEPPEGVKYVLNETTNWLWAFLAREKRPRMCSREEFIRKVNSNAALGAMFEEQNQWRSAREAVEDPKFWEMVDEEREAHLRGECHTCIYNMMGKREKKPGEFGKAKGSRAIWFMWLGARFLEFEALGFLNEDHWLGRKNSGGGVEGLGLQKLGYILREVGTRPGGKIYADDTAGWDTRITRADLENEAKVLELLDGEHRRLARAIIELTYRHKVVKVMRPAADGRTVMDVISREDQRGSGQVVTYALNTFTNLAVQLVRMMEGEGVIGPDDVEKLTKGKGPKVRTWLFENGEERLSRMAVSGDDCVVKPLDDRFATSLHFLNAMSKVRKDIQEWKPSTGWYDWQQVPFCSNHFTELIMKDGRTLVVPCRGQDELVGRARISPGAGWNVRDTACLAKSYAQMWLLLYFHRRDLRLMANAICSAVPVNWVPTGRTTWSIHAGGEWMTTEDMLEVWNRVWIEENEWMEDKTPVEKWSDVPYSGKREDIWCGSLIGTRARATWAENIQVAINQVRAIIGDEKYVDYM	MVNGVVKLLTKPWDVVSGVVNIAMTDTTPFGQQRVFKEKVDTRVPPVPAGVKRTMRLVATWLWKELSRNKKPRMCTKEEFIAKVRSHAALGALLPEQQGWSSAAEAVEDPKFWRLVDEERELHKQGRCRTCVYNMMGKREKKTSEFGKAKGSRAIWYMWLGARFLEFEALGFLNEDHWFSRENSHAGVEGMGLQKLGYVLEEISKRHGGLMYADDTAGWDTRVTEADLDDEALIIESMDREHAQLASVLTEMAYKNKVVCVLRP-GKGETLMDVISRRDQRGSGQVVTYALNTFTNEKVQLIRCMEAEGVLEESDAEHLM--DESKVNKWLESHGVERLRSMAISGDDCVVKPLDERFSNSLRFLNSMGKIRKDIQEWEASKGWADWEKVPFCSHHFHKLQLKDGRHIVAPCRHQDELIGRARVAPGRGWVLKEAACLAKSYAQMWSLMYFHRRDLRLAGNAICSAVPKAWVPTGRTTWSVHGKGEWMTTEDMLQVWNRVWIEDNEWMENKTPVTAWRDVPYLQKRDDLWCGSLIGHSSRASWAENIRVAVEQVRKAIGREEYADYL
WN1|ABA62343.1|Flavivirus_RdRp|2850-3416	Dengue_4|AAG45435.1|Flavivirus_RdRp|2807-3371	67.901	567	180	2	1	567	1	565	0.0	818	LVNGVVRLLSKPWDTITNVTTMAMTDTTPFGQQRVFKEKVDTKAPEPPEGVKYVLNETTNWLWAFLAREKRPRMCSREEFIRKVNSNAALGAMFEEQNQWRSAREAVEDPKFWEMVDEEREAHLRGECHTCIYNMMGKREKKPGEFGKAKGSRAIWFMWLGARFLEFEALGFLNEDHWLGRKNSGGGVEGLGLQKLGYILREVGTRPGGKIYADDTAGWDTRITRADLENEAKVLELLDGEHRRLARAIIELTYRHKVVKVMRPAADGRTVMDVISREDQRGSGQVVTYALNTFTNLAVQLVRMMEGEGVIGPDDVEKLTKGKGPKVRTWLFENGEERLSRMAVSGDDCVVKPLDDRFATSLHFLNAMSKVRKDIQEWKPSTGWYDWQQVPFCSNHFTELIMKDGRTLVVPCRGQDELVGRARISPGAGWNVRDTACLAKSYAQMWLLLYFHRRDLRLMANAICSAVPVNWVPTGRTTWSIHAGGEWMTTEDMLEVWNRVWIEENEWMEDKTPVEKWSDVPYSGKREDIWCGSLIGTRARATWAENIQVAINQVRAIIGDEKYVDYM	MVNGVVKLLTKPWDVIPMVTQLAMTDTTPFGQQRVFKEKVDTRTPQPKPGTRMVMTTTANWLWALLGKKKNPRLCTREEFISKVRSNAAIGAVFQEEQGWTSASEAVNDSRFWELVDKERALHQEGKCESCVYNMMGKREKKLGEFGRAKGSRAIWYMWLGARFLEFEALGFLNEDHWFGRENSWSGVEGEGLHRLGYILEEIDKKDGDLMYADDTAGWDTRITEDDLQNEELITEQMAPHHKILAKAIFKLTYQNKVVKVLRPTPRG-AVMDIISRKDQRGSGQVGTYGLNTFTNMEVQLIRQMEAEGVITQDDMQN-PKGLKERVEKWLKECGVDRLKRMAISGDDCVVKPLDERFGTSLLFLNDMGKVRKDIPQWEPSKGWKNWQEVPFCSHHFHKIFMKDGRSLVVPCRNQDELIGRARISQGAGWSLRETACLGKAYAQMWSLMYFHRRDLRLASMAICSAVPTEWFPTSRTTWSIHAHHQWMTTEDMLKVWNRVWIEDNPNMTDKTPVHSWEDIPYLGKREDLWCGSLIGLSSRATWAKNIHTAITQVRNLIGKEEYVDYM
WN1|ABA62343.1|Flavivirus_RdRp|2850-3416	Bouboui|ABI54473.1|Flavivirus_RdRp|2807-3373	65.961	567	193	0	1	567	1	567	0.0	811	LVNGVVRLLSKPWDTITNVTTMAMTDTTPFGQQRVFKEKVDTKAPEPPEGVKYVLNETTNWLWAFLAREKRPRMCSREEFIRKVNSNAALGAMFEEQNQWRSAREAVEDPKFWEMVDEEREAHLRGECHTCIYNMMGKREKKPGEFGKAKGSRAIWFMWLGARFLEFEALGFLNEDHWLGRKNSGGGVEGLGLQKLGYILREVGTRPGGKIYADDTAGWDTRITRADLENEAKVLELLDGEHRRLARAIIELTYRHKVVKVMRPAADGRTVMDVISREDQRGSGQVVTYALNTFTNLAVQLVRMMEGEGVIGPDDVEKLTKGKGPKVRTWLFENGEERLSRMAVSGDDCVVKPLDDRFATSLHFLNAMSKVRKDIQEWKPSTGWYDWQQVPFCSNHFTELIMKDGRTLVVPCRGQDELVGRARISPGAGWNVRDTACLAKSYAQMWLLLYFHRRDLRLMANAICSAVPVNWVPTGRTTWSIHAGGEWMTTEDMLEVWNRVWIEENEWMEDKTPVEKWSDVPYSGKREDIWCGSLIGTRARATWAENIQVAINQVRAIIGDEKYVDYM	MLNGVIKILTGPWDRIENVTTMAMTDTTPFGQQRVFKEKVDTRAPEPPAGTRAIMRLVNAWLFDHLSREKKPRLCTKEEFIDKVRSHAAIGEILEEQEGWKTAAEAVKDPRFWSLVDKERQCHLEGKCRTCIYNMMGKREKKPSEFGKAKGSRAIWYMWLGARFLEFEALGFLNEDHWMSRKNSGSGVEGLGLQYLGYVVREVAEQGNGLIYADDTAGWDTRITEADLDDEQYLLRGMDPYQRQLAWAIMELTYKHKVVKVPRPGIGGKVFMDVISRQDQRGSGQVVTYALNTATNMKVQLIRLAESEHVITRNDVNSVSPRTLKELEEWLNNEGVNRLKRMAVSGDDCIVAPIDESYGSALHHLNAMAKTRKDVTEWEESKGWRDWEQVPFCSHHFHEVQLKDGRTLIVPCRDQDELIGRARISPGNGWMIKETAALSKSYAQMWALMYFHKRDLRLLSNAVCSAVPVNWTPTGRTTWSIHAKGEWMTTQDMLEVWNRVWIENNPYVQDKTYVMEWRDVPYLRKSMDIMCGSLIGTSIRASWAGTIRTTVHKVQQLIGRETYVDYL
WN1|ABA62343.1|Flavivirus_RdRp|2850-3416	Banzi|ABI54472.1|Flavivirus_RdRp|2809-3375	65.785	567	194	0	1	567	1	567	0.0	810	LVNGVVRLLSKPWDTITNVTTMAMTDTTPFGQQRVFKEKVDTKAPEPPEGVKYVLNETTNWLWAFLAREKRPRMCSREEFIRKVNSNAALGAMFEEQNQWRSAREAVEDPKFWEMVDEEREAHLRGECHTCIYNMMGKREKKPGEFGKAKGSRAIWFMWLGARFLEFEALGFLNEDHWLGRKNSGGGVEGLGLQKLGYILREVGTRPGGKIYADDTAGWDTRITRADLENEAKVLELLDGEHRRLARAIIELTYRHKVVKVMRPAADGRTVMDVISREDQRGSGQVVTYALNTFTNLAVQLVRMMEGEGVIGPDDVEKLTKGKGPKVRTWLFENGEERLSRMAVSGDDCVVKPLDDRFATSLHFLNAMSKVRKDIQEWKPSTGWYDWQQVPFCSNHFTELIMKDGRTLVVPCRGQDELVGRARISPGAGWNVRDTACLAKSYAQMWLLLYFHRRDLRLMANAICSAVPVNWVPTGRTTWSIHAGGEWMTTEDMLEVWNRVWIEENEWMEDKTPVEKWSDVPYSGKREDIWCGSLIGTRARATWAENIQVAINQVRAIIGDEKYVDYM	MINGVVKLLSGPWDRIEEVTNMAMTDTTPFGQQRVFKEKVDTRAPEPPQGTREIMKVVNQWLFDYLGRTKQPRICTKEEFINKVRSHAALGGILTEQEGWSSAAEAVADPRFWSLVDKERQAHLEGRCETCIYNMMGKREKKPSEFGRAKGSRAIWYMWLGARFLEFEALGFLNEDHWLGRENSKAGVEGIGLQYLGYVVEEVARKGNGLVYADDTAGWDTRITEADLEDEQYIMKRMSAEHRQLAWAVMELTYRNKVVKVPRPGPGGKILMDVISRRDQRGSGQVVTYPLNTATNMKVQLIRMAEAENVITRNDVEKVSLITLKELQLWLEVNGVNRLERMAVSGDDCIVAPVDESFAGALHHLNAMSKTRKDISEWENSRGWTDWESVPFCSHHFHTLYLKDGRTIIAPCRCQDELIGRARISPGNGWMIKETAGLSKAYTQMWTLMYFHRRDLRLMANAICSAVPIDWVPTGRTTWSIHATGEWMSSDDMLEVWNKVWIQDNPHVKDKTPIFAWRDVPYIQKGQDRACGSLVGTSLRASWAESIMTSVHRVRMLIGNERYVNYM
WN1|ABA62343.1|Flavivirus_RdRp|2850-3416	Yellow_fever|CAA27332.1|Flavivirus_RdRp|2827-3393	65.079	567	198	0	1	567	1	567	0.0	806	LVNGVVRLLSKPWDTITNVTTMAMTDTTPFGQQRVFKEKVDTKAPEPPEGVKYVLNETTNWLWAFLAREKRPRMCSREEFIRKVNSNAALGAMFEEQNQWRSAREAVEDPKFWEMVDEEREAHLRGECHTCIYNMMGKREKKPGEFGKAKGSRAIWFMWLGARFLEFEALGFLNEDHWLGRKNSGGGVEGLGLQKLGYILREVGTRPGGKIYADDTAGWDTRITRADLENEAKVLELLDGEHRRLARAIIELTYRHKVVKVMRPAADGRTVMDVISREDQRGSGQVVTYALNTFTNLAVQLVRMMEGEGVIGPDDVEKLTKGKGPKVRTWLFENGEERLSRMAVSGDDCVVKPLDDRFATSLHFLNAMSKVRKDIQEWKPSTGWYDWQQVPFCSNHFTELIMKDGRTLVVPCRGQDELVGRARISPGAGWNVRDTACLAKSYAQMWLLLYFHRRDLRLMANAICSAVPVNWVPTGRTTWSIHAGGEWMTTEDMLEVWNRVWIEENEWMEDKTPVEKWSDVPYSGKREDIWCGSLIGTRARATWAENIQVAINQVRAIIGDEKYVDYM	MVNGVIKILTYPWDRIEEVTRMAMTDTTPFGQQRVFKEKVDTRAKDPPAGTRKIMKVVNRWLFRHLAREKNPRLCTKEEFIAKVRSHAAIGAYLEEQEQWKTANEAVQDPKFWELVDEERKLHQQGRCRTCVYNMMGKREKKLSEFGKAKGSRAIWYMWLGARYLEFEALGFLNEDHWASRENSGGGVEGIGLQYLGYVIRDLAAMDGGGFYADDTAGWDTRITEADLDDEQEILNYMSPHHKKLAQAVMEMTYKNKVVKVLRPAPGGKAYMDVISRRDQRGSGQVVTYALNTITNLKVQLIRMAEAEMVIHHQHVQDCDESVLTRLEAWLTEHGCDRLKRMAVSGDDCVVRPIDDRFGLALSHLNAMSKVRKDISEWQPSKGWNDWENVPFCSHHFHELQLKDGRRIVVPCREQDELIGRGRVSPGNGWMIKETACLSKAYANMWSLMYFHKRDMRLLSLAVSSAVPTSWVPQGRTTWSIHGKGEWMTTEDMLEVWNRVWITNNPHMQDKTMVKKWRDVPYLTKRQDKLCGSLIGMTNRATWASHIHLVIHRIRTLIGQEKYTDYL
WN1|ABA62343.1|Flavivirus_RdRp|2850-3416	Sepik|ABI23562.1|Flavivirus_RdRp|2820-3386	65.079	567	198	0	1	567	1	567	0.0	803	LVNGVVRLLSKPWDTITNVTTMAMTDTTPFGQQRVFKEKVDTKAPEPPEGVKYVLNETTNWLWAFLAREKRPRMCSREEFIRKVNSNAALGAMFEEQNQWRSAREAVEDPKFWEMVDEEREAHLRGECHTCIYNMMGKREKKPGEFGKAKGSRAIWFMWLGARFLEFEALGFLNEDHWLGRKNSGGGVEGLGLQKLGYILREVGTRPGGKIYADDTAGWDTRITRADLENEAKVLELLDGEHRRLARAIIELTYRHKVVKVMRPAADGRTVMDVISREDQRGSGQVVTYALNTFTNLAVQLVRMMEGEGVIGPDDVEKLTKGKGPKVRTWLFENGEERLSRMAVSGDDCVVKPLDDRFATSLHFLNAMSKVRKDIQEWKPSTGWYDWQQVPFCSNHFTELIMKDGRTLVVPCRGQDELVGRARISPGAGWNVRDTACLAKSYAQMWLLLYFHRRDLRLMANAICSAVPVNWVPTGRTTWSIHAGGEWMTTEDMLEVWNRVWIEENEWMEDKTPVEKWSDVPYSGKREDIWCGSLIGTRARATWAENIQVAINQVRAIIGDEKYVDYM	MLNGIVKMLSMPWDKFESVTLLAMTDTTPFGQQRVFKEKVDTRAPSPPPGTRAIMRVVNSWLFKHLAREMRPRICTKEEFISKVRSHAAIGAYLEEHENWRSASEAVQDPRFWKLVDEERKLHLQGKCRTCVYNMMGKREKKPAEFGKAKGSRAIWYMWLGARFLEFEALGFLNEDHWVSRGNSGGGVEGTGLQYLGYILKRLGEKPGGRMYADDTAGWDTRITEEDLEDEQEILKYMTKDHKKLAWAVTELAYKNKVVKVMRPGTRRPNFHGHHIQAYQRGSGQVVTYALNTVTNLKVQLIRMAESEHVITRHDVESVSPSTLRGLEDWLERFGTDRLSRMAVSGDDCVVKPIDDQFADALYHLNAMSKIRKDIDDWKPSTGWDSWEAVPFCSHHFHEIILKDGRTIIAPCRDQDELIGRARVSPGNGWMIRETACLSKAYAQMWLLMYFHRRDLRVMGNAICSAVPVDWVPTGRTTWSIHGKGEWMTTENMLDVWNRVWIMENPYQADKTPVTEWRDVPYLPKSIDKTCNSLVGTTQRATWARDVKHTVHRIRKLVGNEKFYDYM
WN1|ABA62343.1|Flavivirus_RdRp|2850-3416	Jugra|ABI54482.1|Flavivirus_RdRp|2806-3372	65.608	567	195	0	1	567	1	567	0.0	802	LVNGVVRLLSKPWDTITNVTTMAMTDTTPFGQQRVFKEKVDTKAPEPPEGVKYVLNETTNWLWAFLAREKRPRMCSREEFIRKVNSNAALGAMFEEQNQWRSAREAVEDPKFWEMVDEEREAHLRGECHTCIYNMMGKREKKPGEFGKAKGSRAIWFMWLGARFLEFEALGFLNEDHWLGRKNSGGGVEGLGLQKLGYILREVGTRPGGKIYADDTAGWDTRITRADLENEAKVLELLDGEHRRLARAIIELTYRHKVVKVMRPAADGRTVMDVISREDQRGSGQVVTYALNTFTNLAVQLVRMMEGEGVIGPDDVEKLTKGKGPKVRTWLFENGEERLSRMAVSGDDCVVKPLDDRFATSLHFLNAMSKVRKDIQEWKPSTGWYDWQQVPFCSNHFTELIMKDGRTLVVPCRGQDELVGRARISPGAGWNVRDTACLAKSYAQMWLLLYFHRRDLRLMANAICSAVPVNWVPTGRTTWSIHAGGEWMTTEDMLEVWNRVWIEENEWMEDKTPVEKWSDVPYSGKREDIWCGSLIGTRARATWAENIQVAINQVRAIIGDEKYVDYM	MINGVVKLLSGPWDRIEEVTAMAMTDTTPFGQQRVFKEKVDTKAPEPPKGTREIMAVVNSWLFDYLGRKKSPRLCTKEEFIQKVRSNAALGSILEEQEGWSSAKMAVEDPRFWALVERERALHLEGRCETCIYNMMGKREKKPAEFGKAKGSRAIWYMWLGARFLEFEALGFLNEDHWLGRENSKAGVEGTGLQYLGYVVKDVADKGNGIIYADDTAGWDTKITEADLDDEQYILGKLDGEHKKLAWAVMELTYKNKVVKVPRPGPGGRVYMDVISRRDQRGSGQVVTYPLNTATNIKVQLIRMAEAENVITKNDVETVSLLTLKELQLWLEVNGVNRLKRMAVSGDDCIVAPVDESFGTALWHLNAMSKTRKDINEWEESKSWSSWENVPFCSHHFHTLFLKDGRNIIAPCRDQDELIGRARISPGNGWMIKETACLSKAYAQMWILLYFHRRDLRLMGNAICSAVPVDWVPTGRTTWSLHGQGEWMSSDDMLEVWNRVWIVDNPHMTDETPVFEWRDVPYIQKSLDKSCGSLLGTSLRSSWAETIRMSVHRVRQLIGNERYQDYL
WN1|ABA62343.1|Flavivirus_RdRp|2850-3416	Saboya|ABI54478.1|Flavivirus_RdRp|2806-3372	66.314	567	191	0	1	567	1	567	0.0	802	LVNGVVRLLSKPWDTITNVTTMAMTDTTPFGQQRVFKEKVDTKAPEPPEGVKYVLNETTNWLWAFLAREKRPRMCSREEFIRKVNSNAALGAMFEEQNQWRSAREAVEDPKFWEMVDEEREAHLRGECHTCIYNMMGKREKKPGEFGKAKGSRAIWFMWLGARFLEFEALGFLNEDHWLGRKNSGGGVEGLGLQKLGYILREVGTRPGGKIYADDTAGWDTRITRADLENEAKVLELLDGEHRRLARAIIELTYRHKVVKVMRPAADGRTVMDVISREDQRGSGQVVTYALNTFTNLAVQLVRMMEGEGVIGPDDVEKLTKGKGPKVRTWLFENGEERLSRMAVSGDDCVVKPLDDRFATSLHFLNAMSKVRKDIQEWKPSTGWYDWQQVPFCSNHFTELIMKDGRTLVVPCRGQDELVGRARISPGAGWNVRDTACLAKSYAQMWLLLYFHRRDLRLMANAICSAVPVNWVPTGRTTWSIHAGGEWMTTEDMLEVWNRVWIEENEWMEDKTPVEKWSDVPYSGKREDIWCGSLIGTRARATWAENIQVAINQVRAIIGDEKYVDYM	MLNGVVKLLSGPWDRIEEVTSMAMTDTTPFGQQRVFKEKVDTRAPEPPKGTREIMAVVNAWLFDYLSRKKSPRLCTKEEFINKVRSNAALGSILEEQEGWSSAKDAVADPRFWALVERERNLHLEGRCETCIYNMMGKREKKPAEFGKAKGSRAIWYMWLGARFLEFEALGFLNEDHWLGRENSKAGVEGTGLQYLGYIVQEVARNGNGLVYADDTAGWDTKITEADLDDEQYILSKLDGEHRKLAWAVMELTYKNKVVKVPRPGPGGKVYMDVISRRDQRGSGQVVTYPLNTVTNMKVQLIRMAEAENVITKNDVETVSLITLKELQLWLEVHGVNRLKRMAVSGDDCIVAPVDESFGSALWHLNAMSKTRKDIGEWEESKSWSNWEHVPFCSHHFHTLFLKDGRTIIAPCRDQDELVGRARISPGNGWMLKETACLSKAYAQMWTLMYFHRRDLRLMANAICSAVPVDWVPTGRTTWSIHALGEWMSTWDMLEVWNKVWILDNPHMADKTPVFEWRDVPYVQKSVDRSCGSLLGTSIRASWAETINTSVYRVRQLIGNERYVDYL
WN1|ABA62343.1|Flavivirus_RdRp|2850-3416	Potiskum|ABI54483.1|Flavivirus_RdRp|2806-3372	66.138	567	192	0	1	567	1	567	0.0	801	LVNGVVRLLSKPWDTITNVTTMAMTDTTPFGQQRVFKEKVDTKAPEPPEGVKYVLNETTNWLWAFLAREKRPRMCSREEFIRKVNSNAALGAMFEEQNQWRSAREAVEDPKFWEMVDEEREAHLRGECHTCIYNMMGKREKKPGEFGKAKGSRAIWFMWLGARFLEFEALGFLNEDHWLGRKNSGGGVEGLGLQKLGYILREVGTRPGGKIYADDTAGWDTRITRADLENEAKVLELLDGEHRRLARAIIELTYRHKVVKVMRPAADGRTVMDVISREDQRGSGQVVTYALNTFTNLAVQLVRMMEGEGVIGPDDVEKLTKGKGPKVRTWLFENGEERLSRMAVSGDDCVVKPLDDRFATSLHFLNAMSKVRKDIQEWKPSTGWYDWQQVPFCSNHFTELIMKDGRTLVVPCRGQDELVGRARISPGAGWNVRDTACLAKSYAQMWLLLYFHRRDLRLMANAICSAVPVNWVPTGRTTWSIHAGGEWMTTEDMLEVWNRVWIEENEWMEDKTPVEKWSDVPYSGKREDIWCGSLIGTRARATWAENIQVAINQVRAIIGDEKYVDYM	MLNGVVKLLSGPWDRIEEVTSMAMTDTTPFGQQRVFKEKVDTRAPEPPKGTREIMAVVNAWLFDYLSRKKSPRLCTKEEFINKVRSNAALGSILEEQEGWSSAKDAVADPRFWALVERERNLHLEGRCETCIYNMMGKREKKPAEFGKAKGSRAIWYMWLGARFLEFEALGFLNEDHWLGRENSKAGVEGTGLQYLGYIVQEVARNGNGLVYADDTAGWDTKITEADLDDEQYILSKLDGEHRKLAWAVMELTYKNKVVKVPRPGPGGKVYMDVISRRDQRGSGQVVTYPLNTVTNMKVQLIRMAEAENVITKNDVETVSLITLKELQLWLEVHGVNRLKRMAVSGDDCIVAPVDESFGSALWHLNAMSKTRKDIGEWEESKSWSNWEHVPFCSHHFHTLFLKDGRTIIAPCRDQDELIGRARISPGNGWMLKETACLSKAYAQMWTLMYFHRRDLRLMANAICSAVPVDWVPTGRTTWSIHALGEWMSTWDMLEVWNKVWILDNPHMADKTPVFEWRDVPYVQKSVDRSCGSLLGTSIRASWAETINTSVYRVRQLIGNERYVDYL
WN1|ABA62343.1|Flavivirus_RdRp|2850-3416	Kadam|ABB90670.1|Flavivirus_RdRp|2821-3384	66.843	567	185	1	1	567	1	564	0.0	793	LVNGVVRLLSKPWDTITNVTTMAMTDTTPFGQQRVFKEKVDTKAPEPPEGVKYVLNETTNWLWAFLAREKRPRMCSREEFIRKVNSNAALGAMFEEQNQWRSAREAVEDPKFWEMVDEEREAHLRGECHTCIYNMMGKREKKPGEFGKAKGSRAIWFMWLGARFLEFEALGFLNEDHWLGRKNSGGGVEGLGLQKLGYILREVGTRPGGKIYADDTAGWDTRITRADLENEAKVLELLDGEHRRLARAIIELTYRHKVVKVMRPAADGRTVMDVISREDQRGSGQVVTYALNTFTNLAVQLVRMMEGEGVIGPDDVEKLTKGKGPKVRTWLFENGEERLSRMAVSGDDCVVKPLDDRFATSLHFLNAMSKVRKDIQEWKPSTGWYDWQQVPFCSNHFTELIMKDGRTLVVPCRGQDELVGRARISPGAGWNVRDTACLAKSYAQMWLLLYFHRRDLRLMANAICSAVPVNWVPTGRTTWSIHAGGEWMTTEDMLEVWNRVWIEENEWMEDKTPVEKWSDVPYSGKREDIWCGSLIGTRARATWAENIQVAINQVRAIIGDEKYVDYM	LVNGVVKLLSWPWNSREDVLMMAMTDTTAFGQQRVFKEKVDTKAHEPRPGTQVIMRATNDWLLERLVKKRKPRMCSREEFREKVRSNAALGAWLDEQNQWKTAREAVEDPAFWNLVEKERELHLTGRCQQCVYNMMGKREKKRGEFGVAKGSRAIWYMWLGSRFLEFEALGFLNEDHWASRSNSGGGVEGTSLNYPGWLLKALGEKTGGQFYADDTAGWDTRITNADLEDEKQILRYLDGDHKKLASAIMNLAYHQKVVKVARPDPAGGTVMDVITRRDQRGSGQVVTYALNTITNIKVQLIRMMEGEGVINTADME---NPRLKRVEEWLAAHGEERLGRLLVSGDDCVVRPVDDGFATSLHFLNDMAKTRKDIGEWQASIGYSNWEHVPFCSHHFHSLHMKDGRELIVPCRDQDELVGRARVSPGCGWSIRETACLSKAYAQMWMLSYFHRRDLRLMALAVCSSVPVDWVPQGRTTWSIHGHGEWMTNEDMLSVWNKVWITNNPYMVDKTPVEDWRDVPYLPKGHDIVCGSLIGRRERASWASDIWGKVSLVRRMIGDEHYRNYM
WN1|ABA62343.1|Flavivirus_RdRp|2850-3416	Powassan|AAA02739.1|Flavivirus_RdRp|2833-3396	65.256	567	194	1	1	567	1	564	0.0	785	LVNGVVRLLSKPWDTITNVTTMAMTDTTPFGQQRVFKEKVDTKAPEPPEGVKYVLNETTNWLWAFLAREKRPRMCSREEFIRKVNSNAALGAMFEEQNQWRSAREAVEDPKFWEMVDEEREAHLRGECHTCIYNMMGKREKKPGEFGKAKGSRAIWFMWLGARFLEFEALGFLNEDHWLGRKNSGGGVEGLGLQKLGYILREVGTRPGGKIYADDTAGWDTRITRADLENEAKVLELLDGEHRRLARAIIELTYRHKVVKVMRPAADGRTVMDVISREDQRGSGQVVTYALNTFTNLAVQLVRMMEGEGVIGPDDVEKLTKGKGPKVRTWLFENGEERLSRMAVSGDDCVVKPLDDRFATSLHFLNAMSKVRKDIQEWKPSTGWYDWQQVPFCSNHFTELIMKDGRTLVVPCRGQDELVGRARISPGAGWNVRDTACLAKSYAQMWLLLYFHRRDLRLMANAICSAVPVNWVPTGRTTWSIHAGGEWMTTEDMLEVWNRVWIEENEWMEDKTPVEKWSDVPYSGKREDIWCGSLIGTRARATWAENIQVAINQVRAIIGDEKYVDYM	LINGVVKLLSWPWNAREDVTRMAMTDTTAFGQQRVFKEKVDTKAQEPQPGTRVIMRAVSDWLLEHLSRRAKVRMCTKDEFIAKVRSNAALGAWSDEQNKWSSAKEAVEDPEFWKLVDEERSRHLKGQCRHCVYNMMGKREKKLGEFGVAKGSRAIWYMWLGSRFLEFEVLGFLNEEHWASREVSGAGVEGTSLNYLGWLLRELGMKDGGKLYADDTAGWDTRITNADLEDEEQILRYMEGEHHVLAKTILEKAYHAKVVKVARPSPQGGCVMDVITRRDQRGSGQVVTYALNTITNMKVQLIRMMEGEGVIGPADSQ---DPRLKRVETWLKEHGVERLGRMLVSGDDCVVKPIDDRFGKALYFLNDMAKVRKDVGEWEPSMGFTEWEEVPFCSHHFHELVMKDGRSLIVPCRDQDELVGRARVSPGCGWSVRETACLSKAYGQMWLLNYFHRRDLRTLGFAICSAVPVSWVPMGRTTWSIHASGEWMTTEDMLRIWNKVWILDNPHMEDKQTVDEWRDIPYLPKTQDLVCSSLVGRKERAEWAKNIWGSVEKVRKLIGPEDYRDYL
WN1|ABA62343.1|Flavivirus_RdRp|2850-3416	Karshi|ABE73208.1|Flavivirus_RdRp|2834-3397	65.608	567	192	1	1	567	1	564	0.0	781	LVNGVVRLLSKPWDTITNVTTMAMTDTTPFGQQRVFKEKVDTKAPEPPEGVKYVLNETTNWLWAFLAREKRPRMCSREEFIRKVNSNAALGAMFEEQNQWRSAREAVEDPKFWEMVDEEREAHLRGECHTCIYNMMGKREKKPGEFGKAKGSRAIWFMWLGARFLEFEALGFLNEDHWLGRKNSGGGVEGLGLQKLGYILREVGTRPGGKIYADDTAGWDTRITRADLENEAKVLELLDGEHRRLARAIIELTYRHKVVKVMRPAADGRTVMDVISREDQRGSGQVVTYALNTFTNLAVQLVRMMEGEGVIGPDDVEKLTKGKGPKVRTWLFENGEERLSRMAVSGDDCVVKPLDDRFATSLHFLNAMSKVRKDIQEWKPSTGWYDWQQVPFCSNHFTELIMKDGRTLVVPCRGQDELVGRARISPGAGWNVRDTACLAKSYAQMWLLLYFHRRDLRLMANAICSAVPVNWVPTGRTTWSIHAGGEWMTTEDMLEVWNRVWIEENEWMEDKTPVEKWSDVPYSGKREDIWCGSLIGTRARATWAENIQVAINQVRAIIGDEKYVDYM	LINGVVKLLSWPWNAREDVARMAMTDTTAFGQQRVFKDKVDTKAQEPQPGTRVIMRAVNDWLIDRLAKERPPRMCTREEFCSKVRSNAALGAWSDDQNRWKNAKEAIEDPAFWNLVDEERELHRQGRCAQCVYNMMGKREKKLGEFGSAKGSRAIWYMWLGSRFLEFEALGFLNEDHWASREACGAGVEGTSLNYLGWLLAGLGKIPGGKFYADDTAGWDTRVTNADLEDEEQLLRHMSGEHKILARTIFEKAYHAKVVKVARPSPEGGCVMDIITRRDQRGSGQVVTYALNTLTNVKVQLIRMMEGEGVIGASDAQ---DPRLRRVEQWLSVHGAERLSRMLVSGDDCVVRPIDDRFGTALYFLNDMAKVRKDIGEWEPSIGFSRWEEVPFCSHHFHELAMKDGRTLIVPCRDQDELVGRARVSPGCGWSVRETACLSKAYAQMWLLSYFHRRDLRTMGFAICSSVPVDWVPTGRTTWSIHASGAWMTTEDMLSVWNKVWIEDNPHMKDKTRVDAWRDIPYLPKSQDMLCSSLIGHSERADWARHIWTGVMKVRAMIGRETYVDYL
WN1|ABA62343.1|Flavivirus_RdRp|2850-3416	Langat|AAF75259.1|Flavivirus_RdRp|2832-3395	65.608	567	192	1	1	567	1	564	0.0	779	LVNGVVRLLSKPWDTITNVTTMAMTDTTPFGQQRVFKEKVDTKAPEPPEGVKYVLNETTNWLWAFLAREKRPRMCSREEFIRKVNSNAALGAMFEEQNQWRSAREAVEDPKFWEMVDEEREAHLRGECHTCIYNMMGKREKKPGEFGKAKGSRAIWFMWLGARFLEFEALGFLNEDHWLGRKNSGGGVEGLGLQKLGYILREVGTRPGGKIYADDTAGWDTRITRADLENEAKVLELLDGEHRRLARAIIELTYRHKVVKVMRPAADGRTVMDVISREDQRGSGQVVTYALNTFTNLAVQLVRMMEGEGVIGPDDVEKLTKGKGPKVRTWLFENGEERLSRMAVSGDDCVVKPLDDRFATSLHFLNAMSKVRKDIQEWKPSTGWYDWQQVPFCSNHFTELIMKDGRTLVVPCRGQDELVGRARISPGAGWNVRDTACLAKSYAQMWLLLYFHRRDLRLMANAICSAVPVNWVPTGRTTWSIHAGGEWMTTEDMLEVWNRVWIEENEWMEDKTPVEKWSDVPYSGKREDIWCGSLIGTRARATWAENIQVAINQVRAIIGDEKYVDYM	LLNGVVKLLSWPWNAREDVVRMAMTDTTAFGQQRVFKDKVDTKAQEPQPGTKIIMRAVNDWLLERLVKKSRPRMCSREEFIAKVRSNAALGAWSDEQNKWKSAREAVEDPEFWSLVEAERERHLQGRCAHCVYNMMGKREKKLGEFGVAKGSRAIWYMWLGSRFLEFEALGFLNEDHWASRASSGAGVEGISLNYLGWHLKKLASLSGGLFYADDTAGWDTRITNADLDDEEQILRYMDGDHKKLAATVLRKAYHAKVVRVARPSREGGCVMDIITRRDQRGSGQVVTYALNTITNIKVQLVRMMEGEGVI---EVADSHNPRLLRVEKWLEEHGEERLSRMLVSGDDCVVRPVDDRFSKALYFLNDMAKTRKDTGEWEPSTGFASWEEVPFCSHHFHELVMKDGRALVVPCRDQDELVGRARVSPGCGWSVRETACLSKAYGQMWLLSYFHRRDLRTLGFAICSAVPVDWVPTGRTTWSIHASGAWMTTEDMLEVWNRVWIYDNPFMEDKTRVDEWRDTPYLPKSQDILCSSLVGRGERAEWAKNIWGAVEKVRRMIGPEHYRDYL
WN1|ABA62343.1|Flavivirus_RdRp|2850-3416	Alkhurma|AFF18426.1|Flavivirus_RdRp|2834-3397	65.608	567	192	1	1	567	1	564	0.0	779	LVNGVVRLLSKPWDTITNVTTMAMTDTTPFGQQRVFKEKVDTKAPEPPEGVKYVLNETTNWLWAFLAREKRPRMCSREEFIRKVNSNAALGAMFEEQNQWRSAREAVEDPKFWEMVDEEREAHLRGECHTCIYNMMGKREKKPGEFGKAKGSRAIWFMWLGARFLEFEALGFLNEDHWLGRKNSGGGVEGLGLQKLGYILREVGTRPGGKIYADDTAGWDTRITRADLENEAKVLELLDGEHRRLARAIIELTYRHKVVKVMRPAADGRTVMDVISREDQRGSGQVVTYALNTFTNLAVQLVRMMEGEGVIGPDDVEKLTKGKGPKVRTWLFENGEERLSRMAVSGDDCVVKPLDDRFATSLHFLNAMSKVRKDIQEWKPSTGWYDWQQVPFCSNHFTELIMKDGRTLVVPCRGQDELVGRARISPGAGWNVRDTACLAKSYAQMWLLLYFHRRDLRLMANAICSAVPVNWVPTGRTTWSIHAGGEWMTTEDMLEVWNRVWIEENEWMEDKTPVEKWSDVPYSGKREDIWCGSLIGTRARATWAENIQVAINQVRAIIGDEKYVDYM	LINGVVKLLSWPWNAREDVVRMAMTDTTAFGQQRVFKEKVDTKAQEPQVGTKIIMRAVNDWILERLAGKKTPRLCTREEFIAKVRSNAALGAWSDEQNRWSNAREAVEDPEFWRLVDEERERHLRGRCAQCVYNMMGKREKKLGEFGVAKGSRAIWYMWLGSRYLEFEALGFLNEDHWASRDLSGAGVEGISLNYLGWHLKRLSELEGGLFYADDTAGWDTRITNADLEDEEQILRYLKGEHRTLAKTILEKAYHAKVVKVARPSSSGGCVMDIITRRDQRGSGQVVTYALNTLTNIKVQLIRMMEGEGVIGPSDSQ---DPRLLRVEAWLKEYGEERLTRMLVSGDDCVVRPIDDRFGKALYFLNDMAKVRKDIGEWEPSEGYSSWEEVPFCSHHFHELTMKDGRVIIVPCRDQDELVGRARVSPGCGWSVRETACLSKAYGQMWLLSYFHRRDLRTLGLAICSAVPIDWVPQGRTTWSIHASGAWMTTEDMLEVWNRVWILDNPFMSDKGKVKEWRDIPYLPKSQDGLCSSLVGRRERAEWAKNIWGSVEKVRRMIGPERYADYL
WN1|ABA62343.1|Flavivirus_RdRp|2850-3416	Kyasanur|AAQ91607.1|Flavivirus_RdRp|2834-3397	65.432	567	193	1	1	567	1	564	0.0	776	LVNGVVRLLSKPWDTITNVTTMAMTDTTPFGQQRVFKEKVDTKAPEPPEGVKYVLNETTNWLWAFLAREKRPRMCSREEFIRKVNSNAALGAMFEEQNQWRSAREAVEDPKFWEMVDEEREAHLRGECHTCIYNMMGKREKKPGEFGKAKGSRAIWFMWLGARFLEFEALGFLNEDHWLGRKNSGGGVEGLGLQKLGYILREVGTRPGGKIYADDTAGWDTRITRADLENEAKVLELLDGEHRRLARAIIELTYRHKVVKVMRPAADGRTVMDVISREDQRGSGQVVTYALNTFTNLAVQLVRMMEGEGVIGPDDVEKLTKGKGPKVRTWLFENGEERLSRMAVSGDDCVVKPLDDRFATSLHFLNAMSKVRKDIQEWKPSTGWYDWQQVPFCSNHFTELIMKDGRTLVVPCRGQDELVGRARISPGAGWNVRDTACLAKSYAQMWLLLYFHRRDLRLMANAICSAVPVNWVPTGRTTWSIHAGGEWMTTEDMLEVWNRVWIEENEWMEDKTPVEKWSDVPYSGKREDIWCGSLIGTRARATWAENIQVAINQVRAIIGDEKYVDYM	LINGVVKLLSWPWNAREDVVRMAMTDTTAFGQQRVFKEKVDTKAQEPQVGTKIIMRAVNDWIFERLAGKKTPRLCTREEFIAKVRSNAALGAWSDEQNRWPNAREAVEDPEFWRLVDEERERHLGGRCAQCVYNMMGKREKKLGEFGVAKGSRAIWYMWLGSRYLEFEALGFLNEDHWASRDLSGAGVEGTSLNYLGWHLKKLSELEGGLFYADDTAGWDTRITNADLEDEEQILRYLEGEHRTLAKTILEKAYHAKVVKVARPSSSGGCVMDIITRRDQRGSGQVVTYALNTLTNIKVQLIRMMEGEGVIGPSDSQ---DPRLLRVEAWLKEHGEERLTRMLVSGDDCVVRPIDDRFGKALYFLNDMAKVRKDIGEWEPSEGYSSWEEVPFCSHHFHELTMKDGRVIIVPCRDQDELVGRARVSPGCGWSVRETACLSKAYGQMWLLSYFHRRDLRTLGLAICSAVPIDWVPQGRTTWSIHASGAWMTTEDMLEVWNRVWILDNPFMGDKGKVREWRDIPYLPKSQDGLCSSLVGRRERAEWAKNIWGSVEKVRRMIGPERYADYL
WN1|ABA62343.1|Flavivirus_RdRp|2850-3416	Omsk|AAP29989.1|Flavivirus_RdRp|2832-3395	64.021	567	201	1	1	567	1	564	0.0	772	LVNGVVRLLSKPWDTITNVTTMAMTDTTPFGQQRVFKEKVDTKAPEPPEGVKYVLNETTNWLWAFLAREKRPRMCSREEFIRKVNSNAALGAMFEEQNQWRSAREAVEDPKFWEMVDEEREAHLRGECHTCIYNMMGKREKKPGEFGKAKGSRAIWFMWLGARFLEFEALGFLNEDHWLGRKNSGGGVEGLGLQKLGYILREVGTRPGGKIYADDTAGWDTRITRADLENEAKVLELLDGEHRRLARAIIELTYRHKVVKVMRPAADGRTVMDVISREDQRGSGQVVTYALNTFTNLAVQLVRMMEGEGVIGPDDVEKLTKGKGPKVRTWLFENGEERLSRMAVSGDDCVVKPLDDRFATSLHFLNAMSKVRKDIQEWKPSTGWYDWQQVPFCSNHFTELIMKDGRTLVVPCRGQDELVGRARISPGAGWNVRDTACLAKSYAQMWLLLYFHRRDLRLMANAICSAVPVNWVPTGRTTWSIHAGGEWMTTEDMLEVWNRVWIEENEWMEDKTPVEKWSDVPYSGKREDIWCGSLIGTRARATWAENIQVAINQVRAIIGDEKYVDYM	LINGVVKLLSWPWNAREDVVRMAMTDTTAFGQQRVFKDKVDTKAQEPQPGTRVIMRAVNDWMFERLARRSRPRMCSREEFIAKVKANAALGAWSDEQNKWASAKEAVEDPAFWHLVDEERERHLKGRCAHCVYNMMGKREKKLGEFGVAKGSRAIWYMWLGSRFLEFEALGFLNEDHWASRESSGAGVEGISLNYLGWHLKKLSLLEGGLFYADDTAGWDTRVTNADLEDEEQILRYMEGEHKQLAATVMQKAYHAKVVKVARPSRDGGCIMDVITRRDQRGSGQVVTYALNTLTNIKVQLIRMMEGEGVIEATDSH---NPRLLRVERWLRDHGEERLGRMLISGDDCVVRPIDDRFSKALYFLNDMAKTRKDIGEWEHSAGFSSWEEVPFCSHHFHELVMKDGRTLVVPCRDQDELVGRARVSPGCGWSVRETACLSKAYGQMWLLSYFHRRDLRTLGFAICSAVPKDWVPTGRTTWSVHASGAWMTTENMLDVWNRVWILDNPFMENKEKVGEWRDIPYLPKSQDMMCSSLVGRRERAEWAKNIWGAVEKVRKMLGPERYSDYL
WN1|ABA62343.1|Flavivirus_RdRp|2850-3416	Tick_borne|AAA86870.1|Flavivirus_RdRp|2832-3395	65.256	567	194	1	1	567	1	564	0.0	771	LVNGVVRLLSKPWDTITNVTTMAMTDTTPFGQQRVFKEKVDTKAPEPPEGVKYVLNETTNWLWAFLAREKRPRMCSREEFIRKVNSNAALGAMFEEQNQWRSAREAVEDPKFWEMVDEEREAHLRGECHTCIYNMMGKREKKPGEFGKAKGSRAIWFMWLGARFLEFEALGFLNEDHWLGRKNSGGGVEGLGLQKLGYILREVGTRPGGKIYADDTAGWDTRITRADLENEAKVLELLDGEHRRLARAIIELTYRHKVVKVMRPAADGRTVMDVISREDQRGSGQVVTYALNTFTNLAVQLVRMMEGEGVIGPDDVEKLTKGKGPKVRTWLFENGEERLSRMAVSGDDCVVKPLDDRFATSLHFLNAMSKVRKDIQEWKPSTGWYDWQQVPFCSNHFTELIMKDGRTLVVPCRGQDELVGRARISPGAGWNVRDTACLAKSYAQMWLLLYFHRRDLRLMANAICSAVPVNWVPTGRTTWSIHAGGEWMTTEDMLEVWNRVWIEENEWMEDKTPVEKWSDVPYSGKREDIWCGSLIGTRARATWAENIQVAINQVRAIIGDEKYVDYM	LINGVVKLLSWPWNAREDVVRMAMTDTTAFGQQRVFKDKVDTKAQEPQPGTRVIMRAVNDWILERLAQKSKPRMCSREEFIAKVKSNAALGAWSDEQNRWASAREAVEDPAFWRLVDEERERHLMGRCAHCVYNMMGKREKKLGEFGVAKGSRAIWYMWLGSRFLEFEALGFLNEDHWASRESSGAGVEGISLNYLGWHLKKLSTLNGGLFYADDTAGWDTKVTNADLEDEEQILRYMEGEHKQLATTIMQKAYHAKVVKVARPSRDGGCIMDVITRRDQRGSGQVVTYALNTLTNIKVQLIRMMEGEGVIEAADAH---NPRLLRVERWLKEHGEERLGRMLVSGDDCVVRPLDDRFGKALYFLNDMAKTRKDIGEWEHSAGFSSWEEVPFCSHHFHELVMKDGRTLVVPCRDQDELVGRARISPGCGWSVRETACLSKAYGQMWLLSYFHRRDLRTLGLAINSAVPADWVPTGRTTWSIHASGAWMTTEDMLDVWNRVWILDNPFMQNKERVMEWRDVPYLPKAQDMLCSSLVGRRERAEWAKNIWGAVEKVRKMIGPEKFKDYL
WN1|ABA62343.1|Flavivirus_RdRp|2850-3416	Royal_farm|ABB90673.1|Flavivirus_RdRp|2835-3398	65.079	567	195	1	1	567	1	564	0.0	769	LVNGVVRLLSKPWDTITNVTTMAMTDTTPFGQQRVFKEKVDTKAPEPPEGVKYVLNETTNWLWAFLAREKRPRMCSREEFIRKVNSNAALGAMFEEQNQWRSAREAVEDPKFWEMVDEEREAHLRGECHTCIYNMMGKREKKPGEFGKAKGSRAIWFMWLGARFLEFEALGFLNEDHWLGRKNSGGGVEGLGLQKLGYILREVGTRPGGKIYADDTAGWDTRITRADLENEAKVLELLDGEHRRLARAIIELTYRHKVVKVMRPAADGRTVMDVISREDQRGSGQVVTYALNTFTNLAVQLVRMMEGEGVIGPDDVEKLTKGKGPKVRTWLFENGEERLSRMAVSGDDCVVKPLDDRFATSLHFLNAMSKVRKDIQEWKPSTGWYDWQQVPFCSNHFTELIMKDGRTLVVPCRGQDELVGRARISPGAGWNVRDTACLAKSYAQMWLLLYFHRRDLRLMANAICSAVPVNWVPTGRTTWSIHAGGEWMTTEDMLEVWNRVWIEENEWMEDKTPVEKWSDVPYSGKREDIWCGSLIGTRARATWAENIQVAINQVRAIIGDEKYVDYM	LINGVVKLLSWPWNAREDVVRMAMTDTTAFGQQRVFKDKVDTKAQEPQPGTRVIMRCVNDWMMDRLAKRSKPRLCTKEEFCAKVRSNAALGAWTDEQNIWKNAREAVEDPGFWNLVDAERELHRQGRCAQCVYNMMGKREKKLGEFGSAKGSRAIWYMWLGSRFLEFEALGFLNEDHWASREACGAGVEGTSLNYLGWLVRELGQMNGGKMYADDTAGWDTRITNADLEDEEQLLRHMEGEHRVLARTIFQKAYHAKVVRVARPSSDGGCVMGIITRRDQRGSGQVVTYALNTPTNIKVQLMRMMESEGVIGPADAH---DPRLLRVENWLQRHGEERLRRMLVSGDDCVVKPIDDRFAGALYFLNDMAKVRKDTTEWEHSRGFESWEEVPFCPHHFHELVMKDGRTLVVPCRDQDELVGRARVSPGCGWSIRETACLSKAYGQMWLLSYFHRRDLRTLGLAICSAVPVDWVPTGRTTWSIHASGAWMTTEDMLEVWNRVWIQDNPYMEDKSKVAEWRDVPYLPKAQDMVCGSLIGRADRAEWARKIWTGVLKVRAMIGHERYRDYL
