WN1|ABA62343.1|nonstructural	Usutu|AAS59402.1|NS4a|2123-2248	100.000	149	0	0	1	149	127	275	2.32e-107	298	SQIGLIEVLGKMPEHFMGKTWEALDTMYVVATAEKGGRAHRMALEELPDALQTIALIALLSVMTMGVFFLLMQRKGIGKIGLGGAVLGVATFFCWMAEVPGTKIAGMLLLSLLLMIVLIPEPEKQRSQTDNQLAVFLICVMTLVSAVAA	SQIGLIEVLGKMPEHFMGKTWEALDTMYVVATAEKGGRAHRMALEELPDALQTIALIALLSVMTMGVFFLLMQRKGIGKIGLGGAVLGVATFFCWMAEVPGTKIAGMLLLSLLLMIVLIPEPEKQRSQTDNQLAVFLICVMTLVSAVAA
WN1|ABA62343.1|nonstructural	Usutu|AAS59402.1|NS4a|2123-2248	78.125	128	28	0	1	128	1	128	3.34e-62	183	SQIGLIEVLGKMPEHFMGKTWEALDTMYVVATAEKGGRAHRMALEELPDALQTIALIALLSVMTMGVFFLLMQRKGIGKIGLGGAVLGVATFFCWMAEVPGTKIAGMLLLSLLLMIVLIPEPEKQRSQ	SAVGFLEVLGRMPEHFAGKTREAFDTMYLVATAEKGGKAHRMALEELPDALETITLIVALAVMTAGVFLLLVQRRGIGKLGLGGMVLGLATFFLWMADVSGTKIAGTLLLALLMMIVLIPEPEKQRSQ
WN1|ABA62343.1|nonstructural	Kunjin|BAA00176.1|NS4A|2125-2273	96.644	149	5	0	1	149	1	149	1.67e-105	288	SQIGLIEVLGKMPEHFMGKTWEALDTMYVVATAEKGGRAHRMALEELPDALQTIALIALLSVMTMGVFFLLMQRKGIGKIGLGGAVLGVATFFCWMAEVPGTKIAGMLLLSLLLMIVLIPEPEKQRSQTDNQLAVFLICVMTLVSAVAA	SQIGFIEVLGKMPEHFMGKTWEALDTMYVVATAEKGGRAHRMALEELPDALQTIALIALLSVMTMGVFFLLMQRKGIGKIGLGGVVLGAATFFCWMAEVPGTKIAGMLLLSLLLMIVLIPEPEKQRSQTDNQLAVFLICVLTLVGAVAA
WN1|ABA62343.1|nonstructural	Japanese_Encephalitis|AAA81554.1|NS	78.523	149	32	0	1	149	1	149	2.28e-83	237	SQIGLIEVLGKMPEHFMGKTWEALDTMYVVATAEKGGRAHRMALEELPDALQTIALIALLSVMTMGVFFLLMQRKGIGKIGLGGAVLGVATFFCWMAEVPGTKIAGMLLLSLLLMIVLIPEPEKQRSQTDNQLAVFLICVMTLVSAVAA	SAISFIEVLGRMPEHFMGKTREALDTMYLVATAEKGGKAHRMALEELPDALETITLIVAITVMTGGFFLLMMQRKGIGKMGLGALVLTLATFFLWAAEVPGTKIAGTLLIALLLMVVLIPEPEKQRSQTDNQLAVFLICVLTVVGVVAA
WN1|ABA62343.1|nonstructural	Murray|AAF05296.1|Flavi_NS4A|2130-2269	77.857	140	31	0	8	147	1	140	2.46e-72	204	VLGKMPEHFMGKTWEALDTMYVVATAEKGGRAHRMALEELPDALQTIALIALLSVMTMGVFFLLMQRKGIGKIGLGGAVLGVATFFCWMAEVPGTKIAGMLLLSLLLMIVLIPEPEKQRSQTDNQLAVFLICVMTLVSAV	VLGRMPEHFAGKTREALDTMYLVATSEKGGKAHRMALEELPDALETITLIAALGVMTAGFFLLMMQRKGIGKLGLGALVLVVATFFLWMSDVSGTKIAGVLLLALLMMVVLIPEPEKQRSQTDNQLAVFLICVLLVVGLV
WN1|ABA62343.1|nonstructural	Alfuy|AAX82481.1|non-structural	74.453	137	35	0	1	137	1	137	1.73e-66	189	SQIGLIEVLGKMPEHFMGKTWEALDTMYVVATAEKGGRAHRMALEELPDALQTIALIALLSVMTMGVFFLLMQRKGIGKIGLGGAVLGVATFFCWMAEVPGTKIAGMLLLSLLLMIVLIPEPEKQRSQTDNQLAVFL	SAMGFVEVLGRMPEHFAGKTRDALDIMYLVVTSERGGKAHKMALEELPDALETLALIAALGVMTAGFFLVMMQRKGIGKLGLGTLVLCLATFFLWMADVSCTKIAGMLLLSLLMMVVLIPEPEKQRSQTDNQLAVFL
WN1|ABA62343.1|nonstructural	Saint_Louis|ABG37975.1|Flavi_NS4A|2125-2264	63.571	140	51	0	8	147	1	140	1.34e-64	184	VLGKMPEHFMGKTWEALDTMYVVATAEKGGRAHRMALEELPDALQTIALIALLSVMTMGVFFLLMQRKGIGKIGLGGAVLGVATFFCWMAEVPGTKIAGMLLLSLLLMIVLIPEPEKQRSQTDNQLAVFLICVMTLVSAV	VMGRMPNHFWEKTVAAADTLYLLGTSEANSRAHKEALAELPDSLETLLLIGMLCVMSMGTFIFLMNRKGVGKMGLGAFVMTLATALLWAAEVPGTQIAGVLLIVFLLMIVLIPEPEKQRSQTDNQLAVFLICIMTLMGVV
WN1|ABA62343.1|nonstructural	Iguape|AAV34154.1|Flavi_NS4A|2115-2257	48.951	143	73	0	5	147	1	143	1.22e-46	139	LIEVLGKMPEHFMGKTWEALDTMYVVATAEKGGRAHRMALEELPDALQTIALIALLSVMTMGVFFLLMQRKGIGKIGLGGAVLGVATFFCWMAEVPGTKIAGMLLLSLLLMIVLIPEPEKQRSQTDNQLAVFLICVMTLVSAV	ILDVVGMLPRHFSEKGTDALDNLKILMTSDPNGRAYRHAVSELPETLETILLISMLTVASLSVFLLLMRQKGIGKMGLGFIVLVATGGLLMMADVAPAKIAGVIILVFLLMVVLIPEPEKQRTIQDNQLAIIVLLVLSLGLAV
WN1|ABA62343.1|nonstructural	Naranjal|AIU94742.1|Flavi_NS4A|2132-2270	47.482	139	73	0	9	147	1	139	4.58e-43	130	LGKMPEHFMGKTWEALDTMYVVATAEKGGRAHRMALEELPDALQTIALIALLSVMTMGVFFLLMQRKGIGKIGLGGAVLGVATFFCWMAEVPGTKIAGMLLLSLLLMIVLIPEPEKQRSQTDNQLAVFLICVMTLVSAV	VGKLPEHLGARLKDSIDVLYLAFTAEAGSRPHREAMHELPAALETILVFALLMALTGTTFFLLMRHKGINKMGYGMIVMTAVGGLLWYGNIQAPKIAGILLLTFLLMVVLIPEPEKQRSIQDNQLALAVLGCLVFLGTV
WN1|ABA62343.1|nonstructural	Spondweni|ABI54480.1|NS4a|2122-2248	48.780	123	63	0	4	126	5	127	1.41e-39	120	GLIEVLGKMPEHFMGKTWEALDTMYVVATAEKGGRAHRMALEELPDALQTIALIALLSVMTMGVFFLLMQRKGIGKIGLGGAVLGVATFFCWMAEVPGTKIAGMLLLSLLLMIVLIPEPEKQR	GLIEAFGMLPGHMTERFQEAVDNLAVLMRAEAGSRAHRMAAAQLPETMETILLLSLLAFVSLGVFFVLMRAKGLGKMGSGMIVLAGSGWLMWMSEVEPARIACVVIIVFLLMVVLIPEPEKQR
WN1|ABA62343.1|nonstructural	Dengue_1|AAB70695.1|nonstructural	39.310	145	88	0	5	149	6	150	3.80e-38	118	LIEVLGKMPEHFMGKTWEALDTMYVVATAEKGGRAHRMALEELPDALQTIALIALLSVMTMGVFFLLMQRKGIGKIGLGGAVLGVATFFCWMAEVPGTKIAGMLLLSLLLMIVLIPEPEKQRSQTDNQLAVFLICVMTLVSAVAA	LILEIGKLPQHLTQRAQNALDNLVMLHNSEQGGKAYRHAMEELPDTIETLMLLALIAVLTGGVTLFFLSGRGLGKTSIGLLCVIASSALLWMASVEPHWIAASIILEFFLMVLLIPEPDRQRTPQDNQLAYVVIGLLFMILTVAA
WN1|ABA62343.1|nonstructural	Dengue_3|AAM51537.1|nonstructural	41.497	147	86	0	3	149	4	150	1.48e-37	116	IGLIEVLGKMPEHFMGKTWEALDTMYVVATAEKGGRAHRMALEELPDALQTIALIALLSVMTMGVFFLLMQRKGIGKIGLGGAVLGVATFFCWMAEVPGTKIAGMLLLSLLLMIVLIPEPEKQRSQTDNQLAVFLICVMTLVSAVAA	LDLVTEIGRVPSHLAHRTRNALDNLVMLHTSEDGGRAYRHAVEELPETMETLLLLGLMILLTGGAMLFLISGKGIGKTSIGLICVIASSGMLWMAEVPLQWIASAIVLEFFMMVLLIPEPEKQRTPQDNQLAYVVIGILTLAATIAA
WN1|ABA62343.1|nonstructural	Zika_Brasil|AMB18850.1|Flavi_NS4A|2125-2269	41.379	145	85	0	5	149	1	145	1.18e-36	114	LIEVLGKMPEHFMGKTWEALDTMYVVATAEKGGRAHRMALEELPDALQTIALIALLSVMTMGVFFLLMQRKGIGKIGLGGAVLGVATFFCWMAEVPGTKIAGMLLLSLLLMIVLIPEPEKQRSQTDNQLAVFLICVMTLVSAVAA	VMEALGTLPGHMTERFQEAIDNLAVLMRAETGSRPYKAAAAQLPETLETIMLLGLLGTVSLGIFFVLMRNKGIGKMGFGMVTLGASAWLMWLSEIEPARIACVLIVVFLLLVVLIPEPEKQRSPQDNQMAIIIMVAVGLLGLITA
WN1|ABA62343.1|nonstructural	Zika_Africa|AAV34151.1|Flavi_NS4A|2121-2265	41.379	145	85	0	5	149	1	145	1.18e-36	114	LIEVLGKMPEHFMGKTWEALDTMYVVATAEKGGRAHRMALEELPDALQTIALIALLSVMTMGVFFLLMQRKGIGKIGLGGAVLGVATFFCWMAEVPGTKIAGMLLLSLLLMIVLIPEPEKQRSQTDNQLAVFLICVMTLVSAVAA	VMEALGTLPGHMTERFQEAIDNLAVLMRAETGSRPYKAAAAQLPETLETIMLLGLLGTVSLGIFFVLMRNKGIGKMGFGMVTLGASAWLMWLSEIEPARIACVLIVVFLLLVVLIPEPEKQRSPQDNQMAIIIMVAVGLLGLITA
WN1|ABA62343.1|nonstructural	Dengue_4|AAG45435.1|NS4A	44.068	118	66	0	9	126	10	127	6.72e-35	108	LGKMPEHFMGKTWEALDTMYVVATAEKGGRAHRMALEELPDALQTIALIALLSVMTMGVFFLLMQRKGIGKIGLGGAVLGVATFFCWMAEVPGTKIAGMLLLSLLLMIVLIPEPEKQR	IASLPTYLSSRAKLALDNIVMLHTTERGGRAYQHALNELPESLETLMLVALLGAMTAGIFLFFMQGKGIGKLSMGLITIAVASGLLWVAEIQPQWIAASIILEFFLMVLLIPEPEKQR
WN1|ABA62343.1|nonstructural	Dengue_2|AAB58782.1|Flavi_NS4A|2098-2240	42.657	143	82	0	4	146	1	143	8.67e-32	101	GLIEVLGKMPEHFMGKTWEALDTMYVVATAEKGGRAHRMALEELPDALQTIALIALLSVMTMGVFFLLMQRKGIGKIGLGGAVLGVATFFCWMAEVPGTKIAGMLLLSLLLMIVLIPEPEKQRSQTDNQLAVFLICVMTLVSA	NLITEMGRLPTFMTQKARDALDNLAVLHTAEAGGRAYNHALSELPETLETLLLLTLLATVTGGIFLFLMSGRGIGKMTLGMCCIITASILLWYAQIQPHWIAASIILEFFLIVLLIPEPEKQRTPQDNQLTYVVIAILTVVAA
WN1|ABA62343.1|nonstructural	Kokobera|AAV34157.1|Flavi_NS4A|2113-2255	39.860	143	86	0	5	147	1	143	4.17e-31	99.8	LIEVLGKMPEHFMGKTWEALDTMYVVATAEKGGRAHRMALEELPDALQTIALIALLSVMTMGVFFLLMQRKGIGKIGLGGAVLGVATFFCWMAEVPGTKIAGMLLLSLLLMIVLIPEPEKQRSQTDNQLAVFLICVMTLVSAV	ILDLIAVLPSHLNLRLQEALDTAAILSRSEPGSRSYKAALENSPEMIETFLLCALVCLMTIGLVVVLVRGKGPGKLAFGMVSIGVMTWLLWSAGVDPGKIAAAVILVFLLLVVLIPEPEKQRSVQDNQLAMLMLLIATILGGV
WN1|ABA62343.1|nonstructural	Kedougou|AAV34156.1|Flavi_NS4A|2111-2253	41.958	143	83	0	5	147	1	143	1.24e-29	96.3	LIEVLGKMPEHFMGKTWEALDTMYVVATAEKGGRAHRMALEELPDALQTIALIALLSVMTMGVFFLLMQRKGIGKIGLGGAVLGVATFFCWMAEVPGTKIAGMLLLSLLLMIVLIPEPEKQRSQTDNQLAVFLICVMTLVSAV	VIDGLAQVPSHLLERFKAAVDTLTVLSTADPAGRAYRHAVGELPETLETIMLFSMLLLVTGGGCLLMMKSKPIGKMTAGLVVTLVAAGLCWQANVSKVVIASGMTVTLLLLIVLVPEPERQRSVQDNYIAMLVLGVTVLLGLV
WN1|ABA62343.1|nonstructural	Yellow_fever|CAA27332.1|putative	37.324	142	89	0	8	149	8	149	1.91e-29	99.4	VLGKMPEHFMGKTWEALDTMYVVATAEKGGRAHRMALEELPDALQTIALIALLSVMTMGVFFLLMQRKGIGKIGLGGAVLGVATFFCWMAEVPGTKIAGMLLLSLLLMIVLIPEPEKQRSQTDNQLAVFLICVMTLVSAVAA	VLSELPDFLAKKGGEAMDTISVFLHSEEGSRAYRNALSMMPEAMTIVMLFILAGLLTSGMVIFFMSPKGISRMSMAMGTMAGCGYLMFLGGVKPTHISYVMLIFFVLMVVVIPEPGQQRSIQDNQVAYLIIGILTLVSAVAA
WN1|ABA62343.1|nonstructural	Sepik|ABI23562.1|Flavi_NS4A|2107-2249	31.061	132	91	0	13	144	9	140	9.76e-25	83.6	PEHFMGKTWEALDTMYVVATAEKGGRAHRMALEELPDALQTIALIALLSVMTMGVFFLLMQRKGIGKIGLGGAVLGVATFFCWMAEVPGTKIAGMLLLSLLLMIVLIPEPEKQRSQTDNQLAVFLICVMTLV	PKYLSGRMKEAVDTLTVLYNSEAGSRAYKHALAMMPEAVTIFLLIMLTIICTSGIVMFFLAPKGLSRMSMAMMTMLVSAYLMSLGGMNPVQVSCVMLVFFIFMVVLIPEPGTQRSTYDNQLIYLLVGVMSVI
WN1|ABA62343.1|nonstructural	Saboya|ABI54478.1|NS4a|2089-2214	30.952	126	87	0	1	126	1	126	1.94e-24	82.4	SQIGLIEVLGKMPEHFMGKTWEALDTMYVVATAEKGGRAHRMALEELPDALQTIALIALLSVMTMGVFFLLMQRKGIGKIGLGGAVLGVATFFCWMAEVPGTKIAGMLLLSLLLMIVLIPEPEKQR	STRDLLDILWEVPNQLGEKARSSIDTLMILMKSEEGSRAHKLAMQEAPEALTTIILVVLVAMCSLGMIFFLMRPKGIDKMSMAMVTMAVTGYLLSAGGLTHVQVGGCMLVFFVMMVVMIPESGTQR
WN1|ABA62343.1|nonstructural	Potiskum|ABI54483.1|NS4a|2089-2214	30.952	126	87	0	1	126	1	126	4.27e-24	81.3	SQIGLIEVLGKMPEHFMGKTWEALDTMYVVATAEKGGRAHRMALEELPDALQTIALIALLSVMTMGVFFLLMQRKGIGKIGLGGAVLGVATFFCWMAEVPGTKIAGMLLLSLLLMIVLIPEPEKQR	STRDLLDILWEVPNQLGEKIGSSIDTLMILMKSEEGSRAHKLAMQEAPEALTTIILVVLVAMCSLGMVFFLMRPKGIDKMSMAMVTMAVTGYLLSAGGLTHVQVGGCMLVFFVMMVVMIPESGTQR
WN1|ABA62343.1|nonstructural	Alkhurma|AFF18426.1|NS4A|2113-2261	35.938	128	82	0	9	136	9	136	6.93e-23	79.0	LGKMPEHFMGKTWEALDTMYVVATAEKGGRAHRMALEELPDALQTIALIALLSVMTMGVFFLLMQRKGIGKIGLGGAVLGVATFFCWMAEVPGTKIAGMLLLSLLLMIVLIPEPEKQRSQTDNQLAVF	LAGVPGLLRHRCASALDVVYTLLNENPGSRAMRMAERDAPEAFLTIVEVAVLGVATLGILWCFVARTSVSRMFLGTVVLFAALLLLWIGGVDYGYMAGIALIFYIFLTVLQPEPGKQRSSDDNRLAYF
WN1|ABA62343.1|nonstructural	Langat|AAF75259.1|nonstructural	35.036	137	89	0	13	149	13	149	1.03e-22	78.6	PEHFMGKTWEALDTMYVVATAEKGGRAHRMALEELPDALQTIALIALLSVMTMGVFFLLMQRKGIGKIGLGGAVLGVATFFCWMAEVPGTKIAGMLLLSLLLMIVLIPEPEKQRSQTDNQLAVFLICVMTLVSAVAA	PALLRQRCTSAMDVFYTLMHEEPGSRAMRMAERDAPEAFLTAVEMLVLGLATLGVVWCFVVRTSVSRMVLGTLVLATSLIFLWAGGVGYGNMAGVALVFYTLLTVLQPETGKQRSSDDNKLAYFLLTLCGLAGMVAA
WN1|ABA62343.1|nonstructural	Bouboui|ABI54473.1|NS4a|2090-2213	32.500	120	81	0	7	126	5	124	1.29e-22	77.4	EVLGKMPEHFMGKTWEALDTMYVVATAEKGGRAHRMALEELPDALQTIALIALLSVMTMGVFFLLMQRKGIGKIGLGGAVLGVATFFCWMAEVPGTKIAGMLLLSLLLMIVLIPEPEKQR	QVLWELPVQMVTKFTQSIDTVSILLSAEEGTRAHKAALRDAPEAFVMIALTTMLTCCSAGLLFMLMRPKATNKMSMAMLTMAVAGYLLNLGGMTHTQVGCILLIFFLIMVVIIPESGTQR
WN1|ABA62343.1|nonstructural	Banzi|ABI54472.1|NS4a|2090-2213	27.273	121	88	0	6	126	4	124	7.54e-22	75.5	IEVLGKMPEHFMGKTWEALDTMYVVATAEKGGRAHRMALEELPDALQTIALIALLSVMTMGVFFLLMQRKGIGKIGLGGAVLGVATFFCWMAEVPGTKIAGMLLLSLLLMIVLIPEPEKQR	LSILWSVPNQLSEKLVQSIDTLTILLRSEEGSRAHKLALQQAPEAVSTLLLLGMMAICTLGLVILLMKPKATDKMSMAMVTMAITGYLLKLGGMTHAQVGGILLVFFIMMVVIIPESGTQR
WN1|ABA62343.1|nonstructural	Jugra|ABI54482.1|NS4a|2089-2214	27.869	122	88	0	5	126	5	126	2.40e-21	74.3	LIEVLGKMPEHFMGKTWEALDTMYVVATAEKGGRAHRMALEELPDALQTIALIALLSVMTMGVFFLLMQRKGIGKIGLGGAVLGVATFFCWMAEVPGTKIAGMLLLSLLLMIVLIPEPEKQR	LMHVMWSIPNQLTEKLGSSIDTLMILLRTEEGTRAHKLALQEAPEAVTTVLLVLMVGICSLGLIFMLLRPKGFDKMSMAMVTMAVTGYLLSAGGLTHVQVGGCMLVFFVMMVVMIPESGTQR
WN1|ABA62343.1|nonstructural	Royal_farm|ABB90673.1|Flavi_NS4A|2117-2259	34.965	143	93	0	5	147	1	143	2.02e-20	72.4	LIEVLGKMPEHFMGKTWEALDTMYVVATAEKGGRAHRMALEELPDALQTIALIALLSVMTMGVFFLLMQRKGIGKIGLGGAVLGVATFFCWMAEVPGTKIAGMLLLSLLLMIVLIPEPEKQRSQTDNQLAVFLICVMTLVSAV	ILESMGAVPTLLRDKCVHAYDVFYTLYRGSPGTRAYAMAQREAPEAVLTALEVVILGALTCGVLWSLMTRGSPGRMGLGVVVLLVSLGLMWAGGVTYGQMAGVSLLFYAFLTVIQPEPGKQRSTDDNKLAFVLLFLGVVIGGV
WN1|ABA62343.1|nonstructural	Karshi|ABE73208.1|Flavi_NS4A|2114-2257	31.034	145	96	1	3	147	4	144	4.10e-16	61.2	IGLIEVLGKMPEHFMGKTWEALDTMYVVATAEKGGRAHRMALEELPDALQTIALIALLSVMTMGVFFLLMQRKGIGKIGLGGAVLGVATFFCWMAEVPGTKIAGMLLLSLLLMIVLIPEPEKQRSQTDNQLAVFLICVMTLVSAV	MGMSEVPGLMRSRVLG----AYDVFYTLLHENPGSRALRMAERDAPEAFLTLIEVLVLGLATLGLLWVLLLRGSVSRMTLGVLVLLISLCLMWAGGMSYGHMAGVSLVFYAFLTVIQPEPGKQRSADDNRLAFTLLVLGMVIGTV
