WN1|ABA62343.1|nonstructural	Usutu|AAS59402.1|NS4b|2272-2529	100.000	255	0	0	1	255	259	513	0.0	519	NEMGWLDKTKSDISSLFGQRIEVKENFSMGEFLLDLRPATAWSLYAVTTAVLTPLLKHLITSDYINTSLTSINVQASALFTLARGFPFVDVGVSALLLAAGCWGQVTLTVTVTAATLLFCHYAYMVPGWQAEAMRSAQRRTAAGIMKNAVVDGIVATDVPELERTTPIMQKKVGQIMLILVSLAAVVVNPSVKTVREAGILITAAAVTLWENGASSVWNATTAIGLCHIMRGGWLSCLSITWTLIKNMEKPGLKR	NEMGWLDKTKSDISSLFGQRIEVKENFSMGEFLLDLRPATAWSLYAVTTAVLTPLLKHLITSDYINTSLTSINVQASALFTLARGFPFVDVGVSALLLAAGCWGQVTLTVTVTAATLLFCHYAYMVPGWQAEAMRSAQRRTAAGIMKNAVVDGIVATDVPELERTTPIMQKKVGQIMLILVSLAAVVVNPSVKTVREAGILITAAAVTLWENGASSVWNATTAIGLCHIMRGGWLSCLSITWTLIKNMEKPGLKR
WN1|ABA62343.1|nonstructural	Usutu|AAS59402.1|NS4b|2272-2529	63.953	258	90	1	1	255	1	258	3.57e-119	341	NEMGWLDKTKSDISSLFGQRIEVKENF---SMGEFLLDLRPATAWSLYAVTTAVLTPLLKHLITSDYINTSLTSINVQASALFTLARGFPFVDVGVSALLLAAGCWGQVTLTVTVTAATLLFCHYAYMVPGWQAEAMRSAQRRTAAGIMKNAVVDGIVATDVPELERTTPIMQKKVGQIMLILVSLAAVVVNPSVKTVREAGILITAAAVTLWENGASSVWNATTAIGLCHIMRGGWLSCLSITWTLIKNMEKPGLKR	NEYGMLERTKSDLGKIFSSTRQPQSALPLPSMNALALDLRPATAWALYGGSTVVLTPLIKHLVTSEYITTSLASISAQAGSLFNLPRGLPFTELDFTVVLVFLGCWGQVSLTTLITAAALATLHYGYMLPGWQAEALRAAQRRTAAGIMKNAVVDGLVATDVPELERTTPLMQKKVGQILLIGVSAAALLVNPCVTTVREAGILISAALLTLWDNGAIAVWNSTTATGLCHVIRGNWLAGASIAWTLIKNADKPACKR
WN1|ABA62343.1|nonstructural	Kunjin|BAA00176.1|NS4B|2274-2528	96.863	255	8	0	1	255	1	255	0.0	507	NEMGWLDKTKSDISSLFGQRIEVKENFSMGEFLLDLRPATAWSLYAVTTAVLTPLLKHLITSDYINTSLTSINVQASALFTLARGFPFVDVGVSALLLAAGCWGQVTLTVTVTAATLLFCHYAYMVPGWQAEAMRSAQRRTAAGIMKNAVVDGIVATDVPELERTTPIMQKKVGQIMLILVSLAAVVVNPSVKTVREAGILITAAAVTLWENGASSVWNATTAIGLCHIMRGGWLSCLSITWTLIKNMEKPGLKR	NEMGWLDKTKSDISGLFGQRIETKENFSIGEFLLDLRPATAWSLYAVTTAVLTPLLKHLITSDYITTSLTSINVQASALFTLARGFPFVDVGVSALLLAAGCWGQVTLTVTVTSATLLFCHYAYMVPGWQAEAMRSAQRRTAAGIMKNAVVDGIVATDVPELERTTPIMQKKVGQVMLILVSLAALVVNPSVKTVREAGILITAAAVTLWENGASSVWNATTAIGLCHIMRGGWLSCLSITWTLVKNMEKPGLKR
WN1|ABA62343.1|nonstructural	Alfuy|AAX82481.1|non-structural	61.868	257	96	1	1	255	1	257	1.84e-119	332	NEMGWLDKTKSDISSLFGQRIEVKENFSM--GEFLLDLRPATAWSLYAVTTAVLTPLLKHLITSDYINTSLTSINVQASALFTLARGFPFVDVGVSALLLAAGCWGQVTLTVTVTAATLLFCHYAYMVPGWQAEAMRSAQRRTAAGIMKNAVVDGIVATDVPELERTTPIMQKKVGQIMLILVSLAAVVVNPSVKTVREAGILITAAAVTLWENGASSVWNATTAIGLCHIMRGGWLSCLSITWTLIKNMEKPGLKR	NEFGMLEKTKEDLRHLFVGSKPANEAISMTTSMFTLDLRPATAWALYGGSTVVFTPMIKHIVTSQYVTTSLASISAQAGTLFTLPKGIPFSNIDMTVALVFLGCWGQITLTTLLTAVVLGVVHYGYLLPGWQAEALRAAQKRTAAGIMKNAVVDGIVATDVPELERTTPMMQKRLGQILLIGVSVTALLVNPRVTTVREAGVLCSAALLTLWDNSASAVWNSTTATGLCHVMRGSWLAGASIAWTLIKNAEKPTFKR
WN1|ABA62343.1|nonstructural	Iguape|AAV34154.1|Flavi_NS4B|2260-2504	51.012	247	118	2	1	246	1	245	1.20e-83	241	NEMGWLDKTKSDISSLFGQRIEVKENFSMGE-FLLDLRPATAWSLYAVTTAVLTPLLKHLITSDYINTSLTSINVQASALFTLARGFPFVDVGVSALLLAAGCWGQVTLTVTVTAATLLFCHYAYMVPGWQAEAMRSAQRRTAAGIMKNAVVDGIVATDVPELERTTPIMQKKVGQIMLILVSLAAVVVNPSVKTVREAGILITAAAVTLWENGASSVWNATTAIGLCHIMRGGWLSCLSITWTLIK	NEMGYLEKTKNDIISLWGRSRE--QNSTLQEWFIMDIKPATAWTLYAVTTTILTPFIQHHITTHYANVSLSAIAAQAGNLFMMKNGHPFTQLDWAVPLLALGCWSTMTPLALVAATLLLLVHYAYMIPGWQAMGARSAQARTAAGIMKNPVVDGVTVTDIPELEVPDPAIEKKLGQVLLISIALAAAFMRQDIIGWRECGILASAGIGTLWEGTPSKFWNASIASSLCNIIRGSHLAALPFLFTLIR
WN1|ABA62343.1|nonstructural	Zika_Africa|AAV34151.1|Flavi_NS4B|2266-2508	44.939	247	131	3	1	246	1	243	2.13e-64	192	NEMGWLDKTKSDISSLFGQRIE-VKENFSMGEFLLDLRPATAWSLYAVTTAVLTPLLKHLITSDYINTSLTSINVQASALFTLARGFPFVDVGVSALLLAAGCWGQVTLTVTVTAATLLFCHYAYMVPGWQAEAMRSAQRRTAAGIMKNAVVDGIVATDVPELERTTPIMQKKVGQIMLILVSLAAVVVNPSVKTVREAGILITAAAVTLWENGASSVWNATTAIGLCHIMRGGWLSCLSITWTLIK	NELGWLERTKNDIAHLMGRREEGATMGFSMD---IDLRPASAWAIYAALTTLITPAVQHAVTTSYNNYSLMAMATQAGVLFGMGKGMPFMHGDLGVPLLMMGCYSQLTPLTLIVAIILLVAHYMYLIPGLQAAAARAAQKRTAAGIMKNPVVDGIVVTDIDTMT-IDPQVEKKMGQVLLIAVAISSAVLLRTAWGWGEAGALITAATSTLWEGSPNKYWNSSTATSLCNIFRGSYLAGASLIYTVTR
WN1|ABA62343.1|nonstructural	Zika_Brasil|AMB18850.1|Flavi_NS4B|2270-2508	45.714	245	124	5	1	242	1	239	2.50e-63	189	NEMGWLDKTKSDISSLFGQRIE-VKENFSMGEFLLDLRPATAWSLYAVTTAVLTPLLKHLITSDYINTSLTSINVQASALFTLARGFPFV--DVGVSALLLAAGCWGQVTLTVTVTAATLLFCHYAYMVPGWQAEAMRSAQRRTAAGIMKNAVVDGIVATDVPELERTTPIMQKKVGQIMLILVSLAAVVVNPSVKTVREAGILITAAAVTLWENGASSVWNATTAIGLCHIMRGGWLSCLSITW	NELGWLERTKSDLSHLMGRREEGATIGFSMD---IDLRPASAWAIYAALTTFITPAVQHAVTTSYNNYSLMAMATQAGVLFGMGKGMPFYAWDFGVPLLMI--GCYSQLTPLTLIVAIILLVAHYMYLIPGLQAAAARAAQKRTAAGIMKNPVVDGIVVTDIDTMT-IDPQVEKKMGQVLLIAVAVSSAILSRTAWGWGEAGALITAATSTLWEGSPNKYWNSSTATSLCNIFRGSYLAGASLIY
WN1|ABA62343.1|nonstructural	Dengue_4|AAG45435.1|NS4B	39.841	251	143	4	1	251	1	243	5.08e-59	178	NEMGWLDKTKSDISSLFGQRIEVKENFSMGEFLLDLRPATAWSLYAVTTAVLTPLLKHLITSDYINTSLTSINVQASALFTLARGFPFVDVGVSALLLAAGCWGQVTLTVTVTAATLLFCHYAYMVPGWQAEAMRSAQRRTAAGIMKNAVVDGIVATDVPELERTTPIMQKKVGQIMLILVSLAAVVVNPSVKTVREAGILITAAAVTLWENGASSVWNATTAIGLCHIMRGGWLSCLSITWTLIKNMEKP	NEMGLIEKTKTD----FG-FYQVKTETTILD--VDLRPASAWTLYAVATTILTPMLRHTIENTSANLSLAAIANQAAVLMGLGKGWPLHRMDLGVPLLAMGCYSQVNPTTLTASLVMLLVHYAIIGPGLQAKATREAQKRTAAGIMKNPTVDGITVIDLEPISY-DPKFEKQLGQVMLLVLCAGQLLLMRTTWAFCEVLTLATGPILTLWEGNPGRFWNTTIAVSTANIFRGSYLAGAGLAFSLIKNAQTP
WN1|ABA62343.1|nonstructural	Spondweni|ABI54480.1|NS4b|2272-2525	45.817	251	129	4	1	247	1	248	5.33e-59	179	NEMGWLDKTKSDISSLFGQRIEVKENFSMGEFLLD--LRPATAWSLYAVTTAVLTPLLKHLITSDYINTSLTSINVQASALFTLARGFPFV--DVGVSALLLAAGCWGQVTLTVTVTAATLLFCHYAYMVPGWQAEAMRSAQRRTAAGIMKNAVVDGIVATDVPELERTTPIMQKKVGQIMLILVSLAAVVVNPSVKTVREAGILITAAAVTLWENGASSVWNATTAIGLCHIMRGGWLSCLSITWTLIKN	NELGWLERTKSDLTRLFWREHAEPTGGRGFSFSLDIDLRPASAWAIYAAMTTLITPTVQHAVTTSYNNYSLMAMATQAGVLFGMGRGVPFYKWDFGVPLLML--GCYSQLTPLTLIVALVMLAAHYLYLIPGLQATAARAAQRRTAAGIMKNPVVDGIVVTDIDPIQ-IDPNVEKKMGQVMLIFVALASAVLMRTAWGWGEAGALASAAAATLWEGAPNKYWNSSTATSLCNIFRGSYLAGPSLIYTVTRN
WN1|ABA62343.1|nonstructural	Dengue_2|AAB58782.1|Flavi_NS4B|2244-2484	40.964	249	136	6	1	246	1	241	5.10e-58	176	NEMGWLDKTKSDIS--SLFGQRIEVKENFSMGEFLLDLRPATAWSLYAVTTAVLTPLLKHLITSDYINTSLTSINVQASALFTLARGFPFVDVGVSALLLAAGCWGQVTLTVTVTAAT-LLFCHYAYMVPGWQAEAMRSAQRRTAAGIMKNAVVDGIVATDVPELERTTPIMQKKVGQIMLILVSLAAVVVNPSVKTVREAGILITAAAVTLWENGASSVWNATTAIGLCHIMRGGWLSCLSITWTLIK	NEMGFLEKTKKDLGLGSIATQQPE--SNI----LDIDLRPASAWTLYAVATTFVTPMLRHSIENSSVNVSLTAIANQATVLMGLGKGWPLSKMDIGVPLLAIGCYSQVN-PITLTAALFLLVAHYAIIGPGLQAKATREAQKRAAAGIMKNPTVDGITVIDLDPIPY-DPKFEKQLGQVMLLVLCVTQVLMMRTTWALCEALTLATGPISTLWEGNPGRFWNTTIAVSMANIFRGSYLAGAGLLFSIMK
WN1|ABA62343.1|nonstructural	Japanese_Encephalitis|AAA81554.1|NS	75.652	115	28	0	141	255	1	115	1.05e-55	182	TAAGIMKNAVVDGIVATDVPELERTTPIMQKKVGQIMLILVSLAAVVVNPSVKTVREAGILITAAAVTLWENGASSVWNATTAIGLCHIMRGGWLSCLSITWTLIKNMEKPGLKR	TAAGIMKNAVVDGMVATDVPELERTTPLMQKKVGQVLLIGVSVAAFLVNPNVTTVREAGVLVTAATLTLWDNGASAVWNSTTATGLCHVMRGSYLAGGSIAWTLIKNADKPSLKR
WN1|ABA62343.1|nonstructural	Dengue_1|AAB70695.1|nonstructural	40.400	250	141	5	1	248	1	244	2.23e-54	167	NEMGWLDKTKSDISSLFGQRIEVKENFSMGEFL-LDLRPATAWSLYAVTTAVLTPLLKHLITSDYINTSLTSINVQASALFTLARGFPFVDVGVSALLLAAGCWGQVTLTVTVTAATL-LFCHYAYMVPGWQAEAMRSAQRRTAAGIMKNAVVDGIVATDVPELERTTPIMQKKVGQIMLILVSLAAVVVNPSVKTVREAGILITAAAVTLWENGASSVWNATTAIGLCHIMRGGWLSCLSITWTLIKNM	NEMGLLETTKKDL----GIGHAAAENHHHAAMLDVDLHPASAWTLYAVATTIITPMMRHTIENTTANISLTAIANQAAILMGLDKGWPISKMDIGVPLLALGCYSQVN-PLTLTAAVLMLVAHYAIIGPGLQAKATREAQKRTAAGIMKNPTVDGIVAIDLDPVVYDAKF-EKQLGQIMLLILCTSQILLMRTTWALCESITLATGPLTTLWEGSPGKFWNTTIAVSMANIFRGSYLAGAGLAFSLMKSL
WN1|ABA62343.1|nonstructural	Dengue_3|AAM51537.1|nonstructural	37.903	248	149	2	1	248	1	243	4.89e-51	158	NEMGWLDKTKSDISSLFGQRIEVKENFSMGEFLLDLRPATAWSLYAVTTAVLTPLLKHLITSDYINTSLTSINVQASALFTLARGFPFVDVGVSALLLAAGCWGQVTLTVTVTAATLLFCHYAYMVPGWQAEAMRSAQRRTAAGIMKNAVVDGIVATDVPELERTTPIMQKKVGQIMLILVSLAAVVVNPSVKTVREAGILITAAAVTLWENGASSVWNATTAIGLCHIMRGGWLSCLSITWTLIKNM	NEMGLLETTKRDL----GMSKEPGVVSPTSYLDVDLHPASAWTLYAVATTVITPMLRHTIENSTANVSLAAIANQAVVLMGLDKGWPISKMDLGVPLLALGCYSQVNPLTLTAAVLLLITHYAIIGPGLQAKATREAQKRTAAGIMKNPTVDGIMTIDLDSVIFDSKF-EKQLGQVMLLVLCAVQLLLMRTSWALCEALTLATGPITTLWEGSPGKFWNTTIAVSMANIFRGSYLAGAGLAFSIMKSV
WN1|ABA62343.1|nonstructural	Potiskum|ABI54483.1|NS4b|2238-2486	34.286	245	156	3	1	244	1	241	2.34e-43	138	NEMGWLDKTKSDISSLFGQRIEVKENFSMGEFLLDLRPATAWSLYAVTTAVLTPLLKHLITSDYINTSLTSINVQASALFTLARGFPFVDVGVSALLLAAGCWGQVTLTVTVTAATLLFCHYAYMVPGWQAEAMRSAQRRTAAGIMKNAVVDGIVATDVPELERTTP-IMQKKVGQIMLILVSLAAVVVNPSVKTVREAGILITAAAVTLWENGASSVWNATTAIGLCHIMRGGWLSCLSITWTL	NELGWLEKTKGDLMRMTGTE---APTFSPAWNLVDFRPGAAWSLYVGMATFLTPVFVHWIKNEYGNASLTGITPTAGILAALNQGVPFVKFNTPVAVLLLAVWNNFTASSMAVALIMLVVHCGFLLPGVRAQCLREAQIRVFHGVAKNAMVDGNPTVDL-EKETSMPDLYEKKLALVLLGAGALANAMIVRSAFSLAELLVLGSAALGPLIEGNTSTMWNGPLAVSVAGIMRGNYYAALGVAYNF
WN1|ABA62343.1|nonstructural	Saboya|ABI54478.1|NS4b|2238-2486	33.878	245	157	3	1	244	1	241	6.39e-43	137	NEMGWLDKTKSDISSLFGQRIEVKENFSMGEFLLDLRPATAWSLYAVTTAVLTPLLKHLITSDYINTSLTSINVQASALFTLARGFPFVDVGVSALLLAAGCWGQVTLTVTVTAATLLFCHYAYMVPGWQAEAMRSAQRRTAAGIMKNAVVDGIVATDVPELERTTP-IMQKKVGQIMLILVSLAAVVVNPSVKTVREAGILITAAAVTLWENGASSVWNATTAIGLCHIMRGGWLSCLSITWTL	NELGWLERTKGDLMRMTGTE---APTFSPAWNLVDFRPGAAWSLYVGMATFLTPVFVHWIKNEYGNASLTGITPTAGILAALNQGVPFVKFNTPVAVLLLAVWNNFTASSMAVALIMLVVHCGFLLPGVRAQCLREAQIRVFHGVAKNAMVDGNPTVDL-EKETSMPDLYEKKLALVLLGAGALANAMIVRSAFSLAELLVLGSAALGPLIEGNTSTMWNGPLAVSVAGIMRGNYYAALGVAYNF
WN1|ABA62343.1|nonstructural	Banzi|ABI54472.1|NS4b|2237-2488	34.400	250	152	5	1	244	1	244	1.35e-41	134	NEMGWLDKTKSDISSLFGQRIEVKENFSMGEF---LLDLRPATAWSLYAVTTAVLTPLLKHLITSDYINTSLTSINVQASALFTLARGFPFVDVGVSALLLAAGCWGQVTLTVTVTAATLLFCHYAYMVPGWQAEAMRSAQRRTAAGIMKNAVVDGIVATDVPELERTTPIMQKKVGQIMLILVSLAAVVVNPSVKTV---REAGILITAAAVTLWENGASSVWNATTAIGLCHIMRGGWLSCLSITWTL	NELGWLEKTKAD---LFGNNMTHAQTVVLPTINWNWLDFRPGAAWSLYVGMATFLTPVFVHWIKNEYGNASLTGITPTAGILGALNQGVPFVKLNTSVGVLLLSVWNNFTTSSMLAAMVMLACHCLFVLPGVRAQCLREAQIRVFHGVAKNPMVDGNPTVDL-EKENDMPDLYEK--KLALVALGMAAVLNAAMVRTALTTAEMVVLGSAAVGPLLEGNTSAFWNGPLAVAVAGVMRGNHYALIGIVYNL
WN1|ABA62343.1|nonstructural	Jugra|ABI54482.1|NS4b|2238-2486	34.286	245	156	2	1	244	1	241	1.60e-41	134	NEMGWLDKTKSDISSLFG-QRIEVKENFSMGEFLLDLRPATAWSLYAVTTAVLTPLLKHLITSDYINTSLTSINVQASALFTLARGFPFVDVGVSALLLAAGCWGQVTLTVTVTAATLLFCHYAYMVPGWQAEAMRSAQRRTAAGIMKNAVVDGIVATDVPELERTTPIMQKKVGQIMLILVSLAAVVVNPSVKTVREAGILITAAAVTLWENGASSVWNATTAIGLCHIMRGGWLSCLSITWTL	NELGWLEKTKTDLQRLTGFESPSVTPTWS----FVDFRPGAAWSLYVGMATFLTPVFVHWIKNEYGNASLTGITPTASILTALNQGVPFVKFNASVAVLLLSVWNNFTASSMAVALTMLVVHSGFLLPGVRAQCLRDAQIRVFHGVAKNAMVDGNPTVDLEKEIGMPDLYEKKLALALLGLSAVANAMLVRSAFSFAEMVVLGSAALGPLLEGNTSTMWNGPLAVSVAGIMRGNYYASLGVVYNF
WN1|ABA62343.1|nonstructural	Bouboui|ABI54473.1|NS4b|2237-2487	31.557	244	166	1	1	244	1	243	2.53e-40	130	NEMGWLDKTKSDISSLFGQRIEVKENFSMGEFLLDLRPATAWSLYAVTTAVLTPLLKHLITSDYINTSLTSINVQASALFTLARGFPFVDVGVSALLLAAGCWGQVTLTVTVTAATLLFCHYAYMVPGWQAEAMRSAQRRTAAGIMKNAVVDGIVATDVPELERTTPIMQKKVGQIMLILVSLAAVVVNPSVKTVREAGILITAAAVTLWENGASSVWNATTAIGLCHIMRGGWLSCLSITWTL	NEMGWLEETKKDIFGTPSQS-DSPTGFHVDWSIMDFRPGAAWSLYVGVMTFLSPILIHWTKNEYGNASLSGITPTASILTALNQGVPFMKFNMSVIVLIVSVWNNFTASSMVAAMLMVVMHAMIVIPGVRAQCLREAQIRVYHGVAKNPVVDGNPTVDLDKEMPMPDLYEKKLALVLLGSAALLNTLVARSTMATAELLVLGSASIGPLIEGNTSMVWNGPLAVAVTGVMRGNYQALIGVCYNI
WN1|ABA62343.1|nonstructural	Sepik|ABI23562.1|Flavi_NS4B|2252-2492	30.328	244	164	3	1	243	1	239	5.79e-35	116	NEMGWLDKTKSDISSLFGQRI-EVKENFSMGEFLLDLRPATAWSLYAVTTAVLTPLLKHLITSDYINTSLTSINVQASALFTLARGFPFVDVGVSALLLAAGCWGQVTLTVTVTAATLLFCHYAYMVPGWQAEAMRSAQRRTAAGIMKNAVVDGIVATDVPELERTTPIMQKKVGQIMLILVSLAAVVVNPSVKTVREAGILITAAAVTLWENGASSVWNATTAIGLCHIMRGGWLSCLSITWT	NEMGMLEKTKRDI---FGTTVVEEGKKWTFPE--LDLHPGAAWTVYVGLVTLVTPMLHHWIKVDYGNISLSGITQNAQVLGLMDKGIPFIKMNMSVVILLLSAWNGITLLPLFAGMGAAALHWGFILPGLRAQAAKAAQKRVYHGVAKNPVVDGNPTADIDDAPGMPAMYEKKLALIILFILATVNLILTRTPFSIAELVVLGSAALGPLLEGNTNAYWNGPIAVAFTGLMRGNYYATIGLMYN
WN1|ABA62343.1|nonstructural	Langat|AAF75259.1|nonstructural	29.185	233	162	2	1	232	1	231	2.44e-25	91.3	NEMGWLDKTKSDISSLFGQRIEVKENFSMGEFL-LDLRPATAWSLYAVTTAVLTPLLKHLITSDYINTSLTSINVQASALFTLARGFPFVDVGVSALLLAAGCWGQVTLTVTVTAATLLFCHYAYMVPGWQAEAMRSAQRRTAAGIMKNAVVDGIVATDVPELERTTPIMQKKVGQIMLILVSLAAVVVNPSVKTVREAGILITAAAVTLWENGASSVWNATTAIGLCHIMRG	NEMGLLEKTKADLAALFAR--DQGETVRWGEWTNLDIQPARSWGTYVLVVSLFTPYMLHQLQTRIQQLVNSAVASGAQAMRDLGGGTPFFGVAGHVLALGIASLVGATPTSLILGVGLAAFHLAIVVSGLEAELTQRAHKVFFSAMVRNPMVDGDVINPFGDGEAKPALYERKLSLILALVLCLASVVMNRTFVAVTEAGAVGVAAAMQLLRPEMDVLWTMPVACGMSGVVRG
WN1|ABA62343.1|nonstructural	Alkhurma|AFF18426.1|NS4B|2262-2513	28.049	246	164	5	1	240	1	239	2.52e-25	91.3	NEMGWLDKTKSDISSLF---GQRIEVKENFSMGEFLLDLRPATAWSLYAVTTAVLTPLLKHLITSDYINTSLTSINVQASALFTLARGFPFVDVGVSALLLAAGCW---GQVTLTVTVTAATLLFCHYAYMVPGWQAEAMRSAQRRTAAGIMKNAVVDGIVATDVPELERTTPIMQKKVGQIMLILVSLAAVVVNPSVKTVREAGILITAAAVTLWENGASSVWNATTAIGLCHIMRGGWLSCLSI	NEMGMLDKTKADLAGLMWRGEQRHPAWEEWTN----VDIQPARSWGTYVLIVSLFTPYMLHQLQTKIQQLVNSSVASGAQAMRDLGGGTPFF--GVAGHVIALGVTSLVGATPLSLGLGVALAAF-HLAIVASGLEAELTQRAHRVFFSAMVKNPMVDGDVINPFPDGETKPVLYERRMSLILAIALCMVSVVLNRTAASMTEAGAVGLAALGQLVHPETETLWTMPMACGMAGLVRGSFWGLLPM
WN1|ABA62343.1|nonstructural	Yellow_fever|CAA27332.1|putative	29.126	103	73	0	144	246	4	106	2.24e-08	41.6	GIMKNAVVDGIVATDVPELERTTPIMQKKVGQIMLILVSLAAVVVNPSVKTVREAGILITAAAVTLWENGASSVWNATTAIGLCHIMRGGWLSCLSITWTLIK	GVAENPVVDGNPTVDIEEAPEMPALYEKKLALYLLLALSLASVAMCRTPFSLAEGIVLASAALGPLIEGNTSLLWNGPMAVSMTGVMRGNHYAFVGVMYNLWK
