WN1|ABA62343.1|Peptidase_S7|1523-1672	Kunjin|BAA00176.1|Peptidase_S7|1523-1672	100.000	150	0	0	1	150	1	150	1.90e-112	306	TTTGVYRIMTRGLLGSYQAGAGVMVEGVFHTLWHTTKGAALMSGEGRLDPYWGSVKEDRLCYGGPWKLQHKWNGQDEVQMIVVEPGKNVKNVQTKPGVFKTPEGEIGAVTLDFPTGTSGSPIVDKNGDVIGLYGNGVIMPNGSYISAIVQ	TTTGVYRIMTRGLLGSYQAGAGVMVEGVFHTLWHTTKGAALMSGEGRLDPYWGSVKEDRLCYGGPWKLQHKWNGQDEVQMIVVEPGKNVKNVQTKPGVFKTPEGEIGAVTLDFPTGTSGSPIVDKNGDVIGLYGNGVIMPNGSYISAIVQ
WN1|ABA62343.1|Peptidase_S7|1523-1672	WNV2|AAA48498.2|Peptidase_S7|1519-1668	98.667	150	2	0	1	150	1	150	4.07e-111	303	TTTGVYRIMTRGLLGSYQAGAGVMVEGVFHTLWHTTKGAALMSGEGRLDPYWGSVKEDRLCYGGPWKLQHKWNGQDEVQMIVVEPGKNVKNVQTKPGVFKTPEGEIGAVTLDFPTGTSGSPIVDKNGDVIGLYGNGVIMPNGSYISAIVQ	TTTGVYRIMTRGLLGSYQAGAGVMVEGVFHTLWHTTKGAALMSGEGRLDPYWGSVKEDRLCYGGPWKLQHKWNGHDEVQMIVVEPGKNVKNVQTKPGVFKTPEGEIGAVTLDYPTGTSGSPIVDKNGDVIGLYGNGVIMPNGSYISAIVQ
WN1|ABA62343.1|Peptidase_S7|1523-1672	Usutu|AAS59402.1|Peptidase_S7|1521-1670	100.000	150	0	0	1	150	151	300	5.14e-110	306	TTTGVYRIMTRGLLGSYQAGAGVMVEGVFHTLWHTTKGAALMSGEGRLDPYWGSVKEDRLCYGGPWKLQHKWNGQDEVQMIVVEPGKNVKNVQTKPGVFKTPEGEIGAVTLDFPTGTSGSPIVDKNGDVIGLYGNGVIMPNGSYISAIVQ	TTTGVYRIMTRGLLGSYQAGAGVMVEGVFHTLWHTTKGAALMSGEGRLDPYWGSVKEDRLCYGGPWKLQHKWNGQDEVQMIVVEPGKNVKNVQTKPGVFKTPEGEIGAVTLDFPTGTSGSPIVDKNGDVIGLYGNGVIMPNGSYISAIVQ
WN1|ABA62343.1|Peptidase_S7|1523-1672	Usutu|AAS59402.1|Peptidase_S7|1521-1670	74.667	150	38	0	1	150	1	150	4.47e-85	242	TTTGVYRIMTRGLLGSYQAGAGVMVEGVFHTLWHTTKGAALMSGEGRLDPYWGSVKEDRLCYGGPWKLQHKWNGQDEVQMIVVEPGKNVKNVQTKPGVFKTPEGEIGAVTLDFPTGTSGSPIVDKNGDVIGLYGNGVIMPNGSYISAIVQ	TSPGVYRIMSRYILGTYQAGVGVMYEGVLHTLWHTTRGAAIRSGEGRLTPYWGSVKEDRITYGGPWKFDRKWNGLDDVQLIIVAPGKAAINIQTKPGIFKTPQGEIGAVSLDYPEGTSGSPILDKNGDIVGLYGNGVILGNGSYVSAIVQ
WN1|ABA62343.1|Peptidase_S7|1523-1672	Yaounde|ABW76843.2|Peptidase_S7|1519-1668	86.000	150	21	0	1	150	1	150	1.61e-97	268	TTTGVYRIMTRGLLGSYQAGAGVMVEGVFHTLWHTTKGAALMSGEGRLDPYWGSVKEDRLCYGGPWKLQHKWNGQDEVQMIVVEPGKNVKNVQTKPGVFKTPEGEIGAVTLDFPTGTSGSPIVDKNGDVIGLYGNGVIMPNGSYISAIVQ	TTTGVYRIMTHGILGKYQAGVGVMYEGVFHTLWHTTRGAALMSGDGRLDPYWGSVKEDRLTYGGPWKLERKWNGEEDVQMIVVEPGKPVKNVQTRPGVFKTPHGEIGAVTLDYQTGTSGSPIVDKNGDIIGLYGNGVIMANGSYVSAIVQ
WN1|ABA62343.1|Peptidase_S7|1523-1672	Alfuy|AAX82481.1|Peptidase_S7|1522-1671	76.000	150	36	0	1	150	1	150	8.02e-89	246	TTTGVYRIMTRGLLGSYQAGAGVMVEGVFHTLWHTTKGAALMSGEGRLDPYWGSVKEDRLCYGGPWKLQHKWNGQDEVQMIVVEPGKNVKNVQTKPGVFKTPEGEIGAVTLDFPTGTSGSPIVDKNGDVIGLYGNGVIMPNGSYISAIVQ	TTPGVYRIMAKGLLGRYQAGVGIMYEGVFHTLWHTTRGAAIMSGEGRLTPFWGNVKEDRITYGGPWKFDRKWNGVDDVQMIVVQPGKPAMNVQTKPGVFKTPHGDIGAVSLDYPVGTSGSPIIDANGDVVGLYGNGVVLNNGAYVSAIVQ
WN1|ABA62343.1|Peptidase_S7|1523-1672	Murray|AAF05296.1|Peptidase_S7|1521-1670	78.000	150	33	0	1	150	1	150	2.68e-88	245	TTTGVYRIMTRGLLGSYQAGAGVMVEGVFHTLWHTTKGAALMSGEGRLDPYWGSVKEDRLCYGGPWKLQHKWNGQDEVQMIVVEPGKNVKNVQTKPGVFKTPEGEIGAVTLDFPTGTSGSPIVDKNGDVIGLYGNGVIMPNGSYISAIVQ	TTPGVYRIMARGILGRYQAGVGVMHEGVFHTLWHTTRGAAIMSGEGRLTPYWGNVKEDRVTYGGPWKLDQKWNGVDDVQMIVVEPGKPAINVQTKPGIFKTAHGEIGAVSLDYPIGTSGSPIVNSNGEIIGLYGNGVILGNGAYVSAIVQ
WN1|ABA62343.1|Peptidase_S7|1523-1672	Japanese_Encephalitis|AAA81554.1|Peptidase_S7|1522-1671	75.333	150	37	0	1	150	1	150	4.34e-88	244	TTTGVYRIMTRGLLGSYQAGAGVMVEGVFHTLWHTTKGAALMSGEGRLDPYWGSVKEDRLCYGGPWKLQHKWNGQDEVQMIVVEPGKNVKNVQTKPGVFKTPEGEIGAVTLDFPTGTSGSPIVDKNGDVIGLYGNGVIMPNGSYISAIVQ	TTTGVYRIMARGILGTYQAGVGVMYENVFHTLWHTTRGAAIMSGEGKLTPYWGSVKEDRIAYGGPWRFDRKWNGTDDVQVIVVEPGKAAVNIQTKPGVFRTPFGEVGAVSLDYPRGTSGSPILDSNGDIIGLYGNGVELGDGSYVSAIVQ
WN1|ABA62343.1|Peptidase_S7|1523-1672	Spondweni|ABI54480.1|Peptidase_S7|1520-1670	72.667	150	41	0	1	150	1	150	4.90e-82	229	TTTGVYRIMTRGLLGSYQAGAGVMVEGVFHTLWHTTKGAALMSGEGRLDPYWGSVKEDRLCYGGPWKLQHKWNGQDEVQMIVVEPGKNVKNVQTKPGVFKTPEGEIGAVTLDFPTGTSGSPIVDKNGDVIGLYGNGVIMPNGSYISAIVQ	TTAGVYRIMTRKLLGSTQVGAGVMHEGVFHTMWHVTKGSALRSGEGRLDPYWGNVKQDLISYCGPWKLDGKWDGVSEVQLIAVAPGERARNVQTKPGVFKTTDGEIGALALDFPGGSSGSPIIDKNGHVIGLYGNGVVVKSGSYVSAIMQ
WN1|ABA62343.1|Peptidase_S7|1523-1672	Ilheus|AAV34155.1|Peptidase_S7|1515-1664	68.027	147	47	0	4	150	4	150	2.51e-78	220	GVYRIMTRGLLGSYQAGAGVMVEGVFHTLWHTTKGAALMSGEGRLDPYWGSVKEDRLCYGGPWKLQHKWNGQDEVQMIVVEPGKNVKNVQTKPGVFKTPEGEIGAVTLDFPTGTSGSPIVDKNGDVIGLYGNGVIMPNGSYISAIVQ	GVYRVMTMGILGRYQSGVGVMWDGVFHTMWHVTQGAALRNGEGRLNPTWGSVRDDLISYGGKWKLSATWNGSEEVQMIAVEPGKAAKNYQTKPGVFKTPAGEIGAITLDFPKGTSGSPIINKAGEITGLYGNGIVLERGAYVSAITQ
WN1|ABA62343.1|Peptidase_S7|1523-1672	Zika_Africa|AAV34151.1|Peptidase_S7|1516-1665	68.667	150	47	0	1	150	1	150	3.60e-78	219	TTTGVYRIMTRGLLGSYQAGAGVMVEGVFHTLWHTTKGAALMSGEGRLDPYWGSVKEDRLCYGGPWKLQHKWNGQDEVQMIVVEPGKNVKNVQTKPGVFKTPEGEIGAVTLDFPTGTSGSPIVDKNGDVIGLYGNGVIMPNGSYISAIVQ	TTDGVYRVMTRRLLGSTQVGVGVMQEGVFHTMWHVTKGAALRSGEGRLDPYWGDVKQDLVSYCGPWKLDAAWDGLSEVQLLAVPPGERARNIQTLPGIFKTKDGDIGAVALDYPAGTSGSPILDKCGRVIGLYGNGVVIKNGSYVSAITQ
WN1|ABA62343.1|Peptidase_S7|1523-1672	Zika_Brasil|AMB18850.1|Peptidase_S7|1520-1669	68.000	150	48	0	1	150	1	150	4.89e-78	219	TTTGVYRIMTRGLLGSYQAGAGVMVEGVFHTLWHTTKGAALMSGEGRLDPYWGSVKEDRLCYGGPWKLQHKWNGQDEVQMIVVEPGKNVKNVQTKPGVFKTPEGEIGAVTLDFPTGTSGSPIVDKNGDVIGLYGNGVIMPNGSYISAIVQ	TTDGVYRVMTRRLLGSTQVGVGVMQEGVFHTMWHVTKGSALRSGEGRLDPYWGDVKQDLVSYCGPWKLDAAWDGHSEVQLLAVPPGERARNIQTLPGIFKTKDGDIGAVALDYPAGTSGSPILDKCGRVIGLYGNGVVIKNGSYVSAITQ
WN1|ABA62343.1|Peptidase_S7|1523-1672	Bagaza|AAV34161.1|Peptidase_S7|1518-1667	69.128	149	46	0	2	150	2	150	5.05e-78	219	TTGVYRIMTRGLLGSYQAGAGVMVEGVFHTLWHTTKGAALMSGEGRLDPYWGSVKEDRLCYGGPWKLQHKWNGQDEVQMIVVEPGKNVKNVQTKPGVFKTPEGEIGAVTLDFPTGTSGSPIVDKNGDVIGLYGNGVIMPNGSYISAIVQ	STGVFRIMARGILGKYQAGVGVMFDGVFHTMWHVTNGATINVGDGCLVPYWASVREDLISYGGPWKMGTKWNGVDEVQVIVVQPGKSVMNVQTKPGVFKTSTGEIGAVTLDYPTGTSGSPIVDKEGNIIGLYGNGILVGAGSFVSMISQ
WN1|ABA62343.1|Peptidase_S7|1523-1672	Saint_Louis|ABG37975.1|Peptidase_S7|1517-1666	67.333	150	49	0	1	150	1	150	3.44e-76	214	TTTGVYRIMTRGLLGSYQAGAGVMVEGVFHTLWHTTKGAALMSGEGRLDPYWGSVKEDRLCYGGPWKLQHKWNGQDEVQMIVVEPGKNVKNVQTKPGVFKTPEGEIGAVTLDFPTGTSGSPIVDKNGDVIGLYGNGVIMPNGSYISAIVQ	TKPGIYRIMTRGILGTFQAGVGVMHEGVFHTMWHATEGAVLRNGEGRLDPYAGDVRNDLISYGGPWKLSATWDGTEEVQMIAVAPGKPAINVQTTPGVFKTPLGTIGAVTLDFPKGTSGSPIINKKGEIIGLYGNGVLIGQGEYVSGIIQ
WN1|ABA62343.1|Peptidase_S7|1523-1672	Tembusu|AEJ87340.1|Peptidase_S7|1517-1665	66.216	148	50	0	3	150	2	149	2.58e-75	212	TGVYRIMTRGLLGSYQAGAGVMVEGVFHTLWHTTKGAALMSGEGRLDPYWGSVKEDRLCYGGPWKLQHKWNGQDEVQMIVVEPGKNVKNVQTKPGVFKTPEGEIGAVTLDFPTGTSGSPIVDKNGDVIGLYGNGVIMPNGSYISAIVQ	NGVFRIMARGLLGKYQAGVGVMHEGVFHTMWHVTNGAVIQAGEGTLVPYWASVRNDLISYGGPWKLGKQWNGVDEVQVIVVQPGKEVINVQTQPGIFKTQYGEVGAVSLDYPTGTSGSPIIDKEGQVVGLYGNGILVGSGDFVSMITQ
WN1|ABA62343.1|Peptidase_S7|1523-1672	Naranjal|AIU94742.1|Peptidase_S7|1522-1670	64.667	150	52	1	1	150	1	149	5.67e-74	209	TTTGVYRIMTRGLLGSYQAGAGVMVEGVFHTLWHTTKGAALMSGEGRLDPYWGSVKEDRLCYGGPWKLQHKWNGQDEVQMIVVEPGKNVKNVQTKPGVFKTPEGEIGAVTLDFPTGTSGSPIVDKNGDVIGLYGNGVIMPNGSYISAIVQ	TENGVYRIFANRLFGRVQVGVGVMQDGVFHTMWHVTRGAALRSGDGRLDPYWGDVRKDLISYGGPWKLEGKWDGTSEVQLVAVAPKEKVKNVQTTPGVFKTPNGEVGAITLDFPAGSSGSPIINKNGEVIGLYGNGLMMGD-AYASAIAQ
WN1|ABA62343.1|Peptidase_S7|1523-1672	Kokobera|AAV34157.1|Peptidase_S7|1511-1659	61.905	147	56	0	4	150	3	149	3.93e-71	202	GVYRIMTRGLLGSYQAGAGVMVEGVFHTLWHTTKGAALMSGEGRLDPYWGSVKEDRLCYGGPWKLQHKWNGQDEVQMIVVEPGKNVKNVQTKPGVFKTPEGEIGAVTLDFPTGTSGSPIVDKNGDVIGLYGNGVIMPNGSYISAIVQ	GVYRIFSRKLFGESQIGAGVMVKGTFHTMWHVTRGAVLKAGEGLLEPAWADVRKDLICYGGNWKLEEHWDGNEEVQLIALEPGKKVRHIQTKPGIFKTSEGEIGALDLDCMAGTSGSPIVNKNGEVVGLYGNGVLIKGDRYVSAISQ
WN1|ABA62343.1|Peptidase_S7|1523-1672	Dengue_1|AAB70695.1|Peptidase_S7|1493-1642	62.585	147	55	0	4	150	4	150	6.01e-70	199	GVYRIMTRGLLGSYQAGAGVMVEGVFHTLWHTTKGAALMSGEGRLDPYWGSVKEDRLCYGGPWKLQHKWNGQDEVQMIVVEPGKNVKNVQTKPGVFKTPEGEIGAVTLDFPTGTSGSPIVDKNGDVIGLYGNGVIMPNGSYISAIVQ	GIYRILQRGLLGRSQVGVGVFQEGVFHTMWHVTRGAVLMYQGKRLEPSWASVKKDLISYGGGWRFQGSWNAGEEVQVIAVEPGKNPKNVQTAPGTFKTPEGEVGAIALDFKPGTSGSPIVNREGKIVGLYGNGVVTTSGTYVSAIAQ
WN1|ABA62343.1|Peptidase_S7|1523-1672	Ntaya|AFS89612.2|Peptidase_S7|1521-1667	65.306	147	51	0	4	150	1	147	1.40e-69	197	GVYRIMTRGLLGSYQAGAGVMVEGVFHTLWHTTKGAALMSGEGRLDPYWGSVKEDRLCYGGPWKLQHKWNGQDEVQMIVVEPGKNVKNVQTKPGVFKTPEGEIGAVTLDFPTGTSGSPIVDKNGDVIGLYGNGVIMPNGSYISAIVQ	GVFRIMARGIFGKYQAGVGVMYEGVFHTMWHVTNGATINVGDGCLVPYWASVREDLISYGGPWKLGKKWNGVDEVQVVVVQPGKPATNVQTKPGIFRTHAGEVGAVTLDYPTGTSGSPIIDKEGNIIGLYGNGILVGAGNFVSMISQ
WN1|ABA62343.1|Peptidase_S7|1523-1672	Kedougou|AAV34156.1|Peptidase_S7|1507-1656	62.585	147	55	0	4	150	4	150	5.67e-69	196	GVYRIMTRGLLGSYQAGAGVMVEGVFHTLWHTTKGAALMSGEGRLDPYWGSVKEDRLCYGGPWKLQHKWNGQDEVQMIVVEPGKNVKNVQTKPGVFKTPEGEIGAVTLDFPTGTSGSPIVDKNGDVIGLYGNGVIMPNGSYISAIVQ	GVYRIMSKKLLGPSQLGVGVMTQGVFHTMWHVTRGCTIEYNGGRLTPYWGSVKEDAISYGGPWKLTEKWDGTSEVQLIAVAPGKGAENVQTKPGIFNTATGTIGAVALDYPAGTSGSPILNSEGKVVGLYGNGVLVGGSSYVSAISQ
WN1|ABA62343.1|Peptidase_S7|1523-1672	Iguape|AAV34154.1|Peptidase_S7|1509-1658	61.333	150	58	0	1	150	1	150	8.60e-69	196	TTTGVYRIMTRGLLGSYQAGAGVMVEGVFHTLWHTTKGAALMSGEGRLDPYWGSVKEDRLCYGGPWKLQHKWNGQDEVQMIVVEPGKNVKNVQTKPGVFKTPEGEIGAVTLDFPTGTSGSPIVDKNGDVIGLYGNGVIMPNGSYISAIVQ	TEPGVYRIMAARLIGSSQIGVGVMYEGVFHTMWHVTRGAALRCGAGRLDPTWGDVKGDVISYGGPWKLTEKWDGTSEVQLVAVAPGKRSQNVQITPGIFNTTKGPVGAVILDYPPGTSGSPIINKDGKTIGLYGNGVVLAGGTYVSMITQ
WN1|ABA62343.1|Peptidase_S7|1523-1672	Bouboui|ABI54473.1|Peptidase_S7|1488-1639	62.838	148	54	1	4	150	4	151	3.65e-68	194	GVYRIMTRGLLGSYQAGAGVMVEGVFHTLWHTTKGAALMSGEGRLDPYWGSVKEDRLCYGGPWKLQHKWNGQDEVQMIVVEPGKNVKNVQTKPGVFKTPEG-EIGAVTLDFPTGTSGSPIVDKNGDVIGLYGNGVIMPNGSYISAIVQ	GVYRVMQTGLFGSSQVGVGVAKSGVFHTMWHVTKGAFLLVGDKRLIPSWGSVRKDLICYGGSWKLEGTWDGNDEVQLIAVPPGKEPLNVQTKPGVFRMQNGEEIGAVVLDYPAGTSGSPIINRQGEVVGLYGNGVVLDNGAYASAISQ
WN1|ABA62343.1|Peptidase_S7|1523-1672	Dengue_4|AAG45435.1|Peptidase_S7|1492-1641	58.389	149	62	0	2	150	2	150	1.58e-66	190	TTGVYRIMTRGLLGSYQAGAGVMVEGVFHTLWHTTKGAALMSGEGRLDPYWGSVKEDRLCYGGPWKLQHKWNGQDEVQMIVVEPGKNVKNVQTKPGVFKTPEGEIGAVTLDFPTGTSGSPIVDKNGDVIGLYGNGVIMPNGSYISAIVQ	SEGVYRIMQRGLFGKTQVGVGIHMEGVFHTMWHVTRGSVICHETGRLEPSWADVRNDMISYGGGWRLGDKWDKEEDVQVLAIEPGKNPKHVQTKPGLFKTLTGEIGAVTLDFKPGTSGSPIINRKGKVIGLYGNGVVTKSGDYVSAITQ
WN1|ABA62343.1|Peptidase_S7|1523-1672	Banzi|ABI54472.1|Peptidase_S7|1488-1638	60.811	148	57	1	4	150	4	151	1.78e-66	190	GVYRIMTRGLLGSYQAGAGVMVEGVFHTLWHTTKGAALMSGEGRLDPYWGSVKEDRLCYGGPWKLQHKWNGQDEVQMIVVEPGKNVKNVQTKPGVFKTPEG-EIGAVTLDFPTGTSGSPIVDKNGDVIGLYGNGVIMPNGSYISAIVQ	GVFRIIQKGLFGSSQVGIGVAKDGVFHTMWHVTRGAFLMHSGKQLTPTWGSVRKDLVCYGGTWKLDGAWNGVDEVQLIAVPPGKPATNVQTKPGTFVLPTGDEAGAVLLDFPSGTSGSPIIDRHGNILGLYGNGIVLENGAYASAISQ
WN1|ABA62343.1|Peptidase_S7|1523-1672	Jugra|ABI54482.1|Peptidase_S7|1487-1638	58.108	148	61	1	4	150	4	151	1.19e-63	183	GVYRIMTRGLLGSYQAGAGVMVEGVFHTLWHTTKGAALMSGEGRLDPYWGSVKEDRLCYGGPWKLQHKWNGQDEVQMIVVEPGKNVKNVQTKPGVFKTPEG-EIGAVTLDFPTGTSGSPIVDKNGDVIGLYGNGVIMPNGSYISAIVQ	GIYKVTQSGLCGTSQVGVGVVKDNVFHTMWHVTRGSFLTHKGKRLTPSWASVQKDLISYGGSWKLDGAWNGADEVQLIAVQPGKGVSNIQTKPGVFVLPDGKEIGAVLLDFPSGTSGSPIIDRQGNVLGLYGNGVVLESGGYASAISQ
WN1|ABA62343.1|Peptidase_S7|1523-1672	Dengue_2|AAB58782.1|Peptidase_S7|1493-1643	58.503	147	61	0	4	150	4	150	2.44e-63	182	GVYRIMTRGLLGSYQAGAGVMVEGVFHTLWHTTKGAALMSGEGRLDPYWGSVKEDRLCYGGPWKLQHKWNGQDEVQMIVVEPGKNVKNVQTKPGVFKTPEGEIGAVTLDFPTGTSGSPIVDKNGDVIGLYGNGVIMPNGSYISAIVQ	GAYRIKQKGILGYSQIGAGVYKEGTFHTMWHVTRGAVLMHKGKRIEPSWADVKKDLISYGGGWKLEGEWKEGEEVQVLALEPGKNPRAVQTKPGLFKTNAGTIGAVSLDFSPGTSGSPIIDKKGKVVGLYGNGVVTRSGAYVSAIAQ
WN1|ABA62343.1|Peptidase_S7|1523-1672	Sepik|ABI23562.1|Peptidase_S7|1498-1649	58.784	148	60	1	4	150	4	151	5.99e-63	181	GVYRIMTRGLLGSYQAGAGVMVEGVFHTLWHTTKGAALMSGEGRLDPYWGSVKEDRLCYGGPWKLQHKWNGQDEVQMIVVEPGKNVKNVQTKPGVFKTPEG-EIGAVTLDFPTGTSGSPIVDKNGDVIGLYGNGVIMPNGSYISAIVQ	GVYTINQKNVLGMAQKGVGVVKDGVFHTMWHVTRGAFLLFEGKRLTPAWANVKEDLISYGGGWKLEAKWDGTEEVQLIAVAPGKNPMNIQTTPSIFQLTNGKEIGAVNLDFPSGTSGSPIVNKNGEVIGLYGNGILIGNNTYVSAITQ
WN1|ABA62343.1|Peptidase_S7|1523-1672	Saboya|ABI54478.1|Peptidase_S7|1487-1637	56.757	148	63	1	4	150	4	151	1.10e-61	178	GVYRIMTRGLLGSYQAGAGVMVEGVFHTLWHTTKGAALMSGEGRLDPYWGSVKEDRLCYGGPWKLQHKWNGQDEVQMIVVEPGKNVKNVQTKPGVFKTPEG-EIGAVTLDFPTGTSGSPIVDKNGDVIGLYGNGVIMPNGSYISAIVQ	GIYKVIQSGLLGTSQVGVGVVKENVFHTMWHVTRGSFLTYNGKRLTPNWASVQKDLISYGGTWKLDGAWNGSDEVQLIAVQPGKGAVNIQTKPGIFCLQDGKEIGAVLLDYPAGTSGSPIIDRHGTVLGLYGNGVVLDSGGYASAISQ
WN1|ABA62343.1|Peptidase_S7|1523-1672	Potiskum|ABI54483.1|Peptidase_S7|1487-1637	56.757	148	63	1	4	150	4	151	1.10e-61	178	GVYRIMTRGLLGSYQAGAGVMVEGVFHTLWHTTKGAALMSGEGRLDPYWGSVKEDRLCYGGPWKLQHKWNGQDEVQMIVVEPGKNVKNVQTKPGVFKTPEG-EIGAVTLDFPTGTSGSPIVDKNGDVIGLYGNGVIMPNGSYISAIVQ	GIYKVIQSGLLGTSQVGVGVVKENVFHTMWHVTRGSFLTYNGKRLTPNWASVQKDLISYGGTWKLDGAWNGSDEVQLIAVQPGKGAVNIQTKPGIFCLQDGKEIGAVLLDYPAGTSGSPIIDRHGTVLGLYGNGVVLDSGGYASAISQ
WN1|ABA62343.1|Peptidase_S7|1523-1672	Yellow_fever|CAA27332.1|Peptidase_S7|1504-1655	57.432	148	62	1	4	150	4	151	2.76e-61	177	GVYRIMTRGLLGSYQAGAGVMVEGVFHTLWHTTKGAALMSGEGRLDPYWGSVKEDRLCYGGPWKLQHKWNGQDEVQMIVVEPGKNVKNVQTKPGVFKTPE-GEIGAVTLDFPTGTSGSPIVDKNGDVIGLYGNGVIMPNGSYISAIVQ	GIYGIFQSTFLGASQRGVGVAQGGVFHTMWHVTRGAFLVRNGKKLIPSWASVKEDLVAYGGSWKLEGRWDGEEEVQLIAAVPGKNVVNVQTKPSLFKVRNGGEIGAVALDYPSGTSGSPIVNRNGEVIGLYGNGILVGDNSFVSAISQ
WN1|ABA62343.1|Peptidase_S7|1523-1672	Dengue_3|AAM51537.1|Peptidase_S7|1491-1641	57.823	147	62	0	4	150	4	150	3.04e-55	161	GVYRIMTRGLLGSYQAGAGVMVEGVFHTLWHTTKGAALMSGEGRLDPYWGSVKEDRLCYGGPWKLQHKWNGQDEVQMIVVEPGKNVKNVQTKPGVFKTPEGEIGAVTLDFPTGTSGSPIVDKNGDVIGLYGNGVIMPNGSYISAIVQ	GVYRIKQQGIFGKTQVGVGVQKEGVFHTMWHVTRGAVLTHNGKRLEPNWASVKKDLISYGGGWRLSAQWQKGEEVQVIAVEPGKNPKNFQTTPGTFQTTTGEIGAIALDFKPGTSGSPIINREGKVVGLYGNGVVTKNGGYVSGIAQ
WN1|ABA62343.1|Peptidase_S7|1523-1672	Royal_farm|ABB90673.1|Peptidase_S7|1513-1661	48.322	149	73	4	4	150	3	149	7.51e-44	132	GVYRIMTRGLL-GSYQAGAGVMVEGVFHTLWHTTKGAALMSGEGRLDPYWGSVKEDRLCYGGPWKLQHKWNGQDEVQMIVVEPGKNVKNVQTKPGVFKTPEGE-IGAVTLDFPTGTSGSPIVDKNGDVIGLYGNGVIMPNGSYISAIVQ	GVYRIFRPGLLWGHNQIGVGYGKQGVLHTMWHVTRGAAIRIGDGVCGPHWADVREDVVSYGGPWHLASRWKGE-VVQLHAFPPGRAHEVHQCQPGRLKLENGKCIGAIPIDMPKGTSGSPILNVDGDVVGLYGNG-LRTNDTYVSGISQ
WN1|ABA62343.1|Peptidase_S7|1523-1672	Kyasanur|AAQ91607.1|Peptidase_S7|1512-1660	46.309	149	76	4	4	150	3	149	1.06e-42	130	GVYRIMTRGLL-GSYQAGAGVMVEGVFHTLWHTTKGAALMSGEGRLDPYWGSVKEDRLCYGGPWKLQHKWNGQDEVQMIVVEPGKNVKNVQTKPGVFKTPEG-EIGAVTLDFPTGTSGSPIVDKNGDVIGLYGNGVIMPNGSYISAIVQ	GAYRIYSPGLLWGHRQIGVGYGAKGVLHTMWHVTRGAALVVDEAISGPYWADVREDVVCYGGAWSLESRWRGET-VQVHAFPPGRPQETHQCQPGELILENGRKLGAVPIDLSKGTSGSPIINAQGEVVGLYGNG-LKTNEAYVSSIAQ
WN1|ABA62343.1|Peptidase_S7|1523-1672	Omsk|AAP29989.1|Peptidase_S7|1511-1658	46.980	149	75	4	4	150	2	148	1.24e-42	129	GVYRIMTRGLL-GSYQAGAGVMVEGVFHTLWHTTKGAALMSGEGRLDPYWGSVKEDRLCYGGPWKLQHKWNGQDEVQMIVVEPGKNVKNVQTKPGVFKTPEG-EIGAVTLDFPTGTSGSPIVDKNGDVIGLYGNGVIMPNGSYISAIVQ	GVYRILSPGLLWGHRQVGVGFGSKGVLHTMWHVTRGAAIFIDNAVAGPYWADVKEDVVCYGGAWSLEEKWKGE-KVQVHAFPPGRAHEVHQCQPGELVLDTGRRIGAIPIDLAKGTSGSPILNAQGAVVGLYGNG-LRTNETYVSSIAQ
WN1|ABA62343.1|Peptidase_S7|1523-1672	Alkhurma|AFF18426.1|Peptidase_S7|1512-1660	46.309	149	76	4	4	150	3	149	1.25e-42	129	GVYRIMTRGLL-GSYQAGAGVMVEGVFHTLWHTTKGAALMSGEGRLDPYWGSVKEDRLCYGGPWKLQHKWNGQDEVQMIVVEPGKNVKNVQTKPGVFKTPEG-EIGAVTLDFPTGTSGSPIVDKNGDVIGLYGNGVIMPNGSYISAIVQ	GAYRIYSPGLLWGHRQIGVGYGAKGVLHTMWHVTRGAALVVEEAISGPYWADVREDVVCYGGAWSLESRWRGET-VQVHAFPPGRPQETHQCQPGELILENGRKLGAVPIDLSKGTSGSPIINAQGEVVGLYGNG-LKTNEAYVSSIAQ
WN1|ABA62343.1|Peptidase_S7|1523-1672	Langat|AAF75259.1|Peptidase_S7|1512-1658	46.309	149	76	4	4	150	1	147	1.27e-42	129	GVYRIMTRGLL-GSYQAGAGVMVEGVFHTLWHTTKGAALMSGEGRLDPYWGSVKEDRLCYGGPWKLQHKWNGQDEVQMIVVEPGKNVKNVQTKPGVFKTPEG-EIGAVTLDFPTGTSGSPIVDKNGDVIGLYGNGVIMPNGSYISAIVQ	GVYRIYTPGLLWGQRQIGVGYGAKGVLHTMWHVTRGAALLVDGVAVGPYWADVREDVVCYGGAWSLESRWRG-ETVQVHAFPPGRAHETHQCQPGELILENGRKMGAIPIDLAKGTSGSPIMNSQGEVVGLYGNG-LKTNDTYVSSIAQ
WN1|ABA62343.1|Peptidase_S7|1523-1672	Powassan|AAA02739.1|Peptidase_S7|1510-1658	47.651	149	74	4	4	150	3	149	9.65e-41	125	GVYRIMTRGLLGSY-QAGAGVMVEGVFHTLWHTTKGAALMSGEGRLDPYWGSVKEDRLCYGGPWKLQHKWNGQDEVQMIVVEPGKNVKNVQTKPGVFKTPEGEI-GAVTLDFPTGTSGSPIVDKNGDVIGLYGNGVIMPNGSYISAIVQ	GVYRIYAPGLFWGYRQIGVGYGTKGVLHTMWHVTRGAALSVEGATSGPYWADVREDVVCYGGAWGLDKKWGGE-VVQVHAFPPDSGHKIHQCQPGKLNLEGGRVLGAIPIDLPRGTSGSPIINAQGDVLGLYGNG-LKSNDVYISSIAQ
WN1|ABA62343.1|Peptidase_S7|1523-1672	Tick_borne|AAA86870.1|Peptidase_S7|1510-1658	45.638	149	77	4	4	150	3	149	1.27e-40	124	GVYRIMTRGLL-GSYQAGAGVMVEGVFHTLWHTTKGAALMSGEGRLDPYWGSVKEDRLCYGGPWKLQHKWNGQDEVQMIVVEPGKNVKNVQTKPGVFKTPEG-EIGAVTLDFPTGTSGSPIVDKNGDVIGLYGNGVIMPNGSYISAIVQ	GVYRIFSPGLFWGQNQVGVGYGSKGVLHTMWHVTRGAALSIDDAVAGPYWADVREDVVCYGGAWSLEEKWKGE-TVQVHAFPPGRAHEVHQCQPGELILDTGRKLGAIPIDLVKGTSGSPILNAQGVVVGLYGNG-LKTNETYVSSIAQ
WN1|ABA62343.1|Peptidase_S7|1523-1672	Karshi|ABE73208.1|Peptidase_S7|1510-1658	45.638	149	77	4	4	150	3	149	8.90e-40	122	GVYRIMTRGLL-GSYQAGAGVMVEGVFHTLWHTTKGAALMSGEGRLDPYWGSVKEDRLCYGGPWKLQHKWNGQDEVQMIVVEPGKNVKNVQTKPGVFKTPEGEI-GAVTLDFPTGTSGSPIVDKNGDVIGLYGNGVIMPNGSYISAIVQ	GVYRIFRPGLFWGASQIGVGYGSHGVLHTMWHVTRGAAVSINGGAAGPYWADIREDVVCYGGAWNLPTKWEGE-VVQLHAFPPGRAHEIKQCQPGRLNLGDGRIMGAIPFDLPKGTSGSPILNAQGVVVGLYGNGLKTKD-IYVSGIAQ
WN1|ABA62343.1|Peptidase_S7|1523-1672	Kadam|ABB90670.1|Peptidase_S7|1501-1634	47.059	136	67	5	4	136	1	134	3.04e-35	110	GVYRIMTRGLL-GSYQAGAGVMVEGVFHTLWHTTKGAALMSGEGRLDPY-WGSVKEDRLCYGGPWKLQHKWNGQDEVQMIVVEPGKNVKNVQTKPGVFKTPEG-EIGAVTLDFPTGTSGSPIVDKNGDVIGLYGNG	GVYRIYRPGILWGRQQIGVGYGLNNVFHTMWHITRGAAI-SVNGRVAGMSWGDIREDVVSYGGKWALDSKWNG-EKVQVHALPPRGPREIHQIQPGRVKLTDGTETGSIALDIPQGSSGSPIINQQGQVLGLYGNG
