WN1|ABA62343.1|capping_2-OMTase_Flaviviridae|2535-2771	Usutu|AAS59402.1|capping_2-OMTase_Flaviviridae|2536-2772	100.000	237	0	0	1	237	238	474	2.74e-178	489	TLGEVWKERLNQMTKEEFTRYRKEAIIEVDRSAAKHARKEGNVTGGHPVSRGTAKLRWLVERRFLEPVGKVIDLGCGRGGWCYYMATQKRVQEVRGYTKGGPGHEEPQLVQSYGWNIVTMKSGVDVFYRPSECCDTLLCDIGESSSSAEVEEHRTIRVLEMVEDWLHRGPREFCVKVLCPYMPKVIEKMELLQRRYGGGLVRNPLSRNSTHEMYWVSRASGNVVHSVNMTSQVLLGR	TLGEVWKERLNQMTKEEFTRYRKEAIIEVDRSAAKHARKEGNVTGGHPVSRGTAKLRWLVERRFLEPVGKVIDLGCGRGGWCYYMATQKRVQEVRGYTKGGPGHEEPQLVQSYGWNIVTMKSGVDVFYRPSECCDTLLCDIGESSSSAEVEEHRTIRVLEMVEDWLHRGPREFCVKVLCPYMPKVIEKMELLQRRYGGGLVRNPLSRNSTHEMYWVSRASGNVVHSVNMTSQVLLGR
WN1|ABA62343.1|capping_2-OMTase_Flaviviridae|2535-2771	Usutu|AAS59402.1|capping_2-OMTase_Flaviviridae|2536-2772	78.903	237	50	0	1	237	1	237	5.69e-138	387	TLGEVWKERLNQMTKEEFTRYRKEAIIEVDRSAAKHARKEGNVTGGHPVSRGTAKLRWLVERRFLEPVGKVIDLGCGRGGWCYYMATQKRVQEVRGYTKGGPGHEEPQLVQSYGWNIVTMKSGVDVFYRPSECCDTLLCDIGESSSSAEVEEHRTIRVLEMVEDWLHRGPREFCVKVLCPYMPKVIEKMELLQRRYGGGLVRNPLSRNSTHEMYWVSRASGNVVHSVNMTSQVLLGR	TLGEQWKEKLNGLSKEDFLKYRKEAITEVDRSAARKARRDGNKTGGHPVSRGSAKLRWMVERQFVKPIGKVVDLGCGRGGWSYYAATLKGVQEVRGYTKGGPGHEEPMLMQSYGWNLVTMKSGVDVYYKPSEPCDTLFCDIGESSSSAEVEEQRTLRILEMVSDWLQRGPREFCIKVLCPYMPRVMERLEVLQRRYGGGLVRVPLSRNSNHEMYWVSGAAGNIVHAVNMTSQVLIGR
WN1|ABA62343.1|capping_2-OMTase_Flaviviridae|2535-2771	Kunjin|BAA00176.1|capping_2-OMTase_Flaviviridae|2535-2771	97.468	237	6	0	1	237	1	237	4.75e-178	479	TLGEVWKERLNQMTKEEFTRYRKEAIIEVDRSAAKHARKEGNVTGGHPVSRGTAKLRWLVERRFLEPVGKVIDLGCGRGGWCYYMATQKRVQEVRGYTKGGPGHEEPQLVQSYGWNIVTMKSGVDVFYRPSECCDTLLCDIGESSSSAEVEEHRTIRVLEMVEDWLHRGPREFCVKVLCPYMPKVIEKMELLQRRYGGGLVRNPLSRNSTHEMYWVSRASGNVVHSVNMTSQVLLGR	TLGEVWKERLNQMTKEEFIRYRKEAITEVDRSAAKHARKERNITGGHPVSRGTAKLRWLVERRFLEPVGKVIDLGCGRGGWCYYMATQKRVQEVRGYTKGGPGHEEPQLVQSYGWNIVTMKSGVDVFYRPSECCDTLLCDIGESSSSAEVEEHRTLRVLEMVEDWLHRGPKEFCVKVLCPYMPKVIEKMELLQRRYGGGLVRNPLSRNSTHEMYWVSRASGNVVHSVNMTSQVLLGR
WN1|ABA62343.1|capping_2-OMTase_Flaviviridae|2535-2771	WNV2|AAA48498.2|capping_2-OMTase_Flaviviridae|2532-2768	93.671	237	15	0	1	237	1	237	6.78e-166	449	TLGEVWKERLNQMTKEEFTRYRKEAIIEVDRSAAKHARKEGNVTGGHPVSRGTAKLRWLVERRFLEPVGKVIDLGCGRGGWCYYMATQKRVQEVRGYTKGGPGHEEPQLVQSYGWNIVTMKSGVDVFYRPSECCDTLLCDIGESSSSAEVEEHRTIRVLEMVEDWLHRGPREFCVKVLCPYMPKVIEKMELLQRRYGGGLVRNPLSRNSTHEMYWVSRASGNVVHSVNMTSQVLLGR	TLGEVWKERLNHMTKEEFTRYRKEAITEVDRSAAKHARREGNITGGHPVSRGTAKLRWLVERRFLEPVGKVVDLGCGRGGWCYYMATQKRVQEVKGYTKGGPGHEEPQLVQSYGWNIVTMKSGVDVFYRPSEASDTLLCDIGESSSSAEVEEHRTVRVLEMVEDWLHRGPKEFCIKVLCPYMPKVIEKMETLQRRYGGGLIRNPLSRNSTHEMYWVSHASGNIVHSVNMTSQVLLGR
WN1|ABA62343.1|capping_2-OMTase_Flaviviridae|2535-2771	Alfuy|AAX82481.1|capping_2-OMTase_Flaviviridae|2536-2772	83.544	237	39	0	1	237	1	237	5.79e-156	424	TLGEVWKERLNQMTKEEFTRYRKEAIIEVDRSAAKHARKEGNVTGGHPVSRGTAKLRWLVERRFLEPVGKVIDLGCGRGGWCYYMATQKRVQEVRGYTKGGPGHEEPQLVQSYGWNIVTMKSGVDVFYRPSECCDTLLCDIGESSSSAEVEEHRTIRVLEMVEDWLHRGPREFCVKVLCPYMPKVIEKMELLQRRYGGGLVRNPLSRNSTHEMYWVSRASGNVVHSVNMTSQVLLGR	TLGEQWKDRLNQLSKEEFFQYRKEAIIEVDRTDARKARKAGNVTGGHPVSRGTAKLRWLVERQFLNPVGRVVDLGCGRGGWSYYAATMKRVQEVRGYTKGGAGHEEPMLMQSYGWNIVSLKSGVDVFYRPSEVSDTLLCDIGESASSAEVEEHRTLRILEMVSDWLSRGPREFCIKVLCPYMPKVIEKMEQLQRRFGGGLVRVPLSRNSSHEMYWVSGASGNIIHSVNMTSQVLIGR
WN1|ABA62343.1|capping_2-OMTase_Flaviviridae|2535-2771	Yaounde|ABW76843.2|capping_2-OMTase_Flaviviridae|2532-2768	83.122	237	40	0	1	237	1	237	3.10e-146	399	TLGEVWKERLNQMTKEEFTRYRKEAIIEVDRSAAKHARKEGNVTGGHPVSRGTAKLRWLVERRFLEPVGKVIDLGCGRGGWCYYMATQKRVQEVRGYTKGGPGHEEPQLVQSYGWNIVTMKSGVDVFYRPSECCDTLLCDIGESSSSAEVEEHRTIRVLEMVEDWLHRGPREFCVKVLCPYMPKVIEKMELLQRRYGGGLVRNPLSRNSTHEMYWVSRASGNVVHSVNMTSQVLLGR	TLGEQWKERLNQLNKEEFHLYRKEAITEVDRTAARKARREGNKTSGHPVSRGTAKLRWLVERKFVNPIGKVVDLGCGRGGWTYYAATLKLVQEVKGYTKGGPGHEEPMLMQSYGWNIVTMKSGIDVFYRASEPCDTLFCDIGESSSSPEVEETRTIRVLEMVEDWLHRGPREFCIKVLCPYMPKVIERMEVLQRRFGGGLVRVPLSRNSNHEMYWVSGASGNIVHAVNMTSQVLMGR
WN1|ABA62343.1|capping_2-OMTase_Flaviviridae|2535-2771	Murray|AAF05296.1|capping_2-OMTase_Flaviviridae|2536-2772	80.591	237	46	0	1	237	1	237	4.35e-146	399	TLGEVWKERLNQMTKEEFTRYRKEAIIEVDRSAAKHARKEGNVTGGHPVSRGTAKLRWLVERRFLEPVGKVIDLGCGRGGWCYYMATQKRVQEVRGYTKGGPGHEEPQLVQSYGWNIVTMKSGVDVFYRPSECCDTLLCDIGESSSSAEVEEHRTIRVLEMVEDWLHRGPREFCVKVLCPYMPKVIEKMELLQRRYGGGLVRNPLSRNSTHEMYWVSRASGNVVHSVNMTSQVLLGR	TLGEQWKEKLNAMGKEEFFSYRKEAILEVDRTEARRARREGNKVGGHPVSRGTAKLRWLVERRFVQPIGKVVDLGCGRGGWSYYAATMKNVQEVRGYTKGGPGHEEPMLMQSYGWNIVTMKSGVDVFYKPSEISDTLLCDIGESSPSAEIEEQRTLRILEMVSDWLSRGPKEFCIKILCPYMPKVIEKLESLQRRFGGGLVRVPLSRNSNHEMYWVSGASGNIVHAVNMTSQVLIGR
WN1|ABA62343.1|capping_2-OMTase_Flaviviridae|2535-2771	Japanese_Encephalitis|AAA81554.1|capping_2-OMTase_Flaviviridae|2534-2770	78.481	237	51	0	1	237	1	237	8.20e-141	385	TLGEVWKERLNQMTKEEFTRYRKEAIIEVDRSAAKHARKEGNVTGGHPVSRGTAKLRWLVERRFLEPVGKVIDLGCGRGGWCYYMATQKRVQEVRGYTKGGPGHEEPQLVQSYGWNIVTMKSGVDVFYRPSECCDTLLCDIGESSSSAEVEEHRTIRVLEMVEDWLHRGPREFCVKVLCPYMPKVIEKMELLQRRYGGGLVRNPLSRNSTHEMYWVSRASGNVVHSVNMTSQVLLGR	TLGEQWKEKLNAMSREEFFKYRREAIIEVDRTEARRARRENNIVGGHPVSRGSAKLRWLVEKGFVSPIGKVIDLGCGRGGWSYYAATLKKVQEVRGYTKGGAGHEEPMLMQSYGRNLVSLKSGVDVFYKPSEPSDTLFCDIGESSPSPEVEEQRTLRVLEMTSDWLHRGPREFCIKVLCPYMPKVIEKMEVLQRRFGGGLVRLPLSRNSNHEMYWVSGAAGNVVHAVNMTSQVLLGR
WN1|ABA62343.1|capping_2-OMTase_Flaviviridae|2535-2771	Saint_Louis|ABG37975.1|capping_2-OMTase_Flaviviridae|2531-2767	72.574	237	65	0	1	237	1	237	3.84e-138	379	TLGEVWKERLNQMTKEEFTRYRKEAIIEVDRSAAKHARKEGNVTGGHPVSRGTAKLRWLVERRFLEPVGKVIDLGCGRGGWCYYMATQKRVQEVRGYTKGGPGHEEPQLVQSYGWNIVTMKSGVDVFYRPSECCDTLLCDIGESSSSAEVEEHRTIRVLEMVEDWLHRGPREFCVKVLCPYMPKVIEKMELLQRRYGGGLVRNPLSRNSTHEMYWVSRASGNVVHSVNMTSQVLLGR	TLGEIWKSRLNQLTRAEFMAYRKDGIVEVDRAPARKARREGRLTGGHPVSRGSAKLRWITERGFVKPMGKVVDLGCGRGGWSYYCATLKHVQEVKGFTKGGPGHEEPQLMQSYGWNLVHMKSGVDVFHKPAEPADTVLCDIGESNPSCEVEEARTARVLDMVEEWLKKGATEFCIKVLCPYTPKIIEKLEKLQRKYGGGLVRVPLSRNSTHEMYWVSGAAGNIIHAVSMTSQVLMGR
WN1|ABA62343.1|capping_2-OMTase_Flaviviridae|2535-2771	Ilheus|AAV34155.1|capping_2-OMTase_Flaviviridae|2526-2761	72.574	237	64	1	1	237	1	236	2.04e-134	369	TLGEVWKERLNQMTKEEFTRYRKEAIIEVDRSAAKHARKEGNVTGGHPVSRGTAKLRWLVERRFLEPVGKVIDLGCGRGGWCYYMATQKRVQEVRGYTKGGPGHEEPQLVQSYGWNIVTMKSGVDVFYRPSECCDTLLCDIGESSSSAEVEEHRTIRVLEMVEDWLHRGPREFCVKVLCPYMPKVIEKMELLQRRYGGGLVRNPLSRNSTHEMYWVSRASGNVVHSVNMTSQVLLGR	TLGEIWKAQLNQLTREEFMAYRRDGILEVDRTQARRARQSGITTGGHPVSRGTAKLRWMVERGFVRPIGKVVDLGCGRGGWSYYCATLRHVQEVRGYTKGGPGHEEPVMMQSYGWNIVTMKSGVDVFYKPTESCDTLLCDIGESSSSVGVEEARTLRVLDMVEPWL-RAANSFCIKVLCPYTPKVIERLERLQRAYGGGLVRVPLSRNSTHEMYWVSGASSNIINAVTVTSQILVQR
WN1|ABA62343.1|capping_2-OMTase_Flaviviridae|2535-2771	Ntaya|AFS89612.2|capping_2-OMTase_Flaviviridae|2530-2765	71.610	236	67	0	2	237	1	236	8.30e-134	368	LGEVWKERLNQMTKEEFTRYRKEAIIEVDRSAAKHARKEGNVTGGHPVSRGTAKLRWLVERRFLEPVGKVIDLGCGRGGWCYYMATQKRVQEVRGYTKGGPGHEEPQLVQSYGWNIVTMKSGVDVFYRPSECCDTLLCDIGESSSSAEVEEHRTIRVLEMVEDWLHRGPREFCVKVLCPYMPKVIEKMELLQRRYGGGLVRNPLSRNSTHEMYWVSRASGNVVHSVNMTSQVLLGR	LGEMWKAQLNQLTRQEFMEYRRDGIIEVDRSAARKARREGNVTGGHPVSRGTAKLRWMVERGFVKPHGKVIDLGCGRGGWSYYCATLKLVQEVKGYTKGGPGHEEPVMMQSYGWNLVSLKSGVDVFYRPSEQSDTLLCDIGEASPVPEIEEARTVKVLQMVEEWLSRGVEDFCVKILCPYMPKVLKELEKMQLRWGGGLIRVPLSRNSNHEMYWVSGASGNITNSVNTVSQMLINR
WN1|ABA62343.1|capping_2-OMTase_Flaviviridae|2535-2771	Bagaza|AAV34161.1|capping_2-OMTase_Flaviviridae|2529-2764	69.492	236	72	0	2	237	1	236	3.33e-132	363	LGEVWKERLNQMTKEEFTRYRKEAIIEVDRSAAKHARKEGNVTGGHPVSRGTAKLRWLVERRFLEPVGKVIDLGCGRGGWCYYMATQKRVQEVRGYTKGGPGHEEPQLVQSYGWNIVTMKSGVDVFYRPSECCDTLLCDIGESSSSAEVEEHRTIRVLEMVEDWLHRGPREFCVKVLCPYMPKVIEKMELLQRRYGGGLVRNPLSRNSTHEMYWVSRASGNVVHSVNMTSQVLLGR	LGEIWKAQLNQLTRQEFMEYRKDGIIEVDRAPARKARREGNVTGGHPVSRGTAKLRWLVERGFLKPRGKVVDLGCGRGGWSYYCATLKMVQEVKGYTKGGPGHEEPMMMQSYGWNLVSLKSGIDIFYRPAEHSDTLLCDIGEASPVPEIEEARTLKVLQTVDEWLARGTEEFCIKVLCPYMPRVLKELERMQSRWGGGLVRVPLSRNSNHEMYWVSGASGNITNAVNTVSQMLINR
WN1|ABA62343.1|capping_2-OMTase_Flaviviridae|2535-2771	Tembusu|AEJ87340.1|capping_2-OMTase_Flaviviridae|2530-2763	72.222	234	65	0	4	237	1	234	5.55e-126	348	EVWKERLNQMTKEEFTRYRKEAIIEVDRSAAKHARKEGNVTGGHPVSRGTAKLRWLVERRFLEPVGKVIDLGCGRGGWCYYMATQKRVQEVRGYTKGGPGHEEPQLVQSYGWNIVTMKSGVDVFYRPSECCDTLLCDIGESSSSAEVEEHRTIRVLEMVEDWLHRGPREFCVKVLCPYMPKVIEKMELLQRRYGGGLVRNPLSRNSTHEMYWVSRASGNVVHSVNMTSQVLLGR	EAWKAQLNQLTRQEFMEYRKDGIIEVDRAAAKRARREGNVTGGHPVSRGTAKLRWLVERGFLKPRGKVVDLGCGRGGWSYYCATLKQVQEVRGYTKGGPGHEEPVMTQSYGWNIVTLKSGVNVHFKPTEPSDTLLCDIGEASPVPEIESARTIRVLQMAEEWLARGVEEFCIKVLCPYMPAVIKELERLQLKWGGGLVRVPLSRNSTHEMYWVSGSSGNVTNSINTVSQMLINR
WN1|ABA62343.1|capping_2-OMTase_Flaviviridae|2535-2771	Naranjal|AIU94742.1|capping_2-OMTase_Flaviviridae|2531-2766	67.932	237	75	1	1	237	1	236	1.85e-123	342	TLGEVWKERLNQMTKEEFTRYRKEAIIEVDRSAAKHARKEGNVTGGHPVSRGTAKLRWLVERRFLEPVGKVIDLGCGRGGWCYYMATQKRVQEVRGYTKGGPGHEEPQLVQSYGWNIVTMKSGVDVFYRPSECCDTLLCDIGESSSSAEVEEHRTIRVLEMVEDWLHRGPREFCVKVLCPYMPKVIEKMELLQRRYGGGLVRNPLSRNSTHEMYWVSRASGNVVHSVNMTSQVLLGR	TLGEKWKHMLNSMDKYEFSRYKVNGIFEVDREPARMALANGLVTGGHAVSRGSAKLRWMVERGAVRPTGRVIDLGCGRGGWSYYCATLKQVQEVRGFTKGGEGHEEPKMVQSYGWNIVTLKSGVDVFHRPAEMGDTILCDIGESSATPEIEEARTLRVLDMIEPWLKNKP-EFCIKVLCPYRPKVIEKLSALQRQYGGGLLRVPLSRNSTHEMYWTSGTAGNIINAVNLTSKVLIHR
WN1|ABA62343.1|capping_2-OMTase_Flaviviridae|2535-2771	Spondweni|ABI54480.1|capping_2-OMTase_Flaviviridae|2533-2769	70.042	237	71	0	1	237	1	237	2.81e-123	341	TLGEVWKERLNQMTKEEFTRYRKEAIIEVDRSAAKHARKEGNVTGGHPVSRGTAKLRWLVERRFLEPVGKVIDLGCGRGGWCYYMATQKRVQEVRGYTKGGPGHEEPQLVQSYGWNIVTMKSGVDVFYRPSECCDTLLCDIGESSSSAEVEEHRTIRVLEMVEDWLHRGPREFCVKVLCPYMPKVIEKMELLQRRYGGGLVRNPLSRNSTHEMYWVSRASGNVVHSVNMTSQVLLGR	TVGEKWKERLNRMTALEFYAYKRSGITEVCREPARRALKDGVVTGGHAVSRGSAKLRWMVERGHVNLVGRVVDLGCGRGGWSYYAASQKQVLEVRGYTKGGAGHEEPMNVQSYGWNIVRLKSGVDVFYLPSEPCDTLLCDIGESSSSPAVEEARTLRVLGMVETWLERGVKNFCIKVLCPYTSAMIERLEALQRRYGGGLVRVPLSRNSTHEMYWVSGAKSNIIRSVNATSQLLMHR
WN1|ABA62343.1|capping_2-OMTase_Flaviviridae|2535-2771	Zika_Brasil|AMB18850.1|capping_2-OMTase_Flaviviridae|2531-2763	70.690	232	68	0	6	237	2	233	4.57e-116	323	WKERLNQMTKEEFTRYRKEAIIEVDRSAAKHARKEGNVTGGHPVSRGTAKLRWLVERRFLEPVGKVIDLGCGRGGWCYYMATQKRVQEVRGYTKGGPGHEEPQLVQSYGWNIVTMKSGVDVFYRPSECCDTLLCDIGESSSSAEVEEHRTIRVLEMVEDWLHRGPREFCVKVLCPYMPKVIEKMELLQRRYGGGLVRNPLSRNSTHEMYWVSRASGNVVHSVNMTSQVLLGR	WKARLNQMSALEFYSYKKSGITEVCREEARRALKDGVATGGHAVSRGSAKLRWLVERGYLQPYGKVIDLGCGRGGWSYYAATIRKVQEVKGYTKGGPGHEEPVLVQSYGWNIVRLKSGVDVFHMAAEPCDTLLCDIGESSSSPEVEEARTLRVLSMVGDWLEKRPGAFCIKVLCPYTSTMMETLERLQRRYGGGLVRVPLSRNSTHEMYWVSGAKSNTIKSVSTTSQLLLGR
WN1|ABA62343.1|capping_2-OMTase_Flaviviridae|2535-2771	Iguape|AAV34154.1|capping_2-OMTase_Flaviviridae|2519-2755	65.823	237	81	0	1	237	1	237	7.71e-116	322	TLGEVWKERLNQMTKEEFTRYRKEAIIEVDRSAAKHARKEGNVTGGHPVSRGTAKLRWLVERRFLEPVGKVIDLGCGRGGWCYYMATQKRVQEVRGYTKGGPGHEEPQLVQSYGWNIVTMKSGVDVFYRPSECCDTLLCDIGESSSSAEVEEHRTIRVLEMVEDWLHRGPREFCVKVLCPYMPKVIEKMELLQRRYGGGLVRNPLSRNSTHEMYWVSRASGNVVHSVNMTSQVLLGR	TLGDKWKARLNAMEKTTFSKYKVSGITEVDREPARKALREGNLHSGHAVSRGTAKLRWMVERGMVNPQGKVIDLGCGRGGWSYYAATLPRVMEVKGYTKGGLGHEEPRMVQSYGWNLVTLKSGVDVHMKAVERTNTLFCDIGESSASPEVEESRTLKVLELVEHWMAVGVDAFAVKVLCPYRPKVIEKLEGLQRRFGGGLVRIPLSRNSTHEMYWVDGVKTNIVGAVNTTSKLLLSR
WN1|ABA62343.1|capping_2-OMTase_Flaviviridae|2535-2771	Kedougou|AAV34156.1|capping_2-OMTase_Flaviviridae|2515-2750	63.713	237	85	1	1	237	1	236	6.50e-115	320	TLGEVWKERLNQMTKEEFTRYRKEAIIEVDRSAAKHARKEGNVTGGHPVSRGTAKLRWLVERRFLEPVGKVIDLGCGRGGWCYYMATQKRVQEVRGYTKGGPGHEEPQLVQSYGWNIVTMKSGVDVFYRPSECCDTLLCDIGESSSSAEVEEHRTIRVLEMVEDWLHRGPREFCVKVLCPYMPKVIEKMELLQRRYGGGLVRNPLSRNSTHEMYWVSRASGNVVHSVNMTSQVLLGR	TLGEKWKRELNQLSAASFHAYKRAGITEVDRTAARKALQENATNSGHAVSRGTAKLAWMAERGFVDLKGRVVDLGCGRGGWSYYAASQKKVHEVAGFTKGGPGHEEPIMVQSYGWNIVRMKSGIDVHYLPVQPADTLLCDIGESSSNPGVEEARTLKVLELVENWIKPG-TSFCVKVFCPYMPKVLEKLESLQRNFGGGLVRCPLSRNSTYEMYWVSGGKSNMVSAVNTTSQLLVSR
WN1|ABA62343.1|capping_2-OMTase_Flaviviridae|2535-2771	Zika_Africa|AAV34151.1|capping_2-OMTase_Flaviviridae|2527-2759	69.397	232	71	0	6	237	2	233	4.80e-114	318	WKERLNQMTKEEFTRYRKEAIIEVDRSAAKHARKEGNVTGGHPVSRGTAKLRWLVERRFLEPVGKVIDLGCGRGGWCYYMATQKRVQEVRGYTKGGPGHEEPQLVQSYGWNIVTMKSGVDVFYRPSECCDTLLCDIGESSSSAEVEEHRTIRVLEMVEDWLHRGPREFCVKVLCPYMPKVIEKMELLQRRYGGGLVRNPLSRNSTHEMYWVSRASGNVVHSVNMTSQVLLGR	WKARLNQMSALEFYSYKKSGITEVCREEARRALKDGVATGGHAVSRGSAKIRWLEERGYLQPYGKVVDLGCGRGGWSYYAATIRKVQEVRGYTKGGPGHEEPMLVQSYGWNIVRLKSGVDVFHMAAEPCDTLLCDIGESSSSPEVEETRTLRVLSMVGDWLEKRPGAFCIKVLCPYTSTMMETMERLQRRHGGGLVRVPLCRNSTHEMYWVSGAKSNIIKSVSTTSQLLLGR
WN1|ABA62343.1|capping_2-OMTase_Flaviviridae|2535-2771	Dengue_3|AAM51537.1|capping_2-OMTase_Flaviviridae|2498-2731	65.401	237	79	2	1	237	1	234	2.89e-113	316	TLGEVWKERLNQMTKEEFTRYRKEAIIEVDRSAAKHARKEGNVTGGHPVSRGTAKLRWLVERRFLEPVGKVIDLGCGRGGWCYYMATQKRVQEVRGYTKGGPGHEEPQLVQSYGWNIVTMKSGVDVFYRPSECCDTLLCDIGESSSSAEVEEHRTIRVLEMVEDWLHRGPREFCVKVLCPYMPKVIEKMELLQRRYGGGLVRNPLSRNSTHEMYWVSRASGNVVHSVNMTSQVLLGR	TLGEKWKKKLNQLSRKEFDLYKKSGITEVDRTEAKEGLKRGETTH-HAVSRGSAKLQWFVERNMVVPEGRVIDLGCGRGGWSYYCAGLKKVTEVRGYTKGGPGHEEPVPMSTYGWNIVKLMSGKDVFYLPPEKCDTLLCDIGESSPSPTVEESRTIRVLKMVEPWLKNN--QFCIKVLNPYMPTVIEHLERLQRKHGGMLVRNPLSRNSTHEMYWISNGTGNIVSSVNMVSRLLLNR
WN1|ABA62343.1|capping_2-OMTase_Flaviviridae|2535-2771	Dengue_1|AAB70695.1|capping_2-OMTase_Flaviviridae|2501-2734	64.979	237	80	3	1	237	1	234	3.56e-113	315	TLGEVWKERLNQMTKEEFTRYRKEAIIEVDRSAAKHARKEGNVTGGHPVSRGTAKLRWLVERRFLEPVGKVIDLGCGRGGWCYYMATQKRVQEVRGYTKGGPGHEEPQLVQSYGWNIVTMKSGVDVFYRPSECCDTLLCDIGESSSSAEVEEHRTIRVLEMVEDWLHRGPREFCVKVLCPYMPKVIEKMELLQRRYGGGLVRNPLSRNSTHEMYWVSRASGNVVHSVNMTSQVLLGR	TLGEKWKRQLNQLSKSEFNTYKRSGIIEVDRSEAKEGLKRGETTK-HAVSRGTAKLRWFVERNLVKPEGKVIDLGCGRGGWSYYCAGLKKVTEVKGYTKGGPGHEEPIPMATYGWNLVKLYSGKDVFFTPPEKCDTLLCDIGESSPNPTIEEGRTLRVLKMVEPWL-RG-NQFCIKILNPYMPSVVETLEQMQRKHGGMLVRNPLSRNSTHEMYWVSCGTGNIVSAVNMTSRMLLNR
WN1|ABA62343.1|capping_2-OMTase_Flaviviridae|2535-2771	Dengue_2|AAB58782.1|capping_2-OMTase_Flaviviridae|2499-2733	64.979	237	81	2	1	237	1	235	9.66e-113	314	TLGEVWKERLNQMTKEEFTRYRKEAIIEVDRSAAKHARKEGNVTGGHPVSRGTAKLRWLVERRFLEPVGKVIDLGCGRGGWCYYMATQKRVQEVRGYTKGGPGHEEPQLVQSYGWNIVTMKSGVDVFYRPSECCDTLLCDIGESSSSAEVEEHRTIRVLEMVEDWLHRGPREFCVKVLCPYMPKVIEKMELLQRRYGGGLVRNPLSRNSTHEMYWVSRASGNVVHSVNMTSQVLLGR	TLGEKWKSRLNALGKSEFQIYKKSGIQEVDRTLAKEGIKRGE-TDHHAVSRGSAKLRWFVERNMVTPEGKVVDLGCGRGGWSYYCGGLKNVREVKGLTKGGPGHEEPIPMSTYGWNLVRLQSGVDVFFIPPEKCDTLLCDIGESSPNPTVEAGRTLRVLNLVENWLNNN-TQFCIKVLNPYMPSVIEKMEALQRKYGGALVRNPLSRNSTHEMYWVSNASGNIVSSVNMISRMLINR
WN1|ABA62343.1|capping_2-OMTase_Flaviviridae|2535-2771	Dengue_4|AAG45435.1|capping_2-OMTase_Flaviviridae|2499-2729	64.655	232	80	2	6	237	2	231	1.64e-112	313	WKERLNQMTKEEFTRYRKEAIIEVDRSAAKHARKEGNVTGGHPVSRGTAKLRWLVERRFLEPVGKVIDLGCGRGGWCYYMATQKRVQEVRGYTKGGPGHEEPQLVQSYGWNIVTMKSGVDVFYRPSECCDTLLCDIGESSSSAEVEEHRTIRVLEMVEDWLHRGPREFCVKVLCPYMPKVIEKMELLQRRYGGGLVRNPLSRNSTHEMYWVSRASGNVVHSVNMTSQVLLGR	WKRQLNSLDRKEFEEYKRSGILEVDRTEAKSALKDGSKIK-HAVSRGSSKIRWIVERGMVKPKGKVVDLGCGRGGWSYYMATLKNVTEVKGYTKGGPGHEEPIPMATYGWNLVKLHSGVDVFYKPTEQVDTLLCDIGESSSNPTIEEGRTLRVLKMVEPWLSSKP-EFCIKVLNPYMPTVIEELEKLQRKHGGNLVRCPLSRNSTHEMYWVSGASGNIVSSVNTTSKMLLNR
WN1|ABA62343.1|capping_2-OMTase_Flaviviridae|2535-2771	Kokobera|AAV34157.1|capping_2-OMTase_Flaviviridae|2514-2751	64.706	238	83	1	1	237	1	238	3.24e-112	313	TLGEVWKERLNQMTKEEFTRYRKEAIIEVDRSAAKHARKEGNVTGGHPVSRGTAKLRWLVERRFLEPVGKVIDLGCGRGGWCYYMATQKRVQEVRGYTKGGPGHEEPQLVQSYGWNIVTMKSGVDVFYRPSECCDTLLCDIGESSSSAEVEEHRTIRVLEMVEDWLHRGP-REFCVKVLCPYMPKVIEKMELLQRRYGGGLVRNPLSRNSTHEMYWVSRASGNVVHSVNMTSQVLLGR	TLGEKWKARLNQMNTLEFHRYRRSHIMEVDREPARAALKSGDFTRGAAVSRGSAKLRWMHERGYIRLHDKVVDLGCGRGGWCYYSATVKEVKEVKGYTKGGRGHEEPVLTQSYGWNIVQMKSGVDVFYKEAEPCDVVLCDIGECSSSPAVEADRSTKVLELAERWLERNDGADFCIKVLCPYMPEVVEKLSKLQLRYGGCLVRNPLSRNSTHEMYWVSGYKGNLIGVINSTSALLLRR
WN1|ABA62343.1|capping_2-OMTase_Flaviviridae|2535-2771	Sepik|ABI23562.1|capping_2-OMTase_Flaviviridae|2506-2742	59.072	237	97	0	1	237	1	237	5.39e-101	285	TLGEVWKERLNQMTKEEFTRYRKEAIIEVDRSAAKHARKEGNVTGGHPVSRGTAKLRWLVERRFLEPVGKVIDLGCGRGGWCYYMATQKRVQEVRGYTKGGPGHEEPQLVQSYGWNIVTMKSGVDVFYRPSECCDTLLCDIGESSSSAEVEEHRTIRVLEMVEDWLHRGPREFCVKVLCPYMPKVIEKMELLQRRYGGGLVRNPLSRNSTHEMYWVSRASGNVVHSVNMTSQVLLGR	TLGEVWKRQLNMMGKQEFEKYKISDIMEVDRSVAQRYLKEGRNDVGISVSRGTAKMRWLHERGYVKLSGRVIDLGCGRGGWSYYSAAQKEVMSVKGYTLGINGHEKPVHMQTLGWNIIKFKDKSDVFTMPAEPCETLLCDIGESSSNFLIEKDRTLKVLENFERWKHVNTENFCVKVLCPYHPDVIEKLERMQLRFGGGLVRIPFSRNSTHEMYYISGARNNITHMVNTTSRSLLRR
WN1|ABA62343.1|capping_2-OMTase_Flaviviridae|2535-2771	Yellow_fever|CAA27332.1|capping_2-OMTase_Flaviviridae|2513-2743	60.173	231	92	0	1	231	1	231	2.10e-100	283	TLGEVWKERLNQMTKEEFTRYRKEAIIEVDRSAAKHARKEGNVTGGHPVSRGTAKLRWLVERRFLEPVGKVIDLGCGRGGWCYYMATQKRVQEVRGYTKGGPGHEEPQLVQSYGWNIVTMKSGVDVFYRPSECCDTLLCDIGESSSSAEVEEHRTIRVLEMVEDWLHRGPREFCVKVLCPYMPKVIEKMELLQRRYGGGLVRNPLSRNSTHEMYWVSRASGNVVHSVNMTS	TLGEVWKRELNLLDKRQFELYKRTDIVEVDRDTARRHLAEGKVDTGVAVSRGTAKLRWFHERGYVKLEGRVIDLGCGRGGWCYYAAAQKEVSGVKGFTLGRDGHEKPMNVQSLGWNIITFKDKTDIHRLEPVKCDTLLCDIGESSSSSVTEGERTVRVLDTVEKWLACGVDNFCVKVLAPYMPDVLEKLELLQRRFGGTVIRNPLSRNSTHEMYYVSGARSNVTFTVNQTS
WN1|ABA62343.1|capping_2-OMTase_Flaviviridae|2535-2771	Banzi|ABI54472.1|capping_2-OMTase_Flaviviridae|2495-2731	53.165	237	111	0	1	237	1	237	3.42e-94	268	TLGEVWKERLNQMTKEEFTRYRKEAIIEVDRSAAKHARKEGNVTGGHPVSRGTAKLRWLVERRFLEPVGKVIDLGCGRGGWCYYMATQKRVQEVRGYTKGGPGHEEPQLVQSYGWNIVTMKSGVDVFYRPSECCDTLLCDIGESSSSAEVEEHRTIRVLEMVEDWLHRGPREFCVKVLCPYMPKVIEKMELLQRRYGGGLVRNPLSRNSTHEMYWVSRASGNVVHSVNMTSQVLLGR	TYGEVWKRQLNLLGKQEFMNYKVSDILEVDRSHAREVLNSGNDAVGVAVSRGSSKLNWLIERGYLRPTGRVVDLGCGRGGWSYTCAAERQVTSVKAYTLGKEGHEKPRLIQSLGWNIIKFKDKSDITRMTPHASDTLLCDIGESSSNPEVEKERTLRVIEAVEKWMSPTTVSFCFKVLAPYKPDVIEALERFQLKHGGGIIRNPYSRNSTHEMYYVSGVRNNILHMVNSTSRMLMRR
WN1|ABA62343.1|capping_2-OMTase_Flaviviridae|2535-2771	Jugra|ABI54482.1|capping_2-OMTase_Flaviviridae|2493-2729	54.008	237	109	0	1	237	1	237	8.66e-94	266	TLGEVWKERLNQMTKEEFTRYRKEAIIEVDRSAAKHARKEGNVTGGHPVSRGTAKLRWLVERRFLEPVGKVIDLGCGRGGWCYYMATQKRVQEVRGYTKGGPGHEEPQLVQSYGWNIVTMKSGVDVFYRPSECCDTLLCDIGESSSSAEVEEHRTIRVLEMVEDWLHRGPREFCVKVLCPYMPKVIEKMELLQRRYGGGLVRNPLSRNSTHEMYWVSRASGNVVHSVNMTSQVLLGR	TLGEVWKRQLNLLGKKEFEKYKISDIIEVDRSHAREVLASGKTATGVAVSRGSAKLNWIIERGYLKPHGRVVDLGCGRGGWSYTCAAERSVSIVRGFTLGKNGHESPRLIESLGWNIIKFKDKSDVQKMEPVTSDTLLCDIGESSSNPEVEKERTLRVIENMRRWMSPSTSAFCFKVLAPYKPEVIEALESFQLTYGGGIVRNPFSRNSTHEMYYVSGVRNNITHMINSTSKMLLRR
WN1|ABA62343.1|capping_2-OMTase_Flaviviridae|2535-2771	Bouboui|ABI54473.1|capping_2-OMTase_Flaviviridae|2494-2730	52.743	237	112	0	1	237	1	237	1.42e-93	266	TLGEVWKERLNQMTKEEFTRYRKEAIIEVDRSAAKHARKEGNVTGGHPVSRGTAKLRWLVERRFLEPVGKVIDLGCGRGGWCYYMATQKRVQEVRGYTKGGPGHEEPQLVQSYGWNIVTMKSGVDVFYRPSECCDTLLCDIGESSSSAEVEEHRTIRVLEMVEDWLHRGPREFCVKVLCPYMPKVIEKMELLQRRYGGGLVRNPLSRNSTHEMYWVSRASGNVVHSVNMTSQVLLGR	TMGEVWKRQLNLLSKKEFEEYKISDIMEVDRRHARDELASGNTATGVAVSRGTSKLNWLAERGYVRPHGRVIDLGCGRGGWSYFCAAQKQVSSVKGYTLGKEGHEKPMVIQSLGWNLIKFKDRVDVTRLEVEPSDTLLCDIGESSSNPEIEKERTLKVIDLVDKWITPTTESFCFKVLAPYKSDVIERLERFQLKHGGGVVRNPYSRNSSHEMYFVSGIRNNILHMVSITSRLLLRR
WN1|ABA62343.1|capping_2-OMTase_Flaviviridae|2535-2771	Potiskum|ABI54483.1|capping_2-OMTase_Flaviviridae|2493-2729	53.165	237	111	0	1	237	1	237	1.71e-92	263	TLGEVWKERLNQMTKEEFTRYRKEAIIEVDRSAAKHARKEGNVTGGHPVSRGTAKLRWLVERRFLEPVGKVIDLGCGRGGWCYYMATQKRVQEVRGYTKGGPGHEEPQLVQSYGWNIVTMKSGVDVFYRPSECCDTLLCDIGESSSSAEVEEHRTIRVLEMVEDWLHRGPREFCVKVLCPYMPKVIEKMELLQRRYGGGLVRNPLSRNSTHEMYWVSRASGNVVHSVNMTSQVLLGR	TLGEVWKRQLNLLGKREFETYKISDILEVDRTYAREVMASGKTSIGVAVSRGSAKLNWMMERGYLRPHGRVVDLGCGRGGWSYACSAERLVSSVKGFTLGKAGHETPRLIESLGWNIIKFKDKCDVGRMQPIASDTLLCDIGESSSNPEIEKERTLKVIEIVRNWMSPTTSSFCFKVLAPYKPEVIEALESFQLSYGGGLVRNPLSRNSTHEMYFVSGIRNNITHMVNSTSRMLLRR
WN1|ABA62343.1|capping_2-OMTase_Flaviviridae|2535-2771	Saboya|ABI54478.1|capping_2-OMTase_Flaviviridae|2493-2729	53.165	237	111	0	1	237	1	237	4.14e-92	262	TLGEVWKERLNQMTKEEFTRYRKEAIIEVDRSAAKHARKEGNVTGGHPVSRGTAKLRWLVERRFLEPVGKVIDLGCGRGGWCYYMATQKRVQEVRGYTKGGPGHEEPQLVQSYGWNIVTMKSGVDVFYRPSECCDTLLCDIGESSSSAEVEEHRTIRVLEMVEDWLHRGPREFCVKVLCPYMPKVIEKMELLQRRYGGGLVRNPLSRNSTHEMYWVSRASGNVVHSVNMTSQVLLGR	TLGEVWKRQLNLLGKREFETYKISDILEVDRTYAREVMASGKTSIGVAVSRGSAKLNWMMERGYLRPHGRVVDLGCGRGGWSYACAAERLVSSVKGFTLGKAGHETPRLIESLGWNIIKFKDKCDVGRMQPIASDTLLCDIGESSSNPEIEKERTLKVIEIVRNWMSPTTSSFCFKVLAPYKPEVIEALESFQLSHGGGLVRNPLSRNSTHEMYFVSGIRNNITHMVNSTSRMLLRR
WN1|ABA62343.1|capping_2-OMTase_Flaviviridae|2535-2771	Royal_farm|ABB90673.1|capping_2-OMTase_Flaviviridae|2522-2758	54.430	237	107	1	2	237	1	237	4.72e-92	262	LGEVWKERLNQMTKEEFTRYRKEAIIEVDRSAAKHARKEGNVTGGHPVSRGTAKLRWLVERRFLEPVGKVIDLGCGRGGWCYYMATQKRVQEVRGYTKGGPGHEEPQLVQSYGWNIVTMKSGVDVFYRPSECCDTLLCDIGESSSSAEVEEHRTIRVLEMVEDWLHRGPREFCV-KVLCPYMPKVIEKMELLQRRYGGGLVRNPLSRNSTHEMYWVSRASGNVVHSVNMTSQVLLGR	LGDLWKEKLNGMTKEEFFQYRRSGVLETDRTTARELLRRGETAMGLAVSRGTAKLAWLEERGFVTLKGEVVDLGCGRGGWSYYAASRPSVMGVKAYTIGGRGHEEPRLVTSLGWNLVKFRSSMDVFTMDPHRADTILCDIGESSSSAEKEGERSRRVIFLMEQWKMRNPTAACVFKVLAPYRPEVIEALHRFQLQWGGGLVRVPFSRNSTHEMYYSTAVSGNLVNAVNVTTKRLMDR
WN1|ABA62343.1|capping_2-OMTase_Flaviviridae|2535-2771	Tick_borne|AAA86870.1|capping_2-OMTase_Flaviviridae|2518-2755	52.101	238	113	1	1	237	1	238	8.96e-89	254	TLGEVWKERLNQMTKEEFTRYRKEAIIEVDRSAAKHARKEGNVTGGHPVSRGTAKLRWLVERRFLEPVGKVIDLGCGRGGWCYYMATQKRVQEVRGYTKGGPGHEEPQLVQSYGWNIVTMKSGVDVFYRPSECCDTLLCDIGESSSSAEVEEHRTIRVLEMVEDWLHRGPREFCV-KVLCPYMPKVIEKMELLQRRYGGGLVRNPLSRNSTHEMYWVSRASGNVVHSVNMTSQVLLGR	TLGDLWKRRLNNCTREEFFVYRRTGILETERDKARELLRRGETNVGLAVSRGTAKLAWLEERGYATLKGEVVDLGCGRGGWSYYAASRPAVMSVRAYTIGGKGHEAPKMVTSLGWNLIKFRSGMDVFSMQPHRADTVMCDIGESSPDAAVEGERTRKVILLMEQWKNRNPTAACVFKVLAPYRPEVIEALHRFQLQWGGGLVRTPFSRNSTHEMYYSTAVTGNIVNSVNVQSRKLLAR
WN1|ABA62343.1|capping_2-OMTase_Flaviviridae|2535-2771	Omsk|AAP29989.1|capping_2-OMTase_Flaviviridae|2518-2755	51.681	238	114	1	1	237	1	238	2.73e-88	253	TLGEVWKERLNQMTKEEFTRYRKEAIIEVDRSAAKHARKEGNVTGGHPVSRGTAKLRWLVERRFLEPVGKVIDLGCGRGGWCYYMATQKRVQEVRGYTKGGPGHEEPQLVQSYGWNIVTMKSGVDVFYRPSECCDTLLCDIGESSSSAEVEEHRTIRVLEMVEDWLHRGPREFCV-KVLCPYMPKVIEKMELLQRRYGGGLVRNPLSRNSTHEMYWVSRASGNVVHSVNMTSQVLLGR	TLGDLWKRRLNNCTKEEFFAYRRTGILETERDKARELLKKGETNMGLAVSRGTAKLAWLEERGYVNLKGEVVDLGCGRGGWSYYAASRPAVMGVKAYTIGGKGHEVPRMVTSLGWNLIKFRAGMNVFTMQPHRADTVMCDIGESSPDAAIEGERTRKVILLMEQWKNRNPTAACVFKVLAPYRPEVIEALHRFQLQWGGGLVRTPFSRNSTHEMYYSTAISGNIVNSVNVQSRKLLAR
WN1|ABA62343.1|capping_2-OMTase_Flaviviridae|2535-2771	Langat|AAF75259.1|capping_2-OMTase_Flaviviridae|2518-2755	51.261	238	115	1	1	237	1	238	5.03e-88	252	TLGEVWKERLNQMTKEEFTRYRKEAIIEVDRSAAKHARKEGNVTGGHPVSRGTAKLRWLVERRFLEPVGKVIDLGCGRGGWCYYMATQKRVQEVRGYTKGGPGHEEPQLVQSYGWNIVTMKSGVDVFYRPSECCDTLLCDIGESSSSAEVEEHRTIRVLEMVEDWLHRGPREFCV-KVLCPYMPKVIEKMELLQRRYGGGLVRNPLSRNSTHEMYWVSRASGNVVHSVNMTSQVLLGR	TLGDMWKARLNSCTKEEFFAYRRAGVMETDREKARELLKRGETNMGLAVSRGTSKLAWMEERGYVTLKGEVVDLGCGRGGWSYYAASRPAVMSVRAYTIGGKGHESPRMVTSLGWNLIKFRAGMDVFSMEPHRADAILCDIGESNPDAVVEGERSRRVILLMEQWKNRNPTATCVFKVLAPYRPEVIEALHRFQLQWGGGLVRTPFSRNSTHEMYFSTAITGNIVNSVNIQSRKLLAR
WN1|ABA62343.1|capping_2-OMTase_Flaviviridae|2535-2771	Karshi|ABE73208.1|capping_2-OMTase_Flaviviridae|2520-2757	50.420	238	117	1	1	237	1	238	8.97e-88	251	TLGEVWKERLNQMTKEEFTRYRKEAIIEVDRSAAKHARKEGNVTGGHPVSRGTAKLRWLVERRFLEPVGKVIDLGCGRGGWCYYMATQKRVQEVRGYTKGGPGHEEPQLVQSYGWNIVTMKSGVDVFYRPSECCDTLLCDIGESSSSAEVEEHRTIRVLEMVEDWLHRGPREFCV-KVLCPYMPKVIEKMELLQRRYGGGLVRNPLSRNSTHEMYWVSRASGNVVHSVNMTSQVLLGR	TLGDIWKTRLNACSKEDFFQYRRSHVLETDRTKARELLRRGETNMGLAVSRGTSKLAWLEERGYATVKGEVVDLGCGRGGWSYYAASRPSVLSVKAYTIGGKGHEEPRMITSLGWNLVKFRSGMDVFSMDAHRADTVMCDIGESDPDPEKEGERSRRVIQLMSRWKQRNPAASCVFKVLAPYRPDVIEALHRFQLLWGGGLVRNPFSRNSTHEMYYTTGVCGNIINSVNVTSKRLLSR
WN1|ABA62343.1|capping_2-OMTase_Flaviviridae|2535-2771	Powassan|AAA02739.1|capping_2-OMTase_Flaviviridae|2519-2756	51.261	238	115	1	1	237	1	238	2.89e-86	247	TLGEVWKERLNQMTKEEFTRYRKEAIIEVDRSAAKHARKEGNVTGGHPVSRGTAKLRWLVERRFLEPVGKVIDLGCGRGGWCYYMATQKRVQEVRGYTKGGPGHEEPQLVQSYGWNIVTMKSGVDVFYRPSECCDTLLCDIGESSSSAEVEEHRTIRVLEMVEDWLHRGPREFCV-KVLCPYMPKVIEKMELLQRRYGGGLVRNPLSRNSTHEMYWVSRASGNVVHSVNMTSQVLLGR	TLGDIWKQRLNSCTKEEFFAYRRTGVMETNRDQARELLRRGETNMGLAVSRGCAKLAWLEERGYATLKGEVVDLGCGRGGWSYYAASRPSVMAVRAYTIGGKGHEAPRLVTSLGWNLIKFRSGMDVFSMATTRADTILCDIGESSPDPEKEGARSRRVILLMEQWKARNPDAAAVFKVLAPYRPEVLEALHRFQLQWGGGLVRVPFSRNSTHEMYYSTAVTGNLVNSVNVLSRKLLAR
WN1|ABA62343.1|capping_2-OMTase_Flaviviridae|2535-2771	Alkhurma|AFF18426.1|capping_2-OMTase_Flaviviridae|2520-2757	50.000	238	118	1	1	237	1	238	1.37e-84	243	TLGEVWKERLNQMTKEEFTRYRKEAIIEVDRSAAKHARKEGNVTGGHPVSRGTAKLRWLVERRFLEPVGKVIDLGCGRGGWCYYMATQKRVQEVRGYTKGGPGHEEPQLVQSYGWNIVTMKSGVDVFYRPSECCDTLLCDIGESSSSAEVEEHRTIRVLEMVEDWLHRGPREFCV-KVLCPYMPKVIEKMELLQRRYGGGLVRNPLSRNSTHEMYWVSRASGNVVHSVNMTSQVLLGR	TLGDIWKRRLNGCSREEFFQYRRSGVMETERDRARELLKRGETNMGLAVSRGTAKLAWLEERGYATLKGEVVDLGCGRGGWSYYAASRPAVMGVKAYTIGGKGHEVPRLITSLGWNLIKFRTGMDVYSLEAHRADTILCDIGESNPDPLVEGERSRRVILLMEKWKLRNPDASCVFKVLAPYRPEVLEALHRFQLQWGGGLVRVPFSRNSTHEMYFSTAVSGNIVNSVNIQSRKLLAR
WN1|ABA62343.1|capping_2-OMTase_Flaviviridae|2535-2771	Kyasanur|AAQ91607.1|capping_2-OMTase_Flaviviridae|2520-2757	49.580	238	119	1	1	237	1	238	3.40e-84	242	TLGEVWKERLNQMTKEEFTRYRKEAIIEVDRSAAKHARKEGNVTGGHPVSRGTAKLRWLVERRFLEPVGKVIDLGCGRGGWCYYMATQKRVQEVRGYTKGGPGHEEPQLVQSYGWNIVTMKSGVDVFYRPSECCDTLLCDIGESSSSAEVEEHRTIRVLEMVEDWLHRGPREFCV-KVLCPYMPKVIEKMELLQRRYGGGLVRNPLSRNSTHEMYWVSRASGNVVHSVNMTSQVLLGR	TLGDIWKRRLNGCSREEFFQYRRSGVMETERDKARELLKRGETNMGLAVSRGTAKLAWLEERGYATLKGEVVDLGCGRGGWSYYAASRPAVMGVKAYTIGGKGHEVPRLITSLGWNLIKFRTGMDVYSLEAHRADTILCDIGESSPDPLAEGERSRRVILLMEKWKLRNPDASCVFKVLAPYRPEVLEALHRFQLQWGGGLVRVPFSRNSTHEMYFSTAISGNIINSVNTQSRKLLAR
WN1|ABA62343.1|capping_2-OMTase_Flaviviridae|2535-2771	Kadam|ABB90670.1|capping_2-OMTase_Flaviviridae|2508-2743	50.847	236	115	1	3	237	1	236	1.62e-83	240	GEVWKERLNQMTKEEFTRYRKEAIIEVDRSAAKHARKEGNVTGGHPVSRGTAKLRWLVERRFLEPVGKVIDLGCGRGGWCYYMATQKRVQEVRGYTKGGPGHEEPQLVQSYGWNIVTMKSGVDVFYRPSECCDTLLCDIGESSSSAEVEEHRTIRVLEMVEDWLHRGPREFCV-KVLCPYMPKVIEKMELLQRRYGGGLVRNPLSRNSTHEMYWVSRASGNVVHSVNMTSQVLLGR	GAIWKRRLNGLTKEQFMGYRRSGVLETDRVKAREVIQKKIVKSGLAVSRGTAKLAWLVERGYATLKGEVVDLGCGRGGWSYLAAALSSVMSVSAYTIGGGGHEEPILRESYGWNLVRFRSRIDVHTLRPHRADTILCDIGESSPNWRVEEERTLKVIQLIENWKALNPAASCVFKVLCPYGPSVVEALHRFQLKWGGGLVRVPFSRNSTHEMYYSTALAGNVVAVVGATTKRLIRR
