WN1|ABA62343.1|Flavi_E_C|598-690	Kunjin|BAA00176.1|Flavi_E_C|598-690	96.774	93	3	0	1	93	1	93	3.01e-68	189	AFKFLGTPADTGHGTVVLELQYTGTDGPCKVPISSVASLNDLTPVGRLVTVNPFVSVATANAKVLIELEPPFGDSYIVVGRGEQQINHHWHKS	AFRFLGTPADTGHGTVVLELQYTGTDGPCKIPISSVASLNDLTPVGRLVTVNPFVSVSTANAKVLIELEPPFGDSYIVVGRGEQQINHHWHKS
WN1|ABA62343.1|Flavi_E_C|598-690	Usutu|AAS59402.1|Flavi_E_C|600-691	100.000	93	0	0	1	93	93	185	4.42e-68	192	AFKFLGTPADTGHGTVVLELQYTGTDGPCKVPISSVASLNDLTPVGRLVTVNPFVSVATANAKVLIELEPPFGDSYIVVGRGEQQINHHWHKS	AFKFLGTPADTGHGTVVLELQYTGTDGPCKVPISSVASLNDLTPVGRLVTVNPFVSVATANAKVLIELEPPFGDSYIVVGRGEQQINHHWHKS
WN1|ABA62343.1|Flavi_E_C|598-690	Usutu|AAS59402.1|Flavi_E_C|600-691	77.174	92	21	0	2	93	2	93	1.26e-55	160	FKFLGTPADTGHGTVVLELQYTGTDGPCKVPISSVASLNDLTPVGRLVTVNPFVSVATANAKVLIELEPPFGDSYIVVGRGEQQINHHWHKS	FSFAKNPADTGHGTVVLELQYTGSDGPCKIPISIVASLSDLTPIGRMVTANPYVASSEANAKVLVEMEPPFGDSYIVVGRGDKQINHHWHKA
WN1|ABA62343.1|Flavi_E_C|598-690	WNV2|AAA48498.2|Flavi_E_C|594-686	96.774	93	3	0	1	93	1	93	5.07e-67	186	AFKFLGTPADTGHGTVVLELQYTGTDGPCKVPISSVASLNDLTPVGRLVTVNPFVSVATANAKVLIELEPPFGDSYIVVGRGEQQINHHWHKS	AFKFARTPADTGHGTVVLELQYTGTDGPCKVPISSVASLNDLTPVGRLVTVNPFVSVATANSKVLIELEPPFGDSYIVVGRGEQQINHHWHKS
WN1|ABA62343.1|Flavi_E_C|598-690	Yaounde|ABW76843.2|Flavi_E_C|598-690	85.870	92	13	0	1	92	1	92	2.13e-60	169	AFKFLGTPADTGHGTVVLELQYTGTDGPCKVPISSVASLNDLTPVGRLVTVNPFVSVATANAKVLIELEPPFGDSYIVVGRGEQQINHHWHK	AFQFSKNPADTGHGTVVVELQYTGNDGPCKVPISSTASLNDLTPVGRLVTVNPFVSATTANSKVIIELEPPFGDSYIVVGRGEKQINYHWHK
WN1|ABA62343.1|Flavi_E_C|598-690	Murray|AAF05296.1|Flavi_E_C|600-692	81.319	91	17	0	2	92	2	92	3.35e-59	166	FKFLGTPADTGHGTVVLELQYTGTDGPCKVPISSVASLNDLTPVGRLVTVNPFVSVATANAKVLIELEPPFGDSYIVVGRGEQQINHHWHK	FTFSKNPADTGHGTVVLELQYTGSDGPCKIPISSVASLNDMTPVGRMVTANPYVASSTANAKVLVEIEPPFGDSYIVVGRGDKQINHHWHK
WN1|ABA62343.1|Flavi_E_C|598-690	Alfuy|AAX82481.1|Flavi_E_C|602-693	81.522	92	17	0	2	93	1	92	2.67e-58	164	FKFLGTPADTGHGTVVLELQYTGTDGPCKVPISSVASLNDLTPVGRLVTVNPFVSVATANAKVLIELEPPFGDSYIVVGRGEQQINHHWHKS	FTFTKTPADTGHGTVVLELKYLGADGPCKIPISSVTNLNDLTPVGRLVTANPFVSATTANSKVLVEIEPPFGDSYIVVGRGDKQINHHWHKS
WN1|ABA62343.1|Flavi_E_C|598-690	Japanese_Encephalitis|AAA81554.1|Flavi_E_C|601-692	78.022	91	20	0	2	92	2	92	1.75e-57	162	FKFLGTPADTGHGTVVLELQYTGTDGPCKVPISSVASLNDLTPVGRLVTVNPFVSVATANAKVLIELEPPFGDSYIVVGRGEQQINHHWHK	FSFAKNPADTGHGTVVIELSYSGSDGPCKIPIVSVASLNDMTPVGRLVTVNPFVATSSANSKVLVEMEPPFGDSYIVVGRGDKQINHHWHK
WN1|ABA62343.1|Flavi_E_C|598-690	Saint_Louis|ABG37975.1|Flavi_E_C|596-688	73.913	92	24	0	1	92	1	92	2.62e-52	149	AFKFLGTPADTGHGTVVLELQYTGTDGPCKVPISSVASLNDLTPVGRLVTVNPFVSVATANAKVLIELEPPFGDSYIVVGRGEQQINHHWHK	AFTFSKNPTDTGHGTVIVELQYTGSNGPCRVPISVTANLMDLTPVGRLVTVNPFISTGGANNKVMIEVEPPFGDSYIVVGRGTTQINYHWHK
WN1|ABA62343.1|Flavi_E_C|598-690	Tembusu|AEJ87340.1|Flavi_E_C|595-687	63.043	92	34	0	2	93	2	93	1.64e-47	137	FKFLGTPADTGHGTVVLELQYTGTDGPCKVPISSVASLNDLTPVGRLVTVNPFVSVATANAKVLIELEPPFGDSYIVVGRGEQQINHHWHKS	FSLVKNPTDTGHGTVVVELSYAGTDGPCRVPISMSADLNDMTPVGRLITVNPYVSTSSTGAKIMVEVEPPFGDSFILVGSGKGQIRYQWHRS
WN1|ABA62343.1|Flavi_E_C|598-690	Bagaza|AAV34161.1|Flavi_E_C|597-689	63.043	92	34	0	2	93	2	93	2.24e-47	137	FKFLGTPADTGHGTVVLELQYTGTDGPCKVPISSVASLNDLTPVGRLVTVNPFVSVATANAKVLIELEPPFGDSYIVVGRGEQQINHHWHKS	FTLAKNPTDTGHGTVVVELSYSGSDGPCRIPISMTANLQDLTPIGRLITVNPYVSTSSSGTKVVVELEPPFGDSFILVGTGENQIKYQWHKS
WN1|ABA62343.1|Flavi_E_C|598-690	Ntaya|AFS89612.2|Flavi_E_C|597-689	60.870	92	36	0	2	93	2	93	2.10e-46	134	FKFLGTPADTGHGTVVLELQYTGTDGPCKVPISSVASLNDLTPVGRLVTVNPFVSVATANAKVLIELEPPFGDSYIVVGRGEQQINHHWHKS	FSLARNPTDTGHGTVVVKLSYAGSDGPCRIPISMTANLQDLTPIGRMITVNPYVSTSSTGTKVIVELEPPFGDSFILVGSGENQIKYQWHKS
WN1|ABA62343.1|Flavi_E_C|598-690	Zika_Brasil|AMB18850.1|Flavi_E_C|601-693	59.140	93	38	0	1	93	1	93	8.08e-45	130	AFKFLGTPADTGHGTVVLELQYTGTDGPCKVPISSVASLNDLTPVGRLVTVNPFVSVATANAKVLIELEPPFGDSYIVVGRGEQQINHHWHKS	AFTFTKIPAETLHGTVTVEVQYAGTDGPCKVPAQMAVDMQTLTPVGRLITANPVITESTENSKMMLELDPPFGDSYIVIGVGEKKITHHWHRS
WN1|ABA62343.1|Flavi_E_C|598-690	Zika_Africa|AAV34151.1|Flavi_E_C|597-689	56.989	93	40	0	1	93	1	93	1.05e-44	130	AFKFLGTPADTGHGTVVLELQYTGTDGPCKVPISSVASLNDLTPVGRLVTVNPFVSVATANAKVLIELEPPFGDSYIVVGRGEQQINHHWHKS	AFTFTKVPAETLHGTVTVEVQYAGTDGPCKIPVQMAVDMQTLTPVGRLITANPVITESTENSKMMLELDPPFGDSYIVIGVGDKKITHHWHRS
WN1|ABA62343.1|Flavi_E_C|598-690	Ilheus|AAV34155.1|Flavi_E_C|593-684	61.538	91	35	0	2	92	2	92	1.36e-44	129	FKFLGTPADTGHGTVVLELQYTGTDGPCKVPISSVASLNDLTPVGRLVTVNPFVSVATANAKVLIELEPPFGDSYIVVGRGEQQINHHWHK	FAFAQTPVDTGHGTIVAELTYTGTDGPCKIPISMTADLRDMTPIGRLVTVNPIIPSSAKSQKILVELEPPFGSSFILVGQENNQIKYQWHK
WN1|ABA62343.1|Flavi_E_C|598-690	Kokobera|AAV34157.1|Flavi_E_C|594-686	56.989	93	40	0	1	93	1	93	2.86e-42	124	AFKFLGTPADTGHGTVVLELQYTGTDGPCKVPISSVASLNDLTPVGRLVTVNPFVSVATANAKVLIELEPPFGDSYIVVGRGEQQINHHWHKS	SFAFTKTPSDTGHGTVLLELTYSGSDGPCRVPISMSVSLSNIEPVGRMVTVNPIVLSSSPQKTIMIEVEPPFGDSFIIAGTGEPRAHYHWRKS
WN1|ABA62343.1|Flavi_E_C|598-690	Spondweni|ABI54480.1|Flavi_E_C|601-692	54.348	92	42	0	1	92	1	92	1.71e-40	119	AFKFLGTPADTGHGTVVLELQYTGTDGPCKVPISSVASLNDLTPVGRLVTVNPFVSVATANAKVLIELEPPFGDSYIVVGRGEQQINHHWHK	AFTFARTPSETIHGTATVELQYAGEDGPCKVPIVITSDTNSMASTGRLITANPVVTESGANSKMMVEIDPPFGDSYIIVGTGTTKITHHWHR
WN1|ABA62343.1|Flavi_E_C|598-690	Naranjal|AIU94742.1|Flavi_E_C|603-693	49.462	93	45	1	1	93	1	91	1.17e-35	107	AFKFLGTPADTGHGTVVLELQYTGTDGPCKVPISSVASLNDLTPVGRLVTVNPFVSVATANAKVLIELEPPFGDSYIVVGRGEQQINHHWHKS	SFKMEKSPADTGHGTVVLDISYQGSEAPCKVPIVITPNLAEIEPVGRLVSAHPVVT--GKNVRTMIEVEPPYGDSYIIIGTGDGKLKQHWYKK
WN1|ABA62343.1|Flavi_E_C|598-690	Iguape|AAV34154.1|Flavi_E_C|589-679	50.000	92	44	1	1	92	1	90	2.33e-31	96.7	AFKFLGTPADTGHGTVVLELQYTGTDGPCKVPISSVASLNDLTPVGRLVTVNPFVSVATANAKVLIELEPPFGDSYIVVGRGEQQINHHWHK	AFTMKKDPTDTGHGTVVMELTYKGIDVPCRVPITIARSPNDGEMVGRMVSVNPL--AMTTSSVFMVEVEPPYGDSNIIVGSYDNVLKHHWFK
WN1|ABA62343.1|Flavi_E_C|598-690	Kedougou|AAV34156.1|Flavi_E_C|593-682	54.945	91	38	2	2	92	2	89	2.98e-31	96.3	FKFLGTPADTGHGTVVLELQYTGTDGPCKVPISSVASLNDLTPVGRLVTVNPFVSVATANAKVLIELEPPFGDSYIVVGRGEQQINHHWHK	FSFHRNPAPTQHGTVTVDIGYSG-DAPCKVPISVSSEANSHKNVGRLVTANPIV--MKNGDSVLVEVEPPFGDSYIVVGTGPTKINYHWYK
WN1|ABA62343.1|Flavi_E_C|598-690	Yellow_fever|CAA27332.1|Flavi_glycop_C|581-676	47.191	89	44	2	4	92	11	96	5.42e-28	88.2	FLGTPADTGHGTVVLELQYTGTDGPCKVPISSVASLNDLTPVGRLVTVNPFVSVATANAKVLIELEPPFGDSYIVVGRGEQQINHHWHK	FVKNPTDTGHGTVVMQVKVS-KGAPCRIPVIVADDLTAAINKGILVTVNPIAS--TNDDEVLIEVNPPFGDSYIIVGRGDSRLTYQWHK
WN1|ABA62343.1|Flavi_E_C|598-690	Dengue_1|AAB70695.1|Flavi_glycop_C|578-673	47.826	92	45	2	1	92	8	96	4.57e-27	85.9	AFKFLGTPADTGHGTVVLELQYTGTDGPCKVPISSVASLNDLTPVGRLVTVNPFVSVATANAKVLIELEPPFGDSYIVVGRGEQQINHHWHK	SFKLEKEVAETQHGTVLVQVKYEGTDAPCKIPFSS-QDEKGVTQNGRLITANPIVT--DKEKPVNIEAEPPFGESYIVVGAGEKALKLSWFK
WN1|ABA62343.1|Flavi_E_C|598-690	Dengue_2|AAB58782.1|Flavi_E_C|585-674	43.011	93	50	2	1	93	1	90	1.00e-24	79.7	AFKFLGTPADTGHGTVVLELQYTGTDGPCKVPISSVASLNDLTPVGRLVTVNPFVSVATANAKVLIELEPPFGDSYIVVGRGEQQINHHWHKS	KFKVVKEIAETQHGTIVIRVQYEGDGSPCKIPF-EIMDLEKRHVLGRLITVNPIVT--EKDSPVNIEAEPPFGDSYIIIGVEPGQLKLNWFKK
WN1|ABA62343.1|Flavi_E_C|598-690	Saboya|ABI54478.1|Flavi_E_C|574-661	43.333	90	48	2	4	93	2	88	1.01e-24	79.7	FLGTPADTGHGTVVLELQYTGTDGPCKVPISSVASLNDLTPVGRLVTVNPFVSVATANAKVLIELEPPFGDSYIVVGRGEQQINHHWHKS	FTKTPADTGHGTVVMQVKVT-KNAPCRLTAIAADDASGKVNRGTLVTSNPIANAA--NDEVLIEINPPFGESYLIVGTGDDKLVYQWKKS
WN1|ABA62343.1|Flavi_E_C|598-690	Sepik|ABI23562.1|Flavi_E_C|581-669	36.957	92	55	2	2	93	1	89	4.17e-24	78.2	FKFLGTPADTGHGTVVLELQYTGTDGPCKVPISSVASLNDLTPVGRLVTVNPFVSVATANAKVLIELEPPFGDSYIVVGRGEQQINHHWHKS	MSFVKQPVETDHGTAVMQVKVT-NGAPCRIPVIASDSMAGTENRGSVITTNPIA--ALNNDEVLVEISPPFGESYIIVGSGDDKLTYHWQRS
WN1|ABA62343.1|Flavi_E_C|598-690	Jugra|ABI54482.1|Flavi_E_C|574-661	44.565	92	44	4	4	93	2	88	1.32e-23	76.6	FLGTPADTGHGTVVLELQYTGTDGPCKVPISSVASLNDLTPVGR--LVTVNPFVSVATANAKVLIELEPPFGDSYIVVGRGEQQINHHWHKS	FTKTPADTGHGTVVMQVKVT-KNTPCR--LTAIASDDASGRVNRGTLVTSNPVAN--SANDEVLIEINPPYGESYLIVGVGDDKLVYQWRKS
WN1|ABA62343.1|Flavi_E_C|598-690	Dengue_4|AAG45435.1|Flavi_E_C|584-673	43.529	85	45	2	9	93	9	90	1.54e-23	76.6	ADTGHGTVVLELQYTGTDGPCKVPISSVASLNDLTPVGRLVTVNPFVSVATANAKVLIELEPPFGDSYIVVGRGEQQINHHWHKS	AETQHGTTVVKVKYEGAGAPCKVPIE-IRDVNKEKVVGRIISSTPLAE--NTNSVTNIELEPPFGDSYIVIGVGNSALTLHWFRK
WN1|ABA62343.1|Flavi_E_C|598-690	Potiskum|ABI54483.1|Flavi_E_C|574-661	41.111	90	50	2	4	93	2	88	2.11e-23	76.3	FLGTPADTGHGTVVLELQYTGTDGPCKVPISSVASLNDLTPVGRLVTVNPFVSVATANAKVLIELEPPFGDSYIVVGRGEQQINHHWHKS	FTKTPADTGHGTAVMQVKVT-KNAPCRLTAIAADDASGKVNRGTLVTSNPIANAV--NDEVLIEINPPFGESYLIVGTGDDKLVYQWKKS
WN1|ABA62343.1|Flavi_E_C|598-690	Banzi|ABI54472.1|Flavi_E_C|575-662	38.889	90	52	2	4	93	2	88	1.17e-21	71.6	FLGTPADTGHGTVVLELQYTGTDGPCKVPISSVASLNDLTPVGRLVTVNPFVSVATANAKVLIELEPPFGDSYIVVGRGEQQINHHWHKS	FVKTPTDTGHGTVVMQVKVAKS-APCRLTAIAADDASGHVNRGTLVTSNPIA--ASNNDEVMIEINPPYGTSYLIVGVGDDKLVYQWKKS
WN1|ABA62343.1|Flavi_E_C|598-690	Bouboui|ABI54473.1|Flavi_E_C|575-662	40.000	90	51	2	4	93	2	88	5.90e-21	70.1	FLGTPADTGHGTVVLELQYTGTDGPCKVPISSVASLNDLTPVGRLVTVNPFVSVATANAKVLIELEPPFGDSYIVVGRGEQQINHHWHKS	FTKTPTDTGHGTVVMQVKVT-RGAPCRLTAIAADDASGHVNRGSLVTSNPIANAN--NDEVLIEINPPYGLSYLIVGTGDDKLVYQWKKS
WN1|ABA62343.1|Flavi_E_C|598-690	Dengue_3|AAM51537.1|Flavi_E_C|576-671	40.476	84	47	2	9	92	16	96	1.16e-20	69.3	ADTGHGTVVLELQYTGTDGPCKVPISSVASLNDLTPVGRLVTVNPFVSVATANAKVLIELEPPFGDSYIVVGRGEQQINHHWHK	SETQHGTILIKVEYKGEDAPCKIPFSTEDGQGKAHN-GRLITANPVVT--KKEEPVNIEAEPPFGESNIVIGIGDNALKINWYK
WN1|ABA62343.1|Flavi_E_C|598-690	Powassan|AAA02739.1|Flavi_E_C|589-674	41.667	84	46	1	2	85	2	82	2.24e-19	65.9	FKFLGTPADTGHGTVVLELQYTGTDGPCKVPISSVASLNDLTPVGRLVTVNPFVSVATANAKVLIELEPPFGDSYIVVGRGEQQ	FKWKRVPVDSGHDTVVMEVSYTGSDKPCRIPVRAVAHGVPAVNVAMLITPNPTIE---TNGGGFIEMQLPPGDNIIYVGDLSQQ
WN1|ABA62343.1|Flavi_E_C|598-690	Omsk|AAP29989.1|Flavi_E_C|591-675	34.783	92	52	3	2	93	2	85	6.50e-16	57.0	FKFLGTPADTGHGTVVLELQYTGTDGPCKVPISSVASLNDLTPVGRLVTVNPFVSVATANAKVLIELEPPFGDSYIVVGRGEQQINHHWHKS	FTWKRAPTDSGHDTVVMEVAFSGTK-PCRIPVRAVAHGSPDVDVAMLITPNPTIE---NNGGGFIEMQLPPGDNIIYVG----ELKHQWFQK
WN1|ABA62343.1|Flavi_E_C|598-690	Tick_borne|AAA86870.1|Flavi_E_C|591-675	34.783	92	52	3	2	93	2	85	7.65e-16	57.0	FKFLGTPADTGHGTVVLELQYTGTDGPCKVPISSVASLNDLTPVGRLVTVNPFVSVATANAKVLIELEPPFGDSYIVVGRGEQQINHHWHKS	FTWKRAPTDSGHDTVVMEVTFSGTK-PCRIPVRAVAHGSPDVNVAMLITPNPTIE---NNGGGFIEMQLPPGDNIIYVG----ELSHQWFQK
WN1|ABA62343.1|Flavi_E_C|598-690	Kyasanur|AAQ91607.1|Flavi_E_C|592-676	34.783	92	52	3	2	93	2	85	1.42e-15	56.2	FKFLGTPADTGHGTVVLELQYTGTDGPCKVPISSVASLNDLTPVGRLVTVNPFVSVATANAKVLIELEPPFGDSYIVVGRGEQQINHHWHKS	FAWKRPPTDSGHDTVVMEVTYTGSK-PCRIPVRAVAHGEPNVNVASLITPNPSMETTGGG---FVELQLPPGDNIIYVG----ELSHQWFQK
WN1|ABA62343.1|Flavi_E_C|598-690	Alkhurma|AFF18426.1|Flavi_E_C|592-676	34.783	92	52	3	2	93	2	85	1.42e-15	56.2	FKFLGTPADTGHGTVVLELQYTGTDGPCKVPISSVASLNDLTPVGRLVTVNPFVSVATANAKVLIELEPPFGDSYIVVGRGEQQINHHWHKS	FAWKRPPTDSGHDTVVMEVTYTGSK-PCRIPVRAVAHGEPNVNVASLITPNPSMETTGGG---FVELQLPPGDNIIYVG----ELSHQWFQK
WN1|ABA62343.1|Flavi_E_C|598-690	Langat|AAF75259.1|Flavi_E_C|591-675	35.870	92	51	3	2	93	2	85	2.01e-15	55.8	FKFLGTPADTGHGTVVLELQYTGTDGPCKVPISSVASLNDLTPVGRLVTVNPFVSVATANAKVLIELEPPFGDSYIVVGRGEQQINHHWHKS	FTWKRAPTDSGHDTVVMEVGFSGTR-PCRIPVRAVAHGVPEVNVAMLITPNPTME---NNGGGFIEMQLPPGDNIIYVG----DLNHQWFQK
WN1|ABA62343.1|Flavi_E_C|598-690	Royal_farm|ABB90673.1|Flavi_E_C|592-676	34.524	84	51	2	2	85	2	81	6.85e-15	54.3	FKFLGTPADTGHGTVVLELQYTGTDGPCKVPISSVASLNDLTPVGRLVTVNPFVSVATANAKVLIELEPPFGDSYIVVGRGEQQ	FSWKRPPTDSGHDTVVMEVSYSGATKPCRIPVMATAH-GEESNVAMLITSNPTIETDKGG---FIEMQVPPGDITIKIGDLKQQ
WN1|ABA62343.1|Flavi_E_C|598-690	Karshi|ABE73208.1|Flavi_E_C|590-675	36.145	83	50	1	2	84	2	81	3.85e-14	52.8	FKFLGTPADTGHGTVVLELQYTGTDGPCKVPISSVASLNDLTPVGRLVTVNPFVSVATANAKVLIELEPPFGDSYIVVGRGEQ	FAWKRPPTDSGHDTVVMEVTYTGTVKPCRIQVRAEAKGAPGVDVANLITPNPTIEY---DGGGYIEMQLPPGDNTIYVGKIHQ
WN1|ABA62343.1|Flavi_E_C|598-690	Kadam|ABB90670.1|Flavi_E_C|577-662	34.177	79	49	2	2	80	2	77	3.18e-13	50.1	FKFLGTPADTGHGTVVLELQYTGTDGPCKVPISSVASLNDLTPVGRLVTVNPFVSVATANAKVLIELEPPFGDSYIVVG	FTWKQTPRDSAHDTVVMKLAYTGT-KPCRALVRAYRPGAETLDVAKLITSNPICTNDMTD--LFVEMQVPPGDTIIAVG
