WN1|ABA62343.1|Flavi_DEAD|1691-1836	Kunjin|BAA00176.1|Flavi_DEAD|1691-1836	97.945	146	3	0	1	146	1	146	5.17e-108	295	KKQITVLDLHPGAGKTRRILPQIIKEAINRRLRTAVLAPTRVVAAEMAEALRGLPIRYQTSAVPREHNGNEIVDVMCHATLTHRLMSPHRVPNYNLFVMDEAHFTDPASIAARGYISTKVELGEAAAIFMTATPPGTSDPFPESNS	KKQITVLDLHPGAGKTRRILPQIIKEAINRRLRTAVLAPTRVVAAEMAEALRGLPIRYQTSAVAREHNGNEIVDVMCHATLTHRLMSPHRVPNYNLFVMDEAHFTDPASIAARGYISTRVELGEAAAIFMTATPPGTSDPFPESNA
WN1|ABA62343.1|Flavi_DEAD|1691-1836	Usutu|AAS59402.1|Flavi_DEAD|1689-1834	100.000	146	0	0	1	146	147	292	5.52e-108	300	KKQITVLDLHPGAGKTRRILPQIIKEAINRRLRTAVLAPTRVVAAEMAEALRGLPIRYQTSAVPREHNGNEIVDVMCHATLTHRLMSPHRVPNYNLFVMDEAHFTDPASIAARGYISTKVELGEAAAIFMTATPPGTSDPFPESNS	KKQITVLDLHPGAGKTRRILPQIIKEAINRRLRTAVLAPTRVVAAEMAEALRGLPIRYQTSAVPREHNGNEIVDVMCHATLTHRLMSPHRVPNYNLFVMDEAHFTDPASIAARGYISTKVELGEAAAIFMTATPPGTSDPFPESNS
WN1|ABA62343.1|Flavi_DEAD|1691-1836	Usutu|AAS59402.1|Flavi_DEAD|1689-1834	88.356	146	17	0	1	146	1	146	3.37e-95	268	KKQITVLDLHPGAGKTRRILPQIIKEAINRRLRTAVLAPTRVVAAEMAEALRGLPIRYQTSAVPREHNGNEIVDVMCHATLTHRLMSPHRVPNYNLFVMDEAHFTDPASIAARGYISTKVELGEAAAIFMTATPPGTSDPFPESNS	KKQLTVLDLHPGAGKTRRILPQIIKDAIQRRLRTAVLAPTRVVAAEMAEALKGLPVRYLTPAVNREHSGTEIVDVMCHATLTHRLMSPLRAPNYNLFVMDEAHFTDPASIAARGYIATKVELGEAAAIFMTATPPGTHDPFPDTNA
WN1|ABA62343.1|Flavi_DEAD|1691-1836	WNV2|AAA48498.2|Flavi_DEAD|1687-1832	94.521	146	8	0	1	146	1	146	1.06e-105	289	KKQITVLDLHPGAGKTRRILPQIIKEAINRRLRTAVLAPTRVVAAEMAEALRGLPIRYQTSAVPREHNGNEIVDVMCHATLTHRLMSPHRVPNYNLFVMDEAHFTDPASIAARGYISTKVELGEAAAIFMTATPPGTSDPFPESNS	KKQITVLDLHPGAGKTRKILPQIIKEAINKRLRTAVLAPTRVVAAEMSEALRGLPIRYQTSAVHREHSGNEIVDVMCHATLTHRLMSPHRVPNYNLFIMDEAHFTDPASIAARGYIATKVELGEAAAIFMTATPPGTSDPFPESNA
WN1|ABA62343.1|Flavi_DEAD|1691-1836	Yaounde|ABW76843.2|Flavi_DEAD|1687-1831	91.724	145	12	0	1	145	1	145	1.39e-101	278	KKQITVLDLHPGAGKTRRILPQIIKEAINRRLRTAVLAPTRVVAAEMAEALRGLPIRYQTSAVPREHNGNEIVDVMCHATLTHRLMSPHRVPNYNLFVMDEAHFTDPASIAARGYISTKVELGEAAAIFMTATPPGTSDPFPESN	KRQLTVLDLHPGAGKTRKILPKIIKDAIDRRLRTAILAPTRVVAAEMAEALRGLPIRYLTSAVNREHTGNEIVDVMCHATLTHRLMSPHRVPNYNLFVMDEAHFTDPASIAARGYIATKVELGEAAAIFMTATPPGTADPFPESN
WN1|ABA62343.1|Flavi_DEAD|1691-1836	Japanese_Encephalitis|AAA81554.1|Flavi_DEAD|1690-1835	89.726	146	15	0	1	146	1	146	1.39e-101	278	KKQITVLDLHPGAGKTRRILPQIIKEAINRRLRTAVLAPTRVVAAEMAEALRGLPIRYQTSAVPREHNGNEIVDVMCHATLTHRLMSPHRVPNYNLFVMDEAHFTDPASIAARGYISTKVELGEAAAIFMTATPPGTSDPFPESNS	KRQMTVLDLHPGSGKTRKILPQIIKDAIQQRLRTAVLAPTRVVAAEMAEALRGLPVRYQTSAVQREHQGNEIVDVMCHATLTHRLMSPNRVPNYNLFVMDEAHFTDPASIAARGYIATKVELGEAAAIFMTATPPGTTDPFPDSNA
WN1|ABA62343.1|Flavi_DEAD|1691-1836	Alfuy|AAX82481.1|Flavi_DEAD|1690-1835	89.041	146	16	0	1	146	1	146	3.32e-99	272	KKQITVLDLHPGAGKTRRILPQIIKEAINRRLRTAVLAPTRVVAAEMAEALRGLPIRYQTSAVPREHNGNEIVDVMCHATLTHRLMSPHRVPNYNLFVMDEAHFTDPASIAARGYISTKVELGEAAAIFMTATPPGTSDPFPESNS	KRQLTVLDLHPGAGKTRRILPQIIKDAIAKRLRTAVLAPTRVVAAEMAEALKGLPVRYLTPAVQREHTGNEIIDVMCHATLTHRLLSPTRVPNYNLFVMDEAHFTDPASIAARGYISTKVELGEAAAIFMTATPPGTSDPFPDTNS
WN1|ABA62343.1|Flavi_DEAD|1691-1836	Murray|AAF05296.1|Flavi_DEAD|1689-1834	89.041	146	16	0	1	146	1	146	1.14e-98	271	KKQITVLDLHPGAGKTRRILPQIIKEAINRRLRTAVLAPTRVVAAEMAEALRGLPIRYQTSAVPREHNGNEIVDVMCHATLTHRLMSPHRVPNYNLFVMDEAHFTDPASIAARGYISTKVELGEAAAIFMTATPPGTSDPFPESNS	KRQLTVLDLHPGAGKTRRILPQIIKDAIQKRLRTAVLAPTRVVAAEMAEALRGLPVRYLTPAVQREHSGNEIVDVMCHATLTHRLMSPLRVPNYNLFVMDEAHFTDPASIAARGYIATRVEAGEAAAIFMTATPPGTSDPFPDTNS
WN1|ABA62343.1|Flavi_DEAD|1691-1836	Bagaza|AAV34161.1|Flavi_DEAD|1686-1831	82.877	146	25	0	1	146	1	146	2.07e-93	258	KKQITVLDLHPGAGKTRRILPQIIKEAINRRLRTAVLAPTRVVAAEMAEALRGLPIRYQTSAVPREHNGNEIVDVMCHATLTHRLMSPHRVPNYNLFVMDEAHFTDPASIAARGYISTKVELGEAAAIFMTATPPGTSDPFPESNS	KRQLTVLDLHPGSGKTRKVLPQIVKTAIDRRLRTAILAPTRVVAAEIAEALKEYPIRYLTPAVKREHTGTEIIDVMCHATLTSRLLTPQRVPNYNLFVMDEAHFTDPASIAARGYISTKVELGEAAAIFMTATPPGTRDPFPDSNS
WN1|ABA62343.1|Flavi_DEAD|1691-1836	Tembusu|AEJ87340.1|Flavi_DEAD|1684-1829	81.507	146	27	0	1	146	1	146	1.28e-92	256	KKQITVLDLHPGAGKTRRILPQIIKEAINRRLRTAVLAPTRVVAAEMAEALRGLPIRYQTSAVPREHNGNEIVDVMCHATLTHRLMSPHRVPNYNLFVMDEAHFTDPASIAARGYISTKVELGEAAAIFMTATPPGTSDPFPESNS	KRQLTVLDLHPGSGKTRKVLPMILKSAIDKRLRTAVLAPTRVVAAEIAEALKGLPIRYLTPAVKREHTGTEIIDVMCHATLTARLLTPQRVPNYNLFIMDEAHFTDPASIAARGYISTKVELGEAAAIFMTATPPGTTEAFPDSNS
WN1|ABA62343.1|Flavi_DEAD|1691-1836	Kedougou|AAV34156.1|Flavi_DEAD|1674-1819	80.137	146	29	0	1	146	1	146	1.23e-91	253	KKQITVLDLHPGAGKTRRILPQIIKEAINRRLRTAVLAPTRVVAAEMAEALRGLPIRYQTSAVPREHNGNEIVDVMCHATLTHRLMSPHRVPNYNLFVMDEAHFTDPASIAARGYISTKVELGEAAAIFMTATPPGTSDPFPESNS	KKNLTILDLHPGAGKTRRILPEIVKQAIDRRMRTVILAPTRVVAAEMGEALKGLPVRYMTTAVQREHTGTEIVDVMCHATFTMRLIQPMRVPNYNLFVMDEAHFTDPASIAARGYIATKVNMGEAAAIFMTATPPGHADPFPDSNS
WN1|ABA62343.1|Flavi_DEAD|1691-1836	Ilheus|AAV34155.1|Flavi_DEAD|1683-1828	80.137	146	29	0	1	146	1	146	1.54e-91	253	KKQITVLDLHPGAGKTRRILPQIIKEAINRRLRTAVLAPTRVVAAEMAEALRGLPIRYQTSAVPREHNGNEIVDVMCHATLTHRLMSPHRVPNYNLFVMDEAHFTDPASIAARGYISTKVELGEAAAIFMTATPPGTSDPFPESNS	KRRLTILDLHPGAGKTRRVIPQIVRECVKARLRTVILVPTRVVAAEMAEALRGLPIRYQTSAVKAEHSGNEIVDAMRHATLTQRLLTPAKVPNYNVFVMDEAHFTDPASIAARGYISTKVELGEAAAIFMTATPPGTTDPFPDSNA
WN1|ABA62343.1|Flavi_DEAD|1691-1836	Ntaya|AFS89612.2|Flavi_DEAD|1686-1831	80.822	146	28	0	1	146	1	146	6.28e-91	251	KKQITVLDLHPGAGKTRRILPQIIKEAINRRLRTAVLAPTRVVAAEMAEALRGLPIRYQTSAVPREHNGNEIVDVMCHATLTHRLMSPHRVPNYNLFVMDEAHFTDPASIAARGYISTKVELGEAAAIFMTATPPGTSDPFPESNS	KRQLTVLDLHPGSGKTRKVLPQIVKAAIEKRLRTAILAPTRVVAAEIAEALKEYPIRYLTPAVKREHTGTEIIDVMCHATLTARLLTPQRVPNYNLFVMDEAHFTDPASIAARGYISTKVDLGEAAAIFMTATPPGTRDAFPDSNS
WN1|ABA62343.1|Flavi_DEAD|1691-1836	Naranjal|AIU94742.1|Flavi_DEAD|1690-1835	76.712	146	34	0	1	146	1	146	1.24e-90	251	KKQITVLDLHPGAGKTRRILPQIIKEAINRRLRTAVLAPTRVVAAEMAEALRGLPIRYQTSAVPREHNGNEIVDVMCHATLTHRLMSPHRVPNYNLFVMDEAHFTDPASIAARGYISTKVELGEAAAIFMTATPPGTSDPFPESNS	KKKLTVLDLHPGAGKTRKVLPRLLQEALEKRLRTVVLAPTRVVAAEMAEALKGMPIRYQTSAVTASHQGNEIIDLMCHATFTSRLMQPHKVPNYNLYIMDEAHFTDPASIAARGFISTKVSLGEAAAVFMTATPPGSDNPFPASNA
WN1|ABA62343.1|Flavi_DEAD|1691-1836	Saint_Louis|ABG37975.1|Flavi_DEAD|1685-1830	79.452	146	30	0	1	146	1	146	2.05e-90	250	KKQITVLDLHPGAGKTRRILPQIIKEAINRRLRTAVLAPTRVVAAEMAEALRGLPIRYQTSAVPREHNGNEIVDVMCHATLTHRLMSPHRVPNYNLFVMDEAHFTDPASIAARGYISTKVELGEAAAIFMTATPPGTSDPFPESNS	KRKLTVLELHPGAGKTRKVLPQIIKDCIQKRLRTAVLAPTRVVACEIAEALKGLPIRYLTPAVRNEHQGNEIVDVMCHATLTQKLLTPTRVPNYQVYIMDEAHFIDPASIAARGYISTKVELGEAAAIFMTATPPGTNDPFPDSNS
WN1|ABA62343.1|Flavi_DEAD|1691-1836	Dengue_4|AAG45435.1|Flavi_DEAD|1659-1804	78.082	146	32	0	1	146	1	146	3.22e-89	247	KKQITVLDLHPGAGKTRRILPQIIKEAINRRLRTAVLAPTRVVAAEMAEALRGLPIRYQTSAVPREHNGNEIVDVMCHATLTHRLMSPHRVPNYNLFVMDEAHFTDPASIAARGYISTKVELGEAAAIFMTATPPGTSDPFPESNS	KKRLTIMDLHPGAGKTKRILPSIVREALKRRLRTLILAPTRVVAAEMEEALRGLPIRYQTPAVKSEHTGREIVDLMCHATFTTRLLSSTRVPNYNLIVMDEAHFTDPSSVAARGYISTRVEMGEAAAIFMTATPPGATDPFPQSNS
WN1|ABA62343.1|Flavi_DEAD|1691-1836	Zika_Brasil|AMB18850.1|Flavi_DEAD|1688-1833	78.082	146	32	0	1	146	1	146	7.18e-89	246	KKQITVLDLHPGAGKTRRILPQIIKEAINRRLRTAVLAPTRVVAAEMAEALRGLPIRYQTSAVPREHNGNEIVDVMCHATLTHRLMSPHRVPNYNLFVMDEAHFTDPASIAARGYISTKVELGEAAAIFMTATPPGTSDPFPESNS	KKQLTVLDLHPGAGKTRRVLPEIVREAIKTRLRTVILAPTRVVAAEMEEALRGLPVRYMTTAVNVTHSGTEIVDLMCHATFTSRLLQPIRVPNYNLYIMDEAHFTDPSSIAARGYISTRVEMGEAAAIFMTATPPGTRDAFPDSNS
WN1|ABA62343.1|Flavi_DEAD|1691-1836	Zika_Africa|AAV34151.1|Flavi_DEAD|1684-1829	78.082	146	32	0	1	146	1	146	2.40e-88	245	KKQITVLDLHPGAGKTRRILPQIIKEAINRRLRTAVLAPTRVVAAEMAEALRGLPIRYQTSAVPREHNGNEIVDVMCHATLTHRLMSPHRVPNYNLFVMDEAHFTDPASIAARGYISTKVELGEAAAIFMTATPPGTSDPFPESNS	KKQLTVLDLHPGAGKTRRVLPEIVREAIKKRLRTVILAPTRVVAAEMEEALRGLPVRYMTTAVNVTHSGTEIVDLMCHATFTSRLLQPIRVPNYNLNIMDEAHFTDPSSIAARGYISTRVEMGEAAAIFMTATPPGTRDAFPDSNS
WN1|ABA62343.1|Flavi_DEAD|1691-1836	Spondweni|ABI54480.1|Flavi_DEAD|1688-1833	76.027	146	35	0	1	146	1	146	1.79e-87	243	KKQITVLDLHPGAGKTRRILPQIIKEAINRRLRTAVLAPTRVVAAEMAEALRGLPIRYQTSAVPREHNGNEIVDVMCHATLTHRLMSPHRVPNYNLFVMDEAHFTDPASIAARGYISTKVELGEAAAIFMTATPPGTSDPFPESNS	KKKLTVLDLHPGAGKTRRVLPQIVKAAIKKRLRTVILAPTRVVAAEMAEALKDLPIRYMTPAVSATHDGNEIVDLMCHATFTSRLMQPIRVPNYNLYIMDEAHFTDPASIAARGYIATRVDMGDAAAIFMTATPPGSTEAFPDSNA
WN1|ABA62343.1|Flavi_DEAD|1691-1836	Dengue_3|AAM51537.1|Flavi_DEAD|1659-1804	75.342	146	36	0	1	146	1	146	2.57e-86	240	KKQITVLDLHPGAGKTRRILPQIIKEAINRRLRTAVLAPTRVVAAEMAEALRGLPIRYQTSAVPREHNGNEIVDVMCHATLTHRLMSPHRVPNYNLFVMDEAHFTDPASIAARGYISTKVELGEAAAIFMTATPPGTSDPFPESNS	KRNLTIMDLHPGSGKTRKYLPAIVREAIKRRLRTLILAPTRVVAAEMEEALKGLPIRYQTTATKSEHTGREIVDLMCHATFTMRLLSPVRVPNYNLIIMDEAHFTDPASIAARGYISTRVGMGEAAAIFMTATPPGTADAFPQSNA
WN1|ABA62343.1|Flavi_DEAD|1691-1836	Dengue_2|AAB58782.1|Flavi_DEAD|1660-1805	76.027	146	35	0	1	146	1	146	4.90e-86	239	KKQITVLDLHPGAGKTRRILPQIIKEAINRRLRTAVLAPTRVVAAEMAEALRGLPIRYQTSAVPREHNGNEIVDVMCHATLTHRLMSPHRVPNYNLFVMDEAHFTDPASIAARGYISTKVELGEAAAIFMTATPPGTSDPFPESNS	KRRLTIMDLHPGAGKTKRYLPAIVREAIKRGLRTLILAPTRVVAAEMEEALRGLPIRYQTPAIRAEHTGREIVDLMCHATFTMRLLSPVRVPNYNLIIMDEAHFTDPASIAARGYISTRVEMGEAAGIFMTATPPGSRDPFPQSNA
WN1|ABA62343.1|Flavi_DEAD|1691-1836	Dengue_1|AAB70695.1|Flavi_DEAD|1661-1806	73.973	146	38	0	1	146	1	146	1.64e-85	238	KKQITVLDLHPGAGKTRRILPQIIKEAINRRLRTAVLAPTRVVAAEMAEALRGLPIRYQTSAVPREHNGNEIVDVMCHATLTHRLMSPHRVPNYNLFVMDEAHFTDPASIAARGYISTKVELGEAAAIFMTATPPGTSDPFPESNS	KRNLTIMDLHPGSGKTRRYLPAIVREAIKRKLRTLVLAPTRVVASEMAEALKGMPIRYQTTAVKSEHTGKEIVDLMCHATFTMRLLSPVRVPNYNMIIMDEAHFTDPASIAARGYISTRVGMGEAAAIFMTATPPGSVEAFPQSNA
WN1|ABA62343.1|Flavi_DEAD|1691-1836	Iguape|AAV34154.1|Flavi_DEAD|1677-1822	71.918	146	41	0	1	146	1	146	1.18e-82	231	KKQITVLDLHPGAGKTRRILPQIIKEAINRRLRTAVLAPTRVVAAEMAEALRGLPIRYQTSAVPREHNGNEIVDVMCHATLTHRLMSPHRVPNYNLFVMDEAHFTDPASIAARGYISTKVELGEAAAIFMTATPPGTSDPFPESNS	KKQLIVLDPHPGAGKTRKVLPEFIRQAVERRLWTLALAPTRVVAAEMAEALNGLPVRYLTPAVIQQHTGKEIVDLMCHATFTMRLLSGGRVPNYNMFIMDEAHFTDPSSIAARGYISTKVDMGEASAVFMTATPPGSREPFPDSNA
WN1|ABA62343.1|Flavi_DEAD|1691-1836	Kokobera|AAV34157.1|Flavi_DEAD|1678-1823	69.863	146	44	0	1	146	1	146	3.16e-80	224	KKQITVLDLHPGAGKTRRILPQIIKEAINRRLRTAVLAPTRVVAAEMAEALRGLPIRYQTSAVPREHNGNEIVDVMCHATLTHRLMSPHRVPNYNLFVMDEAHFTDPASIAARGYISTKVELGEAAAIFMTATPPGTSDPFPESNS	KRELTVLDLHPGAGKTRRVLPQLVREAVKKRLRTVILAPTRVVASEMYEALRGEPIRYMTPAVQSERTGNEIVDFMCHSTFTMKLFQGVRVPNYNLYIMDEAHFLDPASVAARGYIETRVSMGDAGAIFMTATPPGTTEAFPPSNS
WN1|ABA62343.1|Flavi_DEAD|1691-1836	Yellow_fever|CAA27332.1|Flavi_DEAD|1674-1819	59.589	146	59	0	1	146	1	146	1.25e-65	187	KKQITVLDLHPGAGKTRRILPQIIKEAINRRLRTAVLAPTRVVAAEMAEALRGLPIRYQTSAVPREHNGNEIVDVMCHATLTHRLMSPHRVPNYNLFVMDEAHFTDPASIAARGYISTKVELGEAAAIFMTATPPGTSDPFPESNS	KGMTTVLDFHPGAGKTRRFLPQILAECARRRLRTLVLAPTRVVLSEMKEAFHGLDVKFHTQAFSAHGSGREVIDAMCHATLTYRMLEPTRVVNWEVIIMDEAHFLDPASIAARGWAAHRARANESATILMTATPPGTSDEFPHSNG
WN1|ABA62343.1|Flavi_DEAD|1691-1836	Sepik|ABI23562.1|Flavi_DEAD|1669-1814	59.310	145	59	0	1	145	1	145	1.61e-63	182	KKQITVLDLHPGAGKTRRILPQIIKEAINRRLRTAVLAPTRVVAAEMAEALRGLPIRYQTSAVPREHNGNEIVDVMCHATLTHRLMSPHRVPNYNLFVMDEAHFTDPASIAARGYISTKVELGEAAAIFMTATPPGTSDPFPESN	KGMLTVLDFHPGAGKTRVYLPQILKECERLRLKTLVLAPTRVVLSEMKEAMPKMSIKFHTQAFSNTATGKEIIDAMCHATLTHRMLEPTRVTNWEVVIMDEAHFMDPASIAARGWAAHRSRARECATIFMSATPPGTSNEFPESN
WN1|ABA62343.1|Flavi_DEAD|1691-1836	Jugra|ABI54482.1|Flavi_DEAD|1657-1802	58.219	146	61	0	1	146	1	146	5.20e-63	181	KKQITVLDLHPGAGKTRRILPQIIKEAINRRLRTAVLAPTRVVAAEMAEALRGLPIRYQTSAVPREHNGNEIVDVMCHATLTHRLMSPHRVPNYNLFVMDEAHFTDPASIAARGYISTKVELGEAAAIFMTATPPGTSDPFPESNS	KGEFTMLDYHPGAGKTRKHLPNILKECEKRRLKTLVLAPTRVVLSEMKEALHGVSARFHTQAFSNTTTGRELIDVMCHATLVHRMLEGVRSGNWEVIIMDEAHFLDPTSIAARGWAHHKAKTRESAVIFMTATPPGTTNEFPESNS
WN1|ABA62343.1|Flavi_DEAD|1691-1836	Bouboui|ABI54473.1|Flavi_DEAD|1658-1803	56.849	146	63	0	1	146	1	146	1.50e-62	180	KKQITVLDLHPGAGKTRRILPQIIKEAINRRLRTAVLAPTRVVAAEMAEALRGLPIRYQTSAVPREHNGNEIVDVMCHATLTHRLMSPHRVPNYNLFVMDEAHFTDPASIAARGYISTKVELGEAAAIFMTATPPGTSDPFPESNS	KGSFSMLDYHPGAGKTRKHLPNILRQCVAKRLRTLVLAPTRVVLSEMKEAFGNIPARFHTQAFQAQFTGREIVDVMCHATLVHRLLEGTRTGNWEVIIMDEAHFLDPTSIAARGWAYHKSKLRDSAVIFMTATPPGTTNEFPESNA
WN1|ABA62343.1|Flavi_DEAD|1691-1836	Potiskum|ABI54483.1|Flavi_DEAD|1657-1802	58.219	146	61	0	1	146	1	146	9.78e-62	177	KKQITVLDLHPGAGKTRRILPQIIKEAINRRLRTAVLAPTRVVAAEMAEALRGLPIRYQTSAVPREHNGNEIVDVMCHATLTHRLMSPHRVPNYNLFVMDEAHFTDPASIAARGYISTKVELGEAAAIFMTATPPGTSDPFPESNS	KGTFTMLDYHPGAGKTRKHLPNILKECERRRLKTLVLAPTRVVLSEMKEALHGVQARYHTQAFSSVVTGRELIDVMCHATLVHRMLEGVRSGNWEVIIMDEAHFLDPTSIAARGWAHHKSKTRESAVIFMTATPPGSSNEFPESNA
WN1|ABA62343.1|Flavi_DEAD|1691-1836	Saboya|ABI54478.1|Flavi_DEAD|1657-1802	57.534	146	62	0	1	146	1	146	3.19e-61	176	KKQITVLDLHPGAGKTRRILPQIIKEAINRRLRTAVLAPTRVVAAEMAEALRGLPIRYQTSAVPREHNGNEIVDVMCHATLTHRLMSPHRVPNYNLFVMDEAHFTDPASIAARGYISTKVELGEAAAIFMTATPPGTSDPFPESNS	KGTFTMLDYHPGAGKTRKHLPNILRECERRRLKTLVLAPTRVVLSEMKEALHGVQARYHTQAFSSVVTGRELIDVMCHATLVHRMLEGVRSGNWEVIIMDEAHFLDPTSIAARGWAHHKSKTRESAVIFMTATPPGSSNEFPESNA
WN1|ABA62343.1|Flavi_DEAD|1691-1836	Banzi|ABI54472.1|Flavi_DEAD|1658-1803	56.849	146	63	0	1	146	1	146	5.70e-61	176	KKQITVLDLHPGAGKTRRILPQIIKEAINRRLRTAVLAPTRVVAAEMAEALRGLPIRYQTSAVPREHNGNEIVDVMCHATLTHRLMSPHRVPNYNLFVMDEAHFTDPASIAARGYISTKVELGEAAAIFMTATPPGTSDPFPESNS	KGEFTMLDYHPGAGKTRKHLPNILKECERKRLRTLVLAPTRVVLSEMKEALTSVQAKFHTQAFNSTTTGREIIDVMCHATFVHRMLEGLRSGNWEVIIMDEAHFLDPTSIAARGWAHHKSKTKESAVIFMTATPPGTSNEFPESNA
WN1|ABA62343.1|Flavi_DEAD|1691-1836	Tick_borne|AAA86870.1|Flavi_DEAD|1680-1825	56.164	146	64	0	1	146	1	146	1.94e-60	174	KKQITVLDLHPGAGKTRRILPQIIKEAINRRLRTAVLAPTRVVAAEMAEALRGLPIRYQTSAVPREHNGNEIVDVMCHATLTHRLMSPHRVPNYNLFVMDEAHFTDPASIAARGYISTKVELGEAAAIFMTATPPGTSDPFPESNS	KGQITVLDMHPGSGKTHRVLPELIRQCIDRRLRTLVLAPTRVVLKEMERALNGKRVRFHSPAVSDQQAGGAIVDVMCHATYVNRRLLPQGRQNWEVAIMDEAHWTDPHSIAARGHLYTLAKENKCALVLMTATPPGKSEPFPESNG
WN1|ABA62343.1|Flavi_DEAD|1691-1836	Omsk|AAP29989.1|Flavi_DEAD|1680-1825	54.795	146	66	0	1	146	1	146	1.45e-59	172	KKQITVLDLHPGAGKTRRILPQIIKEAINRRLRTAVLAPTRVVAAEMAEALRGLPIRYQTSAVPREHNGNEIVDVMCHATLTHRLMSPHRVPNYNLFVMDEAHFTDPASIAARGYISTKVELGEAAAIFMTATPPGTSDPFPESNS	KGTITVLDMHPGSGKTHRVLPELIRQCIDKRLRTLVLAPTRVVLKEMERALSGKRVRFHSPAVGDQQTGNAIVDVMCHATYVNRRLLPQGRQNWEVAIMDEAHWTDPHSIAARGHLYSMAKENKCALVLMTATPPGKSEPFPESNG
WN1|ABA62343.1|Flavi_DEAD|1691-1836	Langat|AAF75259.1|Flavi_DEAD|1680-1825	54.795	146	66	0	1	146	1	146	4.64e-59	171	KKQITVLDLHPGAGKTRRILPQIIKEAINRRLRTAVLAPTRVVAAEMAEALRGLPIRYQTSAVPREHNGNEIVDVMCHATLTHRLMSPHRVPNYNLFVMDEAHFTDPASIAARGYISTKVELGEAAAIFMTATPPGTSDPFPESNS	KGQITVLDMHPGSGKTHRVLPELIRQCVERRLRTLVLAPTRVVLREMERALSGKNVRFHSPAVTEQHANGAIVDVMCHATYVNRRLLPQGRQNWEVAIMDEAHWTDPHSIAARGHLYSLAKENRCAFVLMTATPPGKSEPFPESNG
WN1|ABA62343.1|Flavi_DEAD|1691-1836	Alkhurma|AFF18426.1|Flavi_DEAD|1682-1827	52.740	146	69	0	1	146	1	146	8.71e-58	167	KKQITVLDLHPGAGKTRRILPQIIKEAINRRLRTAVLAPTRVVAAEMAEALRGLPIRYQTSAVPREHNGNEIVDVMCHATLTHRLMSPHRVPNYNLFVMDEAHFTDPASIAARGYISTKVELGEAAAIFMTATPPGTSDPFPESNS	KGQITVLDMHPGSGKTHRVLPELVRQCANRGMRTLVLAPTRVVLKEMEKALAGKKVRFHSPAVEGQSTAGAVVDVMCHATYVHRRLLPQGRQNWEVAIMDEAHWTDPHSIAARGHLYSLAKENRCALVLMTATPPGRGDPFPESNG
WN1|ABA62343.1|Flavi_DEAD|1691-1836	Karshi|ABE73208.1|Flavi_DEAD|1680-1825	54.167	144	66	0	1	144	1	144	1.46e-57	167	KKQITVLDLHPGAGKTRRILPQIIKEAINRRLRTAVLAPTRVVAAEMAEALRGLPIRYQTSAVPREHNGNEIVDVMCHATLTHRLMSPHRVPNYNLFVMDEAHFTDPASIAARGYISTKVELGEAAAIFMTATPPGTSDPFPES	KGEITVVDMHPGAGKTHRVLPELIRQCIDKRLRTLILAPTRVVLREMEQALRGKKVRFHSSAVDVPPNRDAIVDVMCHATYVNRRLSPTGRQNWEVAIMDEGHWTDPHSIAARGHLYTLAKDKKCAFVLMSATPPGQNEPFPES
WN1|ABA62343.1|Flavi_DEAD|1691-1836	Kyasanur|AAQ91607.1|Flavi_DEAD|1682-1827	52.740	146	69	0	1	146	1	146	6.74e-57	165	KKQITVLDLHPGAGKTRRILPQIIKEAINRRLRTAVLAPTRVVAAEMAEALRGLPIRYQTSAVPREHNGNEIVDVMCHATLTHRLMSPHRVPNYNLFVMDEAHFTDPASIAARGYISTKVELGEAAAIFMTATPPGTSDPFPESNS	KGQITVLDMHPGSGKTHRVLPELVRQCADRGMRTLVLAPTRVVLKEMERALAGKKVRFHSPAVEGQTTAGAIVDVMCHATYVHRRLLPQGRQNWEVAIMDEAHWTDPHSIAARGHLYSLAKENRCALVLMTATPPGRGDPFPESNG
WN1|ABA62343.1|Flavi_DEAD|1691-1836	Royal_farm|ABB90673.1|Flavi_DEAD|1683-1827	54.483	145	63	2	1	144	1	143	7.24e-56	162	KKQITVLDLHPGAGKTRRILPQIIKEAINRRLRTAVLAPTRVVAAEMAEALRGLPIRYQTSAVPREHNGNE-IVDVMCHATLTHRLMSPHRVPNYNLFVMDEAHFTDPASIAARGYISTKVELGEAAAIFMTATPPGTSDPFPES	KGKITVLDLHPGAGKTHRVLPDLIRQCIDKRLRTLVLAPTRVVLREMEKALQGKKVRFHSPSV--DHGSSDAIVDVMCHATYVTRRLLPQGRQNWEVAIMDEAHWTDPHSIAARGHLYSLAKENKCALVLMTATPPGQNDPFPES
WN1|ABA62343.1|Flavi_DEAD|1691-1836	Powassan|AAA02739.1|Flavi_DEAD|1680-1826	52.055	146	69	1	1	145	1	146	1.76e-54	159	KKQITVLDLHPGAGKTRRILPQIIKEAINRRLRTAVLAPTRVVAAEMAEALRGLPIRYQTSAVPR-EHNGNEIVDVMCHATLTHRLMSPHRVPNYNLFVMDEAHFTDPASIAARGYISTKVELGEAAAIFMTATPPGTSDPFPESN	KGSITVLDMHPGSGKTHRVLPELIRECIDKRLRTVVLAPTRVVLKEMERALQGKRVKFHSAAVDNASSSSGAIVDVMCHATYVNRRLLPQGRQNWEVAIMDEAHWTDPHSIAARGHLYSLAKENRCALVLMTATPPGKSEAFPESK
WN1|ABA62343.1|Flavi_DEAD|1691-1836	Kadam|ABB90670.1|Flavi_DEAD|1669-1814	50.000	144	72	0	1	144	1	144	5.54e-52	153	KKQITVLDLHPGAGKTRRILPQIIKEAINRRLRTAVLAPTRVVAAEMAEALRGLPIRYQTSAVPREHNGNEIVDVMCHATLTHRLMSPHRVPNYNLFVMDEAHFTDPASIAARGYISTKVELGEAAAIFMTATPPGTSDPFPES	KGEITEVNMYPGSGKTHRVLPKLVETCIQRRMRALVLAPTRVVLKEMERALGGKKVRFHSPAVTNGDVNGAIVDVMCHATYVQRKLLPTWRTNWEVAIMDEGHWTDPNSIAARGHLSSLAKENRCAFVLMTATPPGTTDPFPES
