WN1|ABA62343.1|flavi_E_stem|695-791	Kunjin|BAA00176.1|flavi_E_stem|695-791	98.969	97	1	0	1	97	1	97	1.24e-65	183	GKAFTTTLKGAQRLAALGDTAWDFGSVGGVFTSVGKAVHQVFGGAFRSLFGGMSWITQGLLGALLLWMGINARDRSIALTFLAVGGVLLFLSVNVHA	GKAFTATLKGAQRLAALGDTAWDFGSVGGVFTSVGKAVHQVFGGAFRSLFGGMSWITQGLLGALLLWMGINARDRSIALTFLAVGGVLLFLSVNVHA
WN1|ABA62343.1|flavi_E_stem|695-791	WNV2|AAA48498.2|flavi_E_stem|691-787	96.907	97	3	0	1	97	1	97	1.37e-65	183	GKAFTTTLKGAQRLAALGDTAWDFGSVGGVFTSVGKAVHQVFGGAFRSLFGGMSWITQGLLGALLLWMGINARDRSIALTFLAVGGVLLFLSVNVHA	GKAFTTTLRGAQRLAALGDTAWDFGSVGGVFTSVGKAIHQVFGGAFRSLFGGMSWITQGLLGALLLWMGINARDRSIAMTFLAVGGVLLFLSVNVHA
WN1|ABA62343.1|flavi_E_stem|695-791	Usutu|AAS59402.1|flavi_E_stem|697-793	100.000	97	0	0	1	97	98	194	5.67e-65	185	GKAFTTTLKGAQRLAALGDTAWDFGSVGGVFTSVGKAVHQVFGGAFRSLFGGMSWITQGLLGALLLWMGINARDRSIALTFLAVGGVLLFLSVNVHA	GKAFTTTLKGAQRLAALGDTAWDFGSVGGVFTSVGKAVHQVFGGAFRSLFGGMSWITQGLLGALLLWMGINARDRSIALTFLAVGGVLLFLSVNVHA
WN1|ABA62343.1|flavi_E_stem|695-791	Usutu|AAS59402.1|flavi_E_stem|697-793	87.629	97	12	0	1	97	1	97	8.96e-59	169	GKAFTTTLKGAQRLAALGDTAWDFGSVGGVFTSVGKAVHQVFGGAFRSLFGGMSWITQGLLGALLLWMGINARDRSIALTFLAVGGVLLFLSVNVHA	GKAFITTIKGAQRLAALGDTAWDFGSVGGIFNSVGKAVHQVFGGAFRTLFGGMSWITQGLMGALLLWMGVNARDRSIALVMLATGGVLLFLATNVHA
WN1|ABA62343.1|flavi_E_stem|695-791	Yaounde|ABW76843.2|flavi_E_stem|695-791	91.753	97	8	0	1	97	1	97	8.40e-63	176	GKAFTTTLKGAQRLAALGDTAWDFGSVGGVFTSVGKAVHQVFGGAFRSLFGGMSWITQGLLGALLLWMGINARDRSIALTFLAVGGVLLFLSVNVHA	GKAFTATVKGAQRLAALGDTAWDFGSIGGVFTSLGKAVHQVFGGAFRSLFGGMSWITQGLLGALLLWMGINARDKSIALTFLAVGGVLIFLATNVHA
WN1|ABA62343.1|flavi_E_stem|695-791	Alfuy|AAX82481.1|flavi_E_stem|698-794	88.660	97	11	0	1	97	1	97	1.43e-61	173	GKAFTTTLKGAQRLAALGDTAWDFGSVGGVFTSVGKAVHQVFGGAFRSLFGGMSWITQGLLGALLLWMGINARDRSIALTFLAVGGVLLFLSVNVHA	GKAFTTTLKGAQRLAALGDTAWDFGSIGGVFNSLGKAMHQVFGGAFRTLFGGMSWITQGLMGALLLWMGVNSRDRSIALAFLATGGVLLFLAVNVHA
WN1|ABA62343.1|flavi_E_stem|695-791	Japanese_Encephalitis|AAA81554.1|flavi_E_stem|698-794	87.629	97	12	0	1	97	1	97	3.11e-61	172	GKAFTTTLKGAQRLAALGDTAWDFGSVGGVFTSVGKAVHQVFGGAFRSLFGGMSWITQGLLGALLLWMGINARDRSIALTFLAVGGVLLFLSVNVHA	GKAFSTTLKGAQRLAALGDTAWDFGSIGGVFNSIGKAVHQVFGGAFRTLFGGMSWITQGLMGALLLWMGVNARDRSIALAFLATGGVLVFLATNVHA
WN1|ABA62343.1|flavi_E_stem|695-791	Murray|AAF05296.1|flavi_E_stem|697-793	87.629	97	12	0	1	97	1	97	2.73e-60	170	GKAFTTTLKGAQRLAALGDTAWDFGSVGGVFTSVGKAVHQVFGGAFRSLFGGMSWITQGLLGALLLWMGINARDRSIALTFLAVGGVLLFLSVNVHA	GKAFSTTLKGAQRLAALGDTAWDFGSVGGVFNSIGKAVHQVFGGAFRTLFGGMSWISPGLLGALLLWMGVNARDKSIALAFLATGGVLLFLATNVHA
WN1|ABA62343.1|flavi_E_stem|695-791	Tembusu|AEJ87340.1|flavi_E_stem|692-788	81.443	97	18	0	1	97	1	97	4.75e-58	164	GKAFTTTLKGAQRLAALGDTAWDFGSVGGVFTSVGKAVHQVFGGAFRSLFGGMSWITQGLLGALLLWMGINARDRSIALTFLAVGGVLLFLSVNVHA	GKAFTSTLKGAQRMVALGDTAWDFGSVGGVLTSIGKGIHQVFGSAFKSLFGGMSWTTQGMLGALLLWMGLNARDRSISMTFLAVGGILVFLAVNVNA
WN1|ABA62343.1|flavi_E_stem|695-791	Ntaya|AFS89612.2|flavi_E_stem|694-790	82.474	97	17	0	1	97	1	97	1.77e-57	162	GKAFTTTLKGAQRLAALGDTAWDFGSVGGVFTSVGKAVHQVFGGAFRSLFGGMSWITQGLLGALLLWMGINARDRSIALTFLAVGGVLLFLSVNVHA	GKAFVSTLKGAQRMVALGDTAWDFGSVGGFFTSLGKGIHQVFGTAFRSLFGGMSWITQGLLGILMLWMGLNARDRSISITFLAVGGVLVFLATNVHA
WN1|ABA62343.1|flavi_E_stem|695-791	Bagaza|AAV34161.1|flavi_E_stem|694-790	81.443	97	18	0	1	97	1	97	3.87e-57	162	GKAFTTTLKGAQRLAALGDTAWDFGSVGGVFTSVGKAVHQVFGGAFRSLFGGMSWITQGLLGALLLWMGINARDRSIALTFLAVGGVLLFLSVNVHA	GKAFMSTVRGAQRMVALGDTAWDFGSVGGFFTSLGKGIHQVFGTAFRSLFGGMSWITQGLLGALLLWMGLNARDRSISLTFLAVGAILIFLATNVHA
WN1|ABA62343.1|flavi_E_stem|695-791	Saint_Louis|ABG37975.1|flavi_E_stem|693-789	81.443	97	18	0	1	97	1	97	6.85e-56	159	GKAFTTTLKGAQRLAALGDTAWDFGSVGGVFTSVGKAVHQVFGGAFRSLFGGMSWITQGLLGALLLWMGINARDRSIALTFLAVGGVLLFLSVNVHA	GKALATTWKGAQRLAVLGDTAWDFGSIGGVFNSIGKAVHQVFGGAFRTLFGGMSWITQGLLGALLLWMGLQARDRSISLTLLAVGGILIFLATSVQA
WN1|ABA62343.1|flavi_E_stem|695-791	Ilheus|AAV34155.1|flavi_E_stem|690-786	72.165	97	27	0	1	97	1	97	6.99e-51	146	GKAFTTTLKGAQRLAALGDTAWDFGSVGGVFTSVGKAVHQVFGGAFRSLFGGMSWITQGLLGALLLWMGINARDRSIALTFLAVGGVLLFLSVNVHA	GNALKTTWKGAQRFAVLGDTAWDFGSVGGIFNSIGKTIHGVFGTAFRSLFGGMSWVTQALMGALLLWLGISARERTVSLIMLSVGGILLFLAVNVHA
WN1|ABA62343.1|flavi_E_stem|695-791	Kokobera|AAV34157.1|flavi_E_stem|691-787	71.134	97	28	0	1	97	1	97	4.04e-50	144	GKAFTTTLKGAQRLAALGDTAWDFGSVGGVFTSVGKAVHQVFGGAFRSLFGGMSWITQGLLGALLLWMGINARDRSIALTFLAVGGVLLFLSVNVHA	GAAFATTIKGARRLAVIGDDAWDFGSVGGILNSVGKALHQIFGGMFRTLFGGMSWFTQIMIGALCCWLGINARDRTIAVTFLAVGGVLVFLATSVNA
WN1|ABA62343.1|flavi_E_stem|695-791	Naranjal|AIU94742.1|flavi_E_stem|698-794	70.103	97	29	0	1	97	1	97	1.54e-48	140	GKAFTTTLKGAQRLAALGDTAWDFGSVGGVFTSVGKAVHQVFGGAFRSLFGGMSWITQGLLGALLLWMGINARDRSIALTFLAVGGVLLFLSVNVHA	GGAFSTTMKGAKRLAILGDAAWDFGSIGGVFNSMGKAVHQLFGGVFRTLFGGMSWLSRIFIGVLCVWIGINARDHTIAVSMLAVGGVLLFLSVSVNA
WN1|ABA62343.1|flavi_E_stem|695-791	Zika_Africa|AAV34151.1|flavi_E_stem|694-790	64.948	97	34	0	1	97	1	97	1.31e-45	132	GKAFTTTLKGAQRLAALGDTAWDFGSVGGVFTSVGKAVHQVFGGAFRSLFGGMSWITQGLLGALLLWMGINARDRSIALTFLAVGGVLLFLSVNVHA	GKAFEATVRGAKRMAVLGDTAWDFGSVGGVFNSLGKGIHQIFGAAFKSLFGGMSWFSQILIGTLLVWLGLNTKNGSISLTCLALGGVMIFLSTAVSA
WN1|ABA62343.1|flavi_E_stem|695-791	Spondweni|ABI54480.1|flavi_E_stem|698-794	63.158	95	35	0	1	95	1	95	6.35e-44	128	GKAFTTTLKGAQRLAALGDTAWDFGSVGGVFTSVGKAVHQVFGGAFRSLFGGMSWITQGLLGALLLWMGINARDRSIALTFLAVGGVLLFLSVNV	GRAFEATMRGAKRMAVLGDTAWDFGSVGGMFNSVGKFVHQVFGSAFKALFGGMSWFTQLLIGFLLIWMGLNARGGTVAMSFMGIGAMLIFLATSV
WN1|ABA62343.1|flavi_E_stem|695-791	Iguape|AAV34154.1|flavi_E_stem|684-780	67.010	97	32	0	1	97	1	97	7.17e-44	128	GKAFTTTLKGAQRLAALGDTAWDFGSVGGVFTSVGKAVHQVFGGAFRSLFGGMSWITQGLLGALLLWMGINARDRSIALTFLAVGGVLLFLSVNVHA	GGAFKTTWKGVKRLTVLGDSAWDFRSVGGVITSMGKAIHQVFGGIFSAIFGGVSWFTNIFIGALCVWLGISARDRSIALTFLSVGAILLFLSLGVGA
WN1|ABA62343.1|flavi_E_stem|695-791	Zika_Brasil|AMB18850.1|flavi_E_stem|698-794	62.887	97	36	0	1	97	1	97	9.02e-44	128	GKAFTTTLKGAQRLAALGDTAWDFGSVGGVFTSVGKAVHQVFGGAFRSLFGGMSWITQGLLGALLLWMGINARDRSIALTFLAVGGVLLFLSVNVHA	GKAFEATVRGAKRMAVLGDTAWDFGSVGGALNSLGKGIHQIFGAAFKSLFGGMSWFSQILIGTLLMWLGLNTKNGSISLMCLALGGVLIFLSTAVSA
WN1|ABA62343.1|flavi_E_stem|695-791	Kedougou|AAV34156.1|flavi_E_stem|687-783	61.458	96	37	0	1	96	1	96	2.95e-43	127	GKAFTTTLKGAQRLAALGDTAWDFGSVGGVFTSVGKAVHQVFGGAFRSLFGGMSWITQGLLGALLLWMGINARDRSIALTFLAVGGVLLFLSVNVH	GRAFESIMKGARRMAILGDTAWDFGSVGGVFQSIGKAVHQVLGGAFRTLFGGMNWFTKILIGGLLCWLGVNSRSTSLAAGFITLGAILIFLATSVN
WN1|ABA62343.1|flavi_E_stem|695-791	Dengue_4|AAG45435.1|flavi_E_stem|678-774	58.763	97	40	0	1	97	1	97	3.67e-41	121	GKAFTTTLKGAQRLAALGDTAWDFGSVGGVFTSVGKAVHQVFGGAFRSLFGGMSWITQGLLGALLLWMGINARDRSIALTFLAVGGVLLFLSVNVHA	GKMFESTYRGAKRMAILGETAWDFGSVGGLFTSLGKAVHQVFGSVYTTMFGGVSWMIRILIGFLVLWIGTNSRNTSMAMTCIAVGGITLFLGFTVQA
WN1|ABA62343.1|flavi_E_stem|695-791	Yellow_fever|CAA27332.1|flavi_E_stem|682-778	55.670	97	43	0	1	97	1	97	5.80e-40	118	GKAFTTTLKGAQRLAALGDTAWDFGSVGGVFTSVGKAVHQVFGGAFRSLFGGMSWITQGLLGALLLWMGINARDRSIALTFLAVGGVLLFLSVNVHA	GKLFTQTMKGVERLAVMGDTAWDFSSAGGFFTSVGKGIHTVFGSAFQGLFGGLNWITKVIMGAVLIWVGINTRNMTMSMSMILVGVIMMFLSLGVGA
WN1|ABA62343.1|flavi_E_stem|695-791	Dengue_1|AAB70695.1|flavi_E_stem|679-775	56.701	97	42	0	1	97	1	97	4.07e-37	111	GKAFTTTLKGAQRLAALGDTAWDFGSVGGVFTSVGKAVHQVFGGAFRSLFGGMSWITQGLLGALLLWMGINARDRSIALTFLAVGGVLLFLSVNVHA	GKMFEATARGARRMAILGDTAWDFGSIGGVFTSVGKLIHQIFGTAYGVLFSGVSWTMKIGIGILLTWLGLNSRSTSLSMTCIAVGMVTLYLGVMVQA
WN1|ABA62343.1|flavi_E_stem|695-791	Dengue_2|AAB58782.1|flavi_E_stem|679-775	53.608	97	45	0	1	97	1	97	6.17e-37	110	GKAFTTTLKGAQRLAALGDTAWDFGSVGGVFTSVGKAVHQVFGGAFRSLFGGMSWITQGLLGALLLWMGINARDRSIALTFLAVGGVLLFLSVNVHA	GQMFETTMRGAKRMAILGDTAWDFGSLGGVFTSIGKALHQVFGAIYGAAFSGVSWTMKILIGVIITWIGMNSRSTSLSVTLVLVGIVTLYLGVMVQA
WN1|ABA62343.1|flavi_E_stem|695-791	Sepik|ABI23562.1|flavi_E_stem|674-770	51.546	97	47	0	1	97	1	97	3.76e-36	108	GKAFTTTLKGAQRLAALGDTAWDFGSVGGVFTSVGKAVHQVFGGAFRSLFGGMSWITQGLLGALLLWMGINARDRSIALTFLAVGGVLLFLSVNVHA	GNLFTETMKGAQRMIITGEHSWDFGSTGGFFASVGKAIHTVFGTAFHAMFGGLSWMTKILIGGLMVWLGLNSRSSSLSMAFICLGALLLVLATGVGA
WN1|ABA62343.1|flavi_E_stem|695-791	Powassan|AAA02739.1|flavi_E_stem|679-775	52.577	97	46	0	1	97	1	97	1.48e-35	107	GKAFTTTLKGAQRLAALGDTAWDFGSVGGVFTSVGKAVHQVFGGAFRSLFGGMSWITQGLLGALLLWMGINARDRSIALTFLAVGGVLLFLSVNVHA	GRMFEKTRRGLERLSVVGEHAWDFGSVGGVLSSVGKAIHTVLGGAFNTLFGGVGFIPKMLLGVALVWLGLNARNPTMSMTFLAVGALTLMMTMGVGA
WN1|ABA62343.1|flavi_E_stem|695-791	Dengue_3|AAM51537.1|flavi_E_stem|677-773	50.515	97	48	0	1	97	1	97	9.93e-35	105	GKAFTTTLKGAQRLAALGDTAWDFGSVGGVFTSVGKAVHQVFGGAFRSLFGGMSWITQGLLGALLLWMGINARDRSIALTFLAVGGVLLFLSVNVHA	GKMFEATERGARRMAILGDTAWDFGSVGGVLNSLGKMVHQIFGSAYTALFSGVSWVMKIGIGVLLTWIGLNSKNTSMSFSCIAIGIITLYLGAVVQA
WN1|ABA62343.1|flavi_E_stem|695-791	Saboya|ABI54478.1|flavi_E_stem|666-762	51.546	97	47	0	1	97	1	97	4.65e-34	103	GKAFTTTLKGAQRLAALGDTAWDFGSVGGVFTSVGKAVHQVFGGAFRSLFGGMSWITQGLLGALLLWMGINARDRSIALTFLAVGGVLLFLSVNVHA	GQLFTETMKGAQRMAVVGSSSWDFSSAGGFFGSIGKAMHTVFGTAFHGIFGGLSWITRILIGVLLVWLGLNSHNGTATTCFMLSGFIVLFLSLGVGA
WN1|ABA62343.1|flavi_E_stem|695-791	Bouboui|ABI54473.1|flavi_E_stem|667-763	52.577	97	46	0	1	97	1	97	8.21e-34	103	GKAFTTTLKGAQRLAALGDTAWDFGSVGGVFTSVGKAVHQVFGGAFRSLFGGMSWITQGLLGALLLWMGINARDRSIALTFLAVGGVLLFLSVNVHA	GTLFSETVKGAQRMAIVGRSSWDFSSAGGFFSSVGKAFHTVFGSAFHGIFGGLSWITRILIGVLLIWLGVNSRNGMATTVMMLLGIVILFLSLGVGA
WN1|ABA62343.1|flavi_E_stem|695-791	Potiskum|ABI54483.1|flavi_E_stem|666-762	50.515	97	48	0	1	97	1	97	1.48e-33	102	GKAFTTTLKGAQRLAALGDTAWDFGSVGGVFTSVGKAVHQVFGGAFRSLFGGMSWITQGLLGALLLWMGINARDRSIALTFLAVGGVLLFLSVNVHA	GQLFSETMKGAQRMAVVGSSSWDFSSAGGFFGSIGKAMHTVFGTAFHGIFGGLSWITRILIGVLLVWLGLNSHNGTATTCFMLSGFIVLFLSLGVGA
WN1|ABA62343.1|flavi_E_stem|695-791	Jugra|ABI54482.1|flavi_E_stem|666-762	50.515	97	48	0	1	97	1	97	1.68e-32	99.8	GKAFTTTLKGAQRLAALGDTAWDFGSVGGVFTSVGKAVHQVFGGAFRSLFGGMSWITQGLLGALLLWMGINARDRSIALTFLAVGGVLLFLSVNVHA	GKLFSETMKGAQRMAIVGSSSWDFSSAGGFFGSVGKALHTVFGTAFHGIFGGLSWMTRILIGILLVWLALNSHNGTATMVLMISGFVVLFLSLGVGA
WN1|ABA62343.1|flavi_E_stem|695-791	Tick_borne|AAA86870.1|flavi_E_stem|680-776	47.423	97	51	0	1	97	1	97	2.04e-31	97.1	GKAFTTTLKGAQRLAALGDTAWDFGSVGGVFTSVGKAVHQVFGGAFRSLFGGMSWITQGLLGALLLWMGINARDRSIALTFLAVGGVLLFLSVNVHA	GRVFQKTKKGIERLTVIGEHAWDFGSAGGFLSSIGKAVHTVLGGAFNSIFGGVGFLPKLLLGVALAWLGLNMRNPTMSMSFLLAGGLVLAMTLGVGA
WN1|ABA62343.1|flavi_E_stem|695-791	Kadam|ABB90670.1|flavi_E_stem|667-763	45.361	97	53	0	1	97	1	97	3.23e-31	96.7	GKAFTTTLKGAQRLAALGDTAWDFGSVGGVFTSVGKAVHQVFGGAFRSLFGGMSWITQGLLGALLLWMGINARDRSIALTFLAVGGVLLFLSVNVHA	GRTVELTRKGIQRMIIAGESAWDFGSVGGFLNSIGRGIHTILGGAFHAIFGGIGFVPKILMGCLLVWVGLNMRNMTLSLVCLAVGGIVLSLALGVGA
WN1|ABA62343.1|flavi_E_stem|695-791	Omsk|AAP29989.1|flavi_E_stem|680-776	47.423	97	51	0	1	97	1	97	7.75e-31	95.5	GKAFTTTLKGAQRLAALGDTAWDFGSVGGVFTSVGKAVHQVFGGAFRSLFGGMSWITQGLLGALLLWMGINARDRSIALTFLAVGGVLLFLSVNVHA	GRVFQKTRKGIERLTVLGEHAWDFGSTGGFLSSIGKALHTVLGGAFNSVFGGVGFLPRILLGISLAWLGLNMRNPTMSMSFLLAGGLVLTMTLGVGA
WN1|ABA62343.1|flavi_E_stem|695-791	Langat|AAF75259.1|flavi_E_stem|680-776	46.392	97	52	0	1	97	1	97	2.85e-30	94.0	GKAFTTTLKGAQRLAALGDTAWDFGSVGGVFTSVGKAVHQVFGGAFRSLFGGMSWITQGLLGALLLWMGINARDRSIALTFLAVGGVLLFLSVNVHA	GRVLQKTRKGIERLTVLGEHAWDFGSVGGVMTSIGRAMHTVLGGAFNTLLGGVGFLPKILLGVAMAWLGLNMRNPTLSMGFLLSGGLVLAMTLGVGA
WN1|ABA62343.1|flavi_E_stem|695-791	Alkhurma|AFF18426.1|flavi_E_stem|681-777	45.361	97	53	0	1	97	1	97	7.38e-30	93.2	GKAFTTTLKGAQRLAALGDTAWDFGSVGGVFTSVGKAVHQVFGGAFRSLFGGMSWITQGLLGALLLWMGINARDRSIALTFLAVGGVLLFLSVNVHA	GRVLEKTRRGIERLTVVGEHAWDFGSVGGVLSSVGKALHTAFGAAFNTIFGGVGFLPRILLGVALAWLGLNSRNPTLSVGFLITGGLVLTMTLGVGA
WN1|ABA62343.1|flavi_E_stem|695-791	Kyasanur|AAQ91607.1|flavi_E_stem|681-777	44.330	97	54	0	1	97	1	97	2.30e-29	92.0	GKAFTTTLKGAQRLAALGDTAWDFGSVGGVFTSVGKAVHQVFGGAFRSLFGGMSWITQGLLGALLLWMGINARDRSIALTFLAVGGVLLFLSVNVHA	GRVLEKTRRGIERLTVVGEHAWDFGSVGGMLSSVGKALHTAFGAAFNTIFGGVGFLPRILLGVALAWLGLNSRNPTLSVGFLITGGLVLTMTLGVGA
WN1|ABA62343.1|flavi_E_stem|695-791	Royal_farm|ABB90673.1|flavi_E_stem|681-777	51.546	97	47	0	1	97	1	97	8.96e-28	87.8	GKAFTTTLKGAQRLAALGDTAWDFGSVGGVFTSVGKAVHQVFGGAFRSLFGGMSWITQGLLGALLLWMGINARDRSIALTFLAVGGVLLFLSVNVHA	GRVFQKTRRGVERLVAVGEHAWDFGSVGGVFSSVAKACHMVLGNLFGAVFGGFGFLPRILIGAGLVWLGLNARNVTLSVGFLAVGGILLALTLGVGA
WN1|ABA62343.1|flavi_E_stem|695-791	Karshi|ABE73208.1|flavi_E_stem|680-776	52.577	97	46	0	1	97	1	97	2.15e-27	87.0	GKAFTTTLKGAQRLAALGDTAWDFGSVGGVFTSVGKAVHQVFGGAFRSLFGGMSWITQGLLGALLLWMGINARDRSIALTFLAVGGVLLFLSVNVHA	GRVFEKTRKGIQRLAAVGEHVWDFGSVGGFFGSIGKAAHMVLGGLFGVLFGGIGFIPKMLMGAALIWLGINMKNTTLSLSFLAIGGLILMMTLGVGA
WN1|ABA62343.1|flavi_E_stem|695-791	Banzi|ABI54472.1|flavi_E_stem|667-763	49.485	97	49	0	1	97	1	97	1.06e-23	77.4	GKAFTTTLKGAQRLAALGDTAWDFGSVGGVFTSVGKAVHQVFGGAFRSLFGGMSWITQGLLGALLLWMGINARDRSIALTFLAVGGVLLFLSVNVHA	GSLFSETVKGAQRMAIVGSSSWDFSSTSGFFSSVGKAIHTVFGTAFHGIFGGLSWMTRILIGVLLVWLGLNSRNGTATTLMMLTGFIILFLSLGVGA
