WN1|ABA62343.1|Flavi_NS1|793-1143	Usutu|AAS59402.1|Flavi_NS1|795-1145	100.000	351	0	0	1	351	352	702	0.0	730	TGCAIDISRQELRCGSGVFIHNDVEAWMDRYKYYPETPQGLAKIIQKAHKEGVCGLRSVSRLEHQMWEAVKDELNTLLKENGVDLSVVVEKQEGMYKSAPKRLTATTEKLEIGWKAWGKSILFAPELANNTFVVDGPETKECPTQNRAWNSLEVEDFGFGLTSTRMFLKVRESNTTECDSKIIGTAVKNNLAIHSDLSYWIESRLNDTWKLERAVLGEVKSCTWPETHTLWGDGILESDLIIPVTLAGPRSNHNRRPGYKTQNQGPWDEGRVEIDFDYCPGTTVTLSESCGHRGPATRTTTESGKLITDWCCRSCTLPPLRYQTDSGCWYGMEIRPQRHDEKTLVQSQVNA	TGCAIDISRQELRCGSGVFIHNDVEAWMDRYKYYPETPQGLAKIIQKAHKEGVCGLRSVSRLEHQMWEAVKDELNTLLKENGVDLSVVVEKQEGMYKSAPKRLTATTEKLEIGWKAWGKSILFAPELANNTFVVDGPETKECPTQNRAWNSLEVEDFGFGLTSTRMFLKVRESNTTECDSKIIGTAVKNNLAIHSDLSYWIESRLNDTWKLERAVLGEVKSCTWPETHTLWGDGILESDLIIPVTLAGPRSNHNRRPGYKTQNQGPWDEGRVEIDFDYCPGTTVTLSESCGHRGPATRTTTESGKLITDWCCRSCTLPPLRYQTDSGCWYGMEIRPQRHDEKTLVQSQVNA
WN1|ABA62343.1|Flavi_NS1|793-1143	Usutu|AAS59402.1|Flavi_NS1|795-1145	75.214	351	87	0	1	351	1	351	0.0	591	TGCAIDISRQELRCGSGVFIHNDVEAWMDRYKYYPETPQGLAKIIQKAHKEGVCGLRSVSRLEHQMWEAVKDELNTLLKENGVDLSVVVEKQEGMYKSAPKRLTATTEKLEIGWKAWGKSILFAPELANNTFVVDGPETKECPTQNRAWNSLEVEDFGFGLTSTRMFLKVRESNTTECDSKIIGTAVKNNLAIHSDLSYWIESRLNDTWKLERAVLGEVKSCTWPETHTLWGDGILESDLIIPVTLAGPRSNHNRRPGYKTQNQGPWDEGRVEIDFDYCPGTTVTLSESCGHRGPATRTTTESGKLITDWCCRSCTLPPLRYQTDSGCWYGMEIRPQRHDEKTLVQSQVNA	SGCAIDVGRRELRCGQGIFIHNDVEAWVDRYKFMPETPKQLAKVIEQAHAKGICGLRSVSRLEHVMWENIRDELNTLLRENAVDLSVVVEKPKGMYKSAPQRLALTSEEFEIGWKAWGKSLVFAPELANHTFVVDGPETKECPDAKRAWNSLEIEDFGFGIMSTRVWLKVREHNTTDCDSSIIGTAVKGDIAVHSDLSYWIESHKNTTWRLERAVFGEIKSCTWPETHTLWSDGVVESDLVVPVTLAGPKSNHNRREGYKVQSQGPWDEEDIVLDFDYCPGTTVTITEACGKRGPSIRTTTSSGRLVTDWCCRSCTLPPLRYRTKNGCWYGMEIRPMKHDETTLVKSSVSA
WN1|ABA62343.1|Flavi_NS1|793-1143	Kunjin|BAA00176.1|Flavi_NS1|793-1143	96.866	351	11	0	1	351	1	351	0.0	718	TGCAIDISRQELRCGSGVFIHNDVEAWMDRYKYYPETPQGLAKIIQKAHKEGVCGLRSVSRLEHQMWEAVKDELNTLLKENGVDLSVVVEKQEGMYKSAPKRLTATTEKLEIGWKAWGKSILFAPELANNTFVVDGPETKECPTQNRAWNSLEVEDFGFGLTSTRMFLKVRESNTTECDSKIIGTAVKNNLAIHSDLSYWIESRLNDTWKLERAVLGEVKSCTWPETHTLWGDGILESDLIIPVTLAGPRSNHNRRPGYKTQNQGPWDEGRVEIDFDYCPGTTVTLSESCGHRGPATRTTTESGKLITDWCCRSCTLPPLRYQTDSGCWYGMEIRPQRHDEKTLVQSQVNA	TGCAIDISRQELRCGSGVFIHNDVEAWIDRYKYYPETPQGLAKIIQKAHKEGVCGLRSVSRLEHQMWEAVKDELNTLLKENGVDLSIVVEKQEGMYKSAPRRLTATTEKLEIGWKAWGKSILFAPELANNTFVIDGPETKECPTQNRAWNNLEVEDFGFGLTSTRMFLRVRESNTTECDSKIIGTAVKNNLAIHSDLSYWIESRFNDTWKLERAVLGEVKSCTWPETHTLWGDGVLESDLIIPITLAGPRSNHNRRPGYKTQSQGPWDEGRVEIDFDYCPGTTVTLSESCGHRGPATRTTTESGKLITDWCCRSCTLPPLRYQTDNGCWYGMEIRPQRHDEKTLVQSQVNA
WN1|ABA62343.1|Flavi_NS1|793-1143	WNV2|AAA48498.2|Flavi_NS1|789-1139	91.453	351	30	0	1	351	1	351	0.0	691	TGCAIDISRQELRCGSGVFIHNDVEAWMDRYKYYPETPQGLAKIIQKAHKEGVCGLRSVSRLEHQMWEAVKDELNTLLKENGVDLSVVVEKQEGMYKSAPKRLTATTEKLEIGWKAWGKSILFAPELANNTFVVDGPETKECPTQNRAWNSLEVEDFGFGLTSTRMFLKVRESNTTECDSKIIGTAVKNNLAIHSDLSYWIESRLNDTWKLERAVLGEVKSCTWPETHTLWGDGILESDLIIPVTLAGPRSNHNRRPGYKTQNQGPWDEGRVEIDFDYCPGTTVTLSESCGHRGPATRTTTESGKLITDWCCRSCTLPPLRYQTDSGCWYGMEIRPQRHDEKTLVQSQVNA	TGCAIDIGRQELRCGSGVFIHNDVEAWMDRYKFYPETPQGLAKIIQKAHAEGVCGLRSVSRLEHQMWEAIKDELNTLLKENGVDLSVVVEKQNGMYKAAPKRLAATTEKLEMGWKAWGKSIIFAPELANNTFVIDGPETEECPTANRAWNSMEVEDFGFGLTSTRMFLRIRETNTTECDSKIIGTAVKNNMAVHSDLSYWIESGLNDTWKLERAVLGEVKSCTWPETHTLWGDGVLESDLIIPITLAGPRSNHNRRPGYKTQNQGPWDEGRVEIDFDYCPGTTVTISDSCEHRGPAARTTTESGKLITDWCCRSCTLPPLRFQTENGCWYGMEIRPTRHDEKTLVQSRVNA
WN1|ABA62343.1|Flavi_NS1|793-1143	Yaounde|ABW76843.2|Flavi_NS1|793-1143	81.481	351	65	0	1	351	1	351	0.0	623	TGCAIDISRQELRCGSGVFIHNDVEAWMDRYKYYPETPQGLAKIIQKAHKEGVCGLRSVSRLEHQMWEAVKDELNTLLKENGVDLSVVVEKQEGMYKSAPKRLTATTEKLEIGWKAWGKSILFAPELANNTFVVDGPETKECPTQNRAWNSLEVEDFGFGLTSTRMFLKVRESNTTECDSKIIGTAVKNNLAIHSDLSYWIESRLNDTWKLERAVLGEVKSCTWPETHTLWGDGILESDLIIPVTLAGPRSNHNRRPGYKTQNQGPWDEGRVEIDFDYCPGTTVTLSESCGHRGPATRTTTESGKLITDWCCRSCTLPPLRYQTDSGCWYGMEIRPQRHDEKTLVQSQVNA	TGCAIDISRQELRCGSGIFIHNDVEAWMDKYKYQPETPQGLAKIIQKAHQDGVCGIRSVTRLEHEMWGSIRDELNTLFNENGVDLSLVVENQKGMYRSAPRRLKMTTEKLEIGWKAWGKSIIFAAPMANATFVVDGPETKECPNEHRAWNSLMIEDFGFGLTSTRMWLKVRESNTTECDSAIIGTAIKGERAVHSDLSYWIESGLNETWKLERAVLGEVKSCTWPESHTLWSDGVIESELIIPVTLAGPRSHHNKRPGYKVQNQGPWDEGKVVIDFDYCQGTTVTVTDNCGHRGASTRTTTDSGKLITDWCCRSCTLPPLRFTTESGCWYGMEIRPKNHDEKTLVQSKVMA
WN1|ABA62343.1|Flavi_NS1|793-1143	Japanese_Encephalitis|AAA81554.1|Flavi_NS1|796-1149	77.778	351	78	0	1	351	1	351	0.0	601	TGCAIDISRQELRCGSGVFIHNDVEAWMDRYKYYPETPQGLAKIIQKAHKEGVCGLRSVSRLEHQMWEAVKDELNTLLKENGVDLSVVVEKQEGMYKSAPKRLTATTEKLEIGWKAWGKSILFAPELANNTFVVDGPETKECPTQNRAWNSLEVEDFGFGLTSTRMFLKVRESNTTECDSKIIGTAVKNNLAIHSDLSYWIESRLNDTWKLERAVLGEVKSCTWPETHTLWGDGILESDLIIPVTLAGPRSNHNRRPGYKTQNQGPWDEGRVEIDFDYCPGTTVTLSESCGHRGPATRTTTESGKLITDWCCRSCTLPPLRYQTDSGCWYGMEIRPQRHDEKTLVQSQVNA	TGCAIDITRKEMRCGSGIFVHNDVEAWVDRYKYLPETPRSLAKIVHKAHKEGVCGVRSVTRLEHQMWEAVRDELNVLLKENAVDLSVVVNKPVGRYRSAPKRLSMTQEKFEMGWKAWGKSILFAPELANSTFVVDGPETKECPDEHRAWNSMQIEDFGFGITSTRVWLKIREESTDECDGAIIGTAVKGHVAVHSDLSYWIESRYNDTWKLERAVFGEVKSCTWPETHTLWGDGVEESELIIPHTIAGPKSKHNRREGYKTQNQGPWDENGIVLDFDYCPGTKVTITEDCGKRGPSVRTTTDSGKLITDWCCRSCSLPPLRFRTENGCWYGMEIRPVRHDETTLVRSQVDA
WN1|ABA62343.1|Flavi_NS1|793-1143	Murray|AAF05296.1|Flavi_NS1|795-1148	76.068	351	84	0	1	351	1	351	0.0	589	TGCAIDISRQELRCGSGVFIHNDVEAWMDRYKYYPETPQGLAKIIQKAHKEGVCGLRSVSRLEHQMWEAVKDELNTLLKENGVDLSVVVEKQEGMYKSAPKRLTATTEKLEIGWKAWGKSILFAPELANNTFVVDGPETKECPTQNRAWNSLEVEDFGFGLTSTRMFLKVRESNTTECDSKIIGTAVKNNLAIHSDLSYWIESRLNDTWKLERAVLGEVKSCTWPETHTLWGDGILESDLIIPVTLAGPRSNHNRRPGYKTQNQGPWDEGRVEIDFDYCPGTTVTLSESCGHRGPATRTTTESGKLITDWCCRSCTLPPLRYQTDSGCWYGMEIRPQRHDEKTLVQSQVNA	TGCAIDITRRELKCGSGIFIHNDVEAWIDRYKYLPETPKQLAKVVENAHKSGICGIRSVNRFEHQMWESVRDELNALLKENAIDLSVVVEKQKGMYRAAPNRLRLTVEELDIGWKAWGKSLLFAAELANSTFVVDGPETAECPNSKRAWNSFEIEDFGFGITSTRGWLKLREENTSECDSTIIGTAVKGNHAVHSDLSYWIESGLNGTWKLERAIFGEVKSCTWPETHTLWGDAVEETELIIPVTLAGPRSKHNRREGYKVQVQGPWDEEDIKLDFDYCPGTTVTVSEHCGKRGPSVRTTTDSGKLVTDWCCRSCTLPPLRFTTASGCWYGMEIRPMKHDESTLVKSRVQA
WN1|ABA62343.1|Flavi_NS1|793-1143	Alfuy|AAX82481.1|Flavi_NS1|796-1146	74.929	351	88	0	1	351	1	351	0.0	585	TGCAIDISRQELRCGSGVFIHNDVEAWMDRYKYYPETPQGLAKIIQKAHKEGVCGLRSVSRLEHQMWEAVKDELNTLLKENGVDLSVVVEKQEGMYKSAPKRLTATTEKLEIGWKAWGKSILFAPELANNTFVVDGPETKECPTQNRAWNSLEVEDFGFGLTSTRMFLKVRESNTTECDSKIIGTAVKNNLAIHSDLSYWIESRLNDTWKLERAVLGEVKSCTWPETHTLWGDGILESDLIIPVTLAGPRSNHNRRPGYKTQNQGPWDEGRVEIDFDYCPGTTVTLSESCGHRGPATRTTTESGKLITDWCCRSCTLPPLRYQTDSGCWYGMEIRPQRHDEKTLVQSQVNA	TGCALDIGRRELRCGSGVFVHNDVEAWVDRYKFLPETPKKLAKIIEKAHKDSLCGVRSVTRLEHQMWESIRDELNALLHDNGVDLSVVVEKQKGIYHQAPNRLKPTAEQFEIGWKAWGKSKIFAPELANSTFVIDGPETSECPNSRRAWNSLEIEDFGFGITSTRVWLKVRDEKTSECDSAIIGTAIKGSLAVHSDLSYWIESSFNETWKLERAVFGEIKTCTWPETHTLWGDGVEETELIIPTTLAGPRSKHNRRQGYKVQLQGPWNEEQITLDFDYCPGTTVTISEHCGKRGPSVRTTTDSGKLVTDWCCRSCTLPPLRYTTASGCWYGMEIRPMKHDETTLVKSSVHA
WN1|ABA62343.1|Flavi_NS1|793-1143	Saint_Louis|ABG37975.1|Flavi_NS1|791-1142	65.527	351	121	0	1	351	1	351	0.0	522	TGCAIDISRQELRCGSGVFIHNDVEAWMDRYKYYPETPQGLAKIIQKAHKEGVCGLRSVSRLEHQMWEAVKDELNTLLKENGVDLSVVVEKQEGMYKSAPKRLTATTEKLEIGWKAWGKSILFAPELANNTFVVDGPETKECPTQNRAWNSLEVEDFGFGLTSTRMFLKVRESNTTECDSKIIGTAVKNNLAIHSDLSYWIESRLNDTWKLERAVLGEVKSCTWPETHTLWGDGILESDLIIPVTLAGPRSNHNRRPGYKTQNQGPWDEGRVEIDFDYCPGTTVTLSESCGHRGPATRTTTESGKLITDWCCRSCTLPPLRYQTDSGCWYGMEIRPQRHDEKTLVQSQVNA	SGCAIDLQRRELKCGGGIFVYNDVEKWKSDYKYFPLTPTGLARVIQEAHANGICGIRSTSRLEHLMWENIQRELNAIFEDNEIDLSVVVQEDPKYYKRAPRRLKKLEDELDYGWKKWGKTLFVEPRLGNNTFVVDGPETKECPTANRAWNSFKVEDFGFGMVFTRLWLTIREENTTECDSAIIGTAIKGDRAVHSDLSYWIESKKNETWQLERAVMGEVKSCTWPETHTLWGDGVVESEMIIPVTLGGPKSHHNKRNGYYTQTKGPWSEGEIILDFDYCPGTTVTVTEHCGNRGASLRTTTASGKLVTDWCCRSCSLPPLRYTTKDGCWYGMEIRPVKEEEAKLVKSRVTA
WN1|ABA62343.1|Flavi_NS1|793-1143	Ntaya|AFS89612.2|Flavi_NS1|792-1142	66.382	351	118	0	1	351	1	351	0.0	521	TGCAIDISRQELRCGSGVFIHNDVEAWMDRYKYYPETPQGLAKIIQKAHKEGVCGLRSVSRLEHQMWEAVKDELNTLLKENGVDLSVVVEKQEGMYKSAPKRLTATTEKLEIGWKAWGKSILFAPELANNTFVVDGPETKECPTQNRAWNSLEVEDFGFGLTSTRMFLKVRESNTTECDSKIIGTAVKNNLAIHSDLSYWIESRLNDTWKLERAVLGEVKSCTWPETHTLWGDGILESDLIIPVTLAGPRSNHNRRPGYKTQNQGPWDEGRVEIDFDYCPGTTVTLSESCGHRGPATRTTTESGKLITDWCCRSCTLPPLRYQTDSGCWYGMEIRPQRHDEKTLVQSQVNA	TGCALDMSRKELKCGSGIFVFNDVETWRDNYKYYPATPRNLAKVIVESYRKGICGVRSVSRLEHNMWDSIKHELNAILEDNGEDLTVVVEPIVGRLRSTQRRLTWTEEELEYGWKKWGKTLFTSPGMSNRTFVVDGPKTKECPDDKRAWNSLYVEDFGFGITSTRVWMGLRKVNTTDCDTAVMGTAVKGDVAVHSDLSYWIESRNNKTWKLERAVLGEVKSCTWPETHTLWSESVMESDLIIPVTIAGPRSRHNMRPGYKVQNSGPWDEKEITIDFDYCPGTTVKVTSTCHDRAASARTTTASGKLIQDWCCRSCTLPPLRYMTKSGCWYAMEIRPTTHGEDTLIKSKVSA
WN1|ABA62343.1|Flavi_NS1|793-1143	Bagaza|AAV34161.1|Flavi_NS1|792-1145	66.097	351	119	0	1	351	1	351	0.0	514	TGCAIDISRQELRCGSGVFIHNDVEAWMDRYKYYPETPQGLAKIIQKAHKEGVCGLRSVSRLEHQMWEAVKDELNTLLKENGVDLSVVVEKQEGMYKSAPKRLTATTEKLEIGWKAWGKSILFAPELANNTFVVDGPETKECPTQNRAWNSLEVEDFGFGLTSTRMFLKVRESNTTECDSKIIGTAVKNNLAIHSDLSYWIESRLNDTWKLERAVLGEVKSCTWPETHTLWGDGILESDLIIPVTLAGPRSNHNRRPGYKTQNQGPWDEGRVEIDFDYCPGTTVTLSESCGHRGPATRTTTESGKLITDWCCRSCTLPPLRYQTDSGCWYGMEIRPQRHDEKTLVQSQVNA	TGCAVDMDRKELKCGSGIFIFNDVETWRDNYKYYPSTPRNLAKVIMESREKGICGVRSVGRLEHNMWNSIKHELNAILEDNGPDLTVVVEQPTGRFRKTHRRLVWTDEELEYGWKKWGKTLFVTPPMSNNTFVVDGPKTKECPDENRAWNSLEVEDFGFGLTSTKVWLGLRKENTTECDTAVMGTAIKGDKAVHSDLSYWIESRNNGSWKLERAVLGEVKSCTWPDTHTLWGESVQESELIIPVTLAGPRSKHNMRPGYKVQVSGPWDERDITIDFDYCPGTKVTVTPTCRDRVASARTTTASGKLITDWCCRSCTLPPLRYMTKSGCWYGMEIRPTVHGDDMLIKSRVTA
WN1|ABA62343.1|Flavi_NS1|793-1143	Ilheus|AAV34155.1|Flavi_NS1|788-1142	65.057	352	122	1	1	351	1	352	0.0	513	TGCAIDISRQELRCGSGVFIHNDVEAWMDRYKYYPETPQGLAKIIQKAHKEGVCGLRSVSRLEHQMWEAVKDELNTLLKENGVDLSVVVEKQEGMYKSAPKRLTATTEKLEIGWKAWGKSILFAPELANNTFVVDGPETKECPTQNRAWNSLEVEDFGFGLTSTRMFLKVRESNTTECDSKIIGTAVKNNLAIHSDLSYWIESRLNDTWKLERAVLGEVKSCTWPETHTLWGDGILESDLIIPVTLAGPRSNHNRRPGYKTQNQGPW-DEGRVEIDFDYCPGTTVTLSESCGHRGPATRTTTESGKLITDWCCRSCTLPPLRYQTDSGCWYGMEIRPQRHDEKTLVQSQVNA	TGCAIDMARRELKCGSGIFIHNDVETWRNNYKYHPLTPRGFAKVIQMSKDKGVCGIRSVGRLEHEMWEAIAPELNAIFEDNGVDLSVVVKGQTGIYKRAPKRLTETKDEMSFGWKNWGKSFIFSTETANSTFIVDGPESKECPTSDRAWNSLELEDFGFGIISTKIFLKVNEQRGNSCDSAVIGTAVKGNEAVHSDLGFWIQSTKNESWQLERAVLGEVKSCTWPESHTLWGDGVEESDLIIPITLAGPKSHHNMRPGYKTQTKGPWHEETPLVIEFAECPGTTVTQEESCGGRGPSIRTTTASGRTIRNWCCKNCTLPPLRFMAGENCWYGVEVRPKRENEETLIKSKVSA
WN1|ABA62343.1|Flavi_NS1|793-1143	Tembusu|AEJ87340.1|Flavi_NS1|790-1143	62.963	351	130	0	1	351	1	351	0.0	502	TGCAIDISRQELRCGSGVFIHNDVEAWMDRYKYYPETPQGLAKIIQKAHKEGVCGLRSVSRLEHQMWEAVKDELNTLLKENGVDLSVVVEKQEGMYKSAPKRLTATTEKLEIGWKAWGKSILFAPELANNTFVVDGPETKECPTQNRAWNSLEVEDFGFGLTSTRMFLKVRESNTTECDSKIIGTAVKNNLAIHSDLSYWIESRLNDTWKLERAVLGEVKSCTWPETHTLWGDGILESDLIIPVTLAGPRSNHNRRPGYKTQNQGPWDEGRVEIDFDYCPGTTVTLSESCGHRGPATRTTTESGKLITDWCCRSCTLPPLRYQTDSGCWYGMEIRPQRHDEKTLVQSQVNA	TGCSIDLARKELKCGQGMFVFNDVEAWKDNYKYYPSTPRRLAKVVAEAHEAGICGIRSVSRLEHNMWVSIKHELNAILEDNAIDLTVVVEENPGRYGKTNQRLPNVDGELMYGWKKWGKSIFSSPKMSNNTFVIDGPKTKEYPDERRAWNSMKIEDFGFGVLSTKVWMEMRTENTTDCDTAVMGTAIKGNRAVHSDLSYWIESKNNGSWKLERAVLGEVKSCTWPETHTLWSDSVVESELIIPKTLGGPKSHHNTRTGYKVQSSGPWDEKEIVIDFDYCPGTTVTVTSSCRDRGPSARTTTASGKLITDWCCRSCTAPPLRFVTKSGCWYGMEIRPTAHGDDMLIKSKVMA
WN1|ABA62343.1|Flavi_NS1|793-1143	Iguape|AAV34154.1|Flavi_NS1|782-1136	57.386	352	149	1	1	351	1	352	5.70e-160	444	TGCAIDISRQELRCGSGVFIHNDVEAWMDRYKYYPETPQGLAKIIQKAHKEGVCGLRSVSRLEHQMWEAVKDELNTLLKENGVDLSVVVEKQEGMYKSAPKRLTATTEKLEIGWKAWGKSILFAPELANNTFVVDGPETKECPTQNRAWNSLEVEDFGFGLTSTRMFLKVRESNTTECDSKIIGTAVKNNLAIHSDLSYWIESRLNDTWKLERAVLGEVKSCTWPETHTLWGDGILESDLIIPVTLAGPRSNHNRRPGYKTQNQGPWDEGRVEIDFDYCPGTTVTLSESCGHRGPATRTTTESGKLITDWCCRSCTLPPLRYQTDSGCWYGMEIRPQ-RHDEKTLVQSQVNA	SGCGIDIARMELKCGSGIFVFNDVETWTEQYQYHPSTPGALAAAIQKGYKEGICGARSTTRLEHKMWEQVANEINAVFESNDINLSVVVKAEVNPKVRGKKRLKPADSALPIGWKSWGKKHILTVELSNNTFIVDGAEKKECSDSNRTWNTFQVEDFGFGVTKTQVFLDVREDNTDECDTAVIGSAIKGERAVHSDMGYWIESGNSDTWRLERAFLIETKTCEWPNTHTLWSDGVEDSKLIIPRSLAGPRSHHNTRKGYATQIKGPWNHVPLEIKFENCPGTTVTIDRNCGDRGASAGSTTASGKTIPDWCCRSCTLPPLSYHTSDGCWYGMEIRPKDRKKRMCLVKSKVSA
WN1|ABA62343.1|Flavi_NS1|793-1143	Dengue_2|AAB58782.1|Flavi_NS1|777-1130	54.986	351	158	0	1	351	1	351	5.99e-158	439	TGCAIDISRQELRCGSGVFIHNDVEAWMDRYKYYPETPQGLAKIIQKAHKEGVCGLRSVSRLEHQMWEAVKDELNTLLKENGVDLSVVVEKQEGMYKSAPKRLTATTEKLEIGWKAWGKSILFAPELANNTFVVDGPETKECPTQNRAWNSLEVEDFGFGLTSTRMFLKVRESNTTECDSKIIGTAVKNNLAIHSDLSYWIESRLNDTWKLERAVLGEVKSCTWPETHTLWGDGILESDLIIPVTLAGPRSNHNRRPGYKTQNQGPWDEGRVEIDFDYCPGTTVTLSESCGHRGPATRTTTESGKLITDWCCRSCTLPPLRYQTDSGCWYGMEIRPQRHDEKTLVQSQVNA	SGCVVSWKNKELKCGSGIFITDNVHTWTEQYKFQPESPSKLASAIQKAHEEGICGIRSVTRLENLMWKQITPELNHILSENEVKLTIMTGDIKGIMQAGKRSLRPQPTELKYSWKTWGKAKMLSTESHNQTFLIDGPETAECPNTNRAWNSLEVEDYGFGVFTTNIWLKLKEKQDVFCDSKLMSAAIKDNRAVHADMGYWIESALNDTWKIEKASFIEVKNCHWPKSHTLWSNGVLESEMIIPKNLAGPVSQHNYRPGYHTQITGPWHLGKLEMDFDFCDGTTVVVTEDCGNRGPSLRTTTASGKLITEWCCRSCTLPPLRYRGEDGCWYGMEIRPLKEKEENLVNSLVTA
WN1|ABA62343.1|Flavi_NS1|793-1143	Spondweni|ABI54480.1|Flavi_NS1|796-1148	57.550	351	149	0	1	351	1	351	6.00e-157	436	TGCAIDISRQELRCGSGVFIHNDVEAWMDRYKYYPETPQGLAKIIQKAHKEGVCGLRSVSRLEHQMWEAVKDELNTLLKENGVDLSVVVEKQEGMYKSAPKRLTATTEKLEIGWKAWGKSILFAPELANNTFVVDGPETKECPTQNRAWNSLEVEDFGFGLTSTRMFLKVRESNTTECDSKIIGTAVKNNLAIHSDLSYWIESRLNDTWKLERAVLGEVKSCTWPETHTLWGDGILESDLIIPVTLAGPRSNHNRRPGYKTQNQGPWDEGRVEIDFDYCPGTTVTLSESCGHRGPATRTTTESGKLITDWCCRSCTLPPLRYQTDSGCWYGMEIRPQRHDEKTLVQSQVNA	TGCSVDISRREMRCGSGIFVYNDVDAWRSRYKYHPETPRALAAAVKTAWEEGTCGITSVSRMENLMWSSVAGELNAILEDNSVPLTVVVGEPKYPLYNAPKRLKPPASELPQGWKSWGKSYFVSAAKNNNSFVVDGDTMKECPRQKRAWNSLRIEDHGFGVFHTSIWLKFHEDNSTECDTAIIGTAVRGKEAVHSDLGYWIESERNDTWRLSRAHLIEAKTCEWPRSHTLWTDGVEESELIIPRGLAGPFSHHNTRAGYKTQNKGPWHLGDVEIQFATCPGTTVVQDQECRDRGASLRTTTASGRVINEWCCRSCTMPPLSFKTKDGCWYAMEIRPVKEQESNLVRSHVTA
WN1|ABA62343.1|Flavi_NS1|793-1143	Zika_Brasil|AMB18850.1|Flavi_NS1|797-1148	56.000	350	154	0	2	351	1	350	1.52e-153	427	GCAIDISRQELRCGSGVFIHNDVEAWMDRYKYYPETPQGLAKIIQKAHKEGVCGLRSVSRLEHQMWEAVKDELNTLLKENGVDLSVVVEKQEGMYKSAPKRLTATTEKLEIGWKAWGKSILFAPELANNTFVVDGPETKECPTQNRAWNSLEVEDFGFGLTSTRMFLKVRESNTTECDSKIIGTAVKNNLAIHSDLSYWIESRLNDTWKLERAVLGEVKSCTWPETHTLWGDGILESDLIIPVTLAGPRSNHNRRPGYKTQNQGPWDEGRVEIDFDYCPGTTVTLSESCGHRGPATRTTTESGKLITDWCCRSCTLPPLRYQTDSGCWYGMEIRPQRHDEKTLVQSQVNA	GCSVDFSKKETRCGTGVFVYNDVEAWRDRYKYHPDSPRRLAAAVKQAWEDGICGISSVSRMENIMWRSVEGELNAILEENGVQLTVVVGSVKNPMWRGPQRLPVPVNELPHGWKAWGKSYFVRAAKTNNSFVVDGDTLKECPLEHRAWNSFLVEDHGFGVFHTSVWLKVREDYSLECDPAVIGTAVKGKEAVHSDLGYWIESEKNDTWRLKRAHLIEMKTCEWPKSHTLWADGIEESDLIIPKSLAGPLSHHNTREGYRTQMKGPWHSEELEIRFEECPGTKVHVEETCGTRGPSLRSTTASGRVIEEWCCRECTMPPLSFRAKDGCWYGMEIRPRKEPESNLVRSVVTA
WN1|ABA62343.1|Flavi_NS1|793-1143	Zika_Africa|AAV34151.1|Flavi_NS1|793-1144	56.286	350	153	0	2	351	1	350	1.75e-153	427	GCAIDISRQELRCGSGVFIHNDVEAWMDRYKYYPETPQGLAKIIQKAHKEGVCGLRSVSRLEHQMWEAVKDELNTLLKENGVDLSVVVEKQEGMYKSAPKRLTATTEKLEIGWKAWGKSILFAPELANNTFVVDGPETKECPTQNRAWNSLEVEDFGFGLTSTRMFLKVRESNTTECDSKIIGTAVKNNLAIHSDLSYWIESRLNDTWKLERAVLGEVKSCTWPETHTLWGDGILESDLIIPVTLAGPRSNHNRRPGYKTQNQGPWDEGRVEIDFDYCPGTTVTLSESCGHRGPATRTTTESGKLITDWCCRSCTLPPLRYQTDSGCWYGMEIRPQRHDEKTLVQSQVNA	GCSVDFSKKETRCGTGVFIYNDVEAWRDRYKYHPDSPRRLAAAVKQAWEEGICGISSVSRMENIMWKSVEGELNAILEENGVQLTVVVGSVKNPMWRGPQRLPVPVNELPHGWKAWGKSYFVRAAKTNNSFVVDGDTLKECPLEHRAWNSFLVEDHGFGVFHTSVWLKVREDYSLECDPAVIGTAVKGREAAHSDLGYWIESEKNDTWRLKRAHLIEMKTCEWPKSHTLWTDGVEESDLIIPKSLAGPLSHHNTREGYRTQVKGPWHSEELEIRFEECPGTKVYVEETCGTRGPSLRSTTASGRVIEEWCCRECTMPPLSFRAKDGCWYGMEIRPRKEPESNLVRSMVTA
WN1|ABA62343.1|Flavi_NS1|793-1143	Dengue_4|AAG45435.1|Flavi_NS1|777-1129	53.143	350	164	0	2	351	1	350	2.59e-151	422	GCAIDISRQELRCGSGVFIHNDVEAWMDRYKYYPETPQGLAKIIQKAHKEGVCGLRSVSRLEHQMWEAVKDELNTLLKENGVDLSVVVEKQEGMYKSAPKRLTATTEKLEIGWKAWGKSILFAPELANNTFVVDGPETKECPTQNRAWNSLEVEDFGFGLTSTRMFLKVRESNTTECDSKIIGTAVKNNLAIHSDLSYWIESRLNDTWKLERAVLGEVKSCTWPETHTLWGDGILESDLIIPVTLAGPRSNHNRRPGYKTQNQGPWDEGRVEIDFDYCPGTTVTLSESCGHRGPATRTTTESGKLITDWCCRSCTLPPLRYQTDSGCWYGMEIRPQRHDEKTLVQSQVNA	GCVASWSGKELKCGSGIFVVDNVHTWTEQYKFQPESPARLASAILNAHKDGVCGIRSTTRLENVMWKQITNELNYVLWEGGHDLTVVAGDVKGVLTKGKRALTPPVSDLKYSWKTWGKAKIFTPEARNSTFLIDGPDTSECPNERRAWNSLEVEDYGFGMFTTNIWMKFREGSSEVCDHRLMSAAIKDQKAVHADMGYWIESSKNQTWQIEKASLIEVKTCLWPKTHTLWSNGVLESQMLIPKSYAGPFSQHNYRQGYATQTVGPWHLGKLEIDFGECPGTTVTIQEDCDHRGPSLRTTTASGKLVTQWCCRSCTMPPLRFLGEDGCWYGMEIRPLSEKEENMVKSQVTA
WN1|ABA62343.1|Flavi_NS1|793-1143	Kedougou|AAV34156.1|Flavi_NS1|785-1138	54.000	350	161	0	2	351	2	351	5.24e-150	419	GCAIDISRQELRCGSGVFIHNDVEAWMDRYKYYPETPQGLAKIIQKAHKEGVCGLRSVSRLEHQMWEAVKDELNTLLKENGVDLSVVVEKQEGMYKSAPKRLTATTEKLEIGWKAWGKSILFAPELANNTFVVDGPETKECPTQNRAWNSLEVEDFGFGLTSTRMFLKVRESNTTECDSKIIGTAVKNNLAIHSDLSYWIESRLNDTWKLERAVLGEVKSCTWPETHTLWGDGILESDLIIPVTLAGPRSNHNRRPGYKTQNQGPWDEGRVEIDFDYCPGTTVTLSESCGHRGPATRTTTESGKLITDWCCRSCTLPPLRYQTDSGCWYGMEIRPQRHDEKTLVQSQVNA	GCAMDLTRKEMKCGNGLFVYNDVESWTSTYRYHVSEPKKLGAIIVEAMESGICGVLSVSKTEHIMWKSIENELNAILEENDKDISVVVGEVTYPLRRGPKRLKPAERELPFGWKAWGKSKIFSVDRKNKTFHVDGQGWKECPADSRAWNSLLVEDYGVGMFHTGVWMKINEENTTDCETSTMGAAVKDKRAVHGDLSYWIESANNGSWKLERAQLAGVKSCSWPSTHTIWSEGVEESHLIIPHTLAGPRSWHNTRKGYQTQVKGPWAEGELELVFDHCPGTTVTVTEECGRRGPSLRTTTASGRVVPDWCCRDCTLPPLSFRKGKECWYAMEIRPKNEKEDSLVKARVSA
WN1|ABA62343.1|Flavi_NS1|793-1143	Naranjal|AIU94742.1|Flavi_NS1|797-1149	52.286	350	167	0	2	351	1	350	3.36e-148	414	GCAIDISRQELRCGSGVFIHNDVEAWMDRYKYYPETPQGLAKIIQKAHKEGVCGLRSVSRLEHQMWEAVKDELNTLLKENGVDLSVVVEKQEGMYKSAPKRLTATTEKLEIGWKAWGKSILFAPELANNTFVVDGPETKECPTQNRAWNSLEVEDFGFGLTSTRMFLKVRESNTTECDSKIIGTAVKNNLAIHSDLSYWIESRLNDTWKLERAVLGEVKSCTWPETHTLWGDGILESDLIIPVTLAGPRSNHNRRPGYKTQNQGPWDEGRVEIDFDYCPGTTVTLSESCGHRGPATRTTTESGKLITDWCCRSCTLPPLRYQTDSGCWYGMEIRPQRHDEKTLVQSQVNA	GCAVDIERRELKCGTGIFIMDDVESWRDEYSFHPSSPKKLAASIVEAVESGTCGIRTVNRMEHKMWESIENELNAILEENEQDITVVVKDLENPAPKGFKRLPLVEKELKYGWKKWGATFFKHPERKNTTFLVDGPSGPECPNSQRAWNSFHVEDFGFGVFKTSVWMELNDQVTEVCDTKMIGTGIKNNKAVHSDLGYWIESRKNHSWEISRARLIETKSCIWPRSHTLWSDGVEETQLIIPKSLGGPRSRHNMRNGYKTQVNGPWNLIPLDIKFEECPGTSVTVTQNCGGRGPSARSTTASGKIIAEWCCKDCVLPPLTFRHGETCWYGMEIRPMKEKEENLVKSKVSA
WN1|ABA62343.1|Flavi_NS1|793-1143	Dengue_3|AAM51537.1|Flavi_NS1|776-1128	52.571	350	166	0	2	351	1	350	1.18e-147	412	GCAIDISRQELRCGSGVFIHNDVEAWMDRYKYYPETPQGLAKIIQKAHKEGVCGLRSVSRLEHQMWEAVKDELNTLLKENGVDLSVVVEKQEGMYKSAPKRLTATTEKLEIGWKAWGKSILFAPELANNTFVVDGPETKECPTQNRAWNSLEVEDFGFGLTSTRMFLKVRESNTTECDSKIIGTAVKNNLAIHSDLSYWIESRLNDTWKLERAVLGEVKSCTWPETHTLWGDGILESDLIIPVTLAGPRSNHNRRPGYKTQNQGPWDEGRVEIDFDYCPGTTVTLSESCGHRGPATRTTTESGKLITDWCCRSCTLPPLRYQTDSGCWYGMEIRPQRHDEKTLVQSQVNA	GCVINWKGKELKCGSGIFVTNEVHTWTEQYKFQADSPKRLATAIAGAWENGVCGIRSTTRMENLLWKQIANELNYILWENNIKLTVVVGDTLGVLEQGKRTLTPQPMELKYSWKTWGKAKIVTAETQNSSFIIDGPNTPECPSASRAWNVWEVEDYGFGVFTTNIWLKLREVYTQLCDHRLMSAAVKDERAVHADMGYWIESQKNGSWKLEKASLIEVKTCTWPKSHTLWTNGVLESDMIIPKSLAGPISQHNYRPGYHTQTAGPWHLGKLELDFNYCEGTTVVITESCGTRGPSLRTTTVSGKLIHEWCCRSCTLPPLRYMGEDGCWYGMEIRPISEKEENMVKSLVSA
WN1|ABA62343.1|Flavi_NS1|793-1143	Kokobera|AAV34157.1|Flavi_NS1|789-1141	54.261	352	158	2	1	351	1	350	3.61e-146	409	TGCAIDISRQELRCGSGVFIHNDVEAWMDRYKYYPETPQGLAKIIQKAHKEGVCGLRSVSRLEHQMWEAVKDELNTLLKENGVDLSVVVEKQEGMYKSAPKRLTATTEKLEIGWKAWGKSILFAPELANNTFVVDGPETKECPTQNRAWNSLEVEDFGFGLTSTRMFLKVRESNTTECDSKIIGTAVKNNLAIHSDLSYWIESR-LNDTWKLERAVLGEVKSCTWPETHTLWGDGILESDLIIPVTLAGPRSNHNRRPGYKTQNQGPWDEGRVEIDFDYCPGTTVTLSESCGHRGPATRTTTESGKLITDWCCRSCTLPPLRYQTDSGCWYGMEIRPQRHDEKTLVQSQVNA	SGCALDLKRKEFKCGNGIFVFNDAEAWSHSYRYHPSTPKKLAGSIVRAIEEGQCGVRSVGRLEHEMWRANAREINAILLENEKNLSVVVLESE--YYRKAKNLMPIGDEMPFGWKSWGKKFFEEPQLQNQTFVVDGRVGKECPEEKRSWNNFRIEDFGFGVFTTSVWMEQRTEYTEDCDQKVIGAAVKGELAAHSDLGYWIESRSKNGSWELERAYLLESKSCSWPATHTLWNGGVEESELIIPKSRAGPVSHHNTRKGYHNQIKGPWHLTPLEIRFESCPGTTVVTTEECGNRGPSLRTTTTSGKVISEWCCRSCTMPPLSFRTADGCWYGMEIRPLKEREETMVKSHVSA
WN1|ABA62343.1|Flavi_NS1|793-1143	Dengue_1|AAB70695.1|Flavi_NS1|777-1130	50.142	351	175	0	1	351	1	351	1.85e-142	399	TGCAIDISRQELRCGSGVFIHNDVEAWMDRYKYYPETPQGLAKIIQKAHKEGVCGLRSVSRLEHQMWEAVKDELNTLLKENGVDLSVVVEKQEGMYKSAPKRLTATTEKLEIGWKAWGKSILFAPELANNTFVVDGPETKECPTQNRAWNSLEVEDFGFGLTSTRMFLKVRESNTTECDSKIIGTAVKNNLAIHSDLSYWIESRLNDTWKLERAVLGEVKSCTWPETHTLWGDGILESDLIIPVTLAGPRSNHNRRPGYKTQNQGPWDEGRVEIDFDYCPGTTVTLSESCGHRGPATRTTTESGKLITDWCCRSCTLPPLRYQTDSGCWYGMEIRPQRHDEKTLVQSQVNA	SGCVINWKGRELKCGSGIFVTNEVHTWTEQYKFQADSPKRLSAAIGKAWEEGVCGIRSATRLENIMWKQISNELNHILLENDMKFTVVVGDVSGILAQGKKMIRPQPMEHKYSWKSWGKAKIIGADVQNTTFIIDGPNTPECPDNQRAWNIWEVEDYGFGIFTTNIWLKLRDSYTQVCDHRLMSAAIKDSKAVHADMGYWIESEKNETWKLARASFIEVKTCIWPKSHTLWSNGVLESEMIIPKIYGGPISQHNYRPGYFTQTAGPWHLGKLELDFDLCEGTTVVVDEHCGNRGPSLRTTTVTGKTIHEWCCRSCTLPPLRFKGEDGCWYGMEIRPVKEKEENLVKSMVSA
WN1|ABA62343.1|Flavi_NS1|793-1143	Banzi|ABI54472.1|Flavi_NS1|766-1117	44.729	351	192	2	2	351	1	350	3.71e-125	355	GCAIDISRQELRCGSGVFIHNDVEAWMDRYKYYPETPQGLAKIIQKAHKEGVCGLRSVSRLEHQMWEAVKDELNTLLKENGVDLSVVVEKQEGMYKSAPKRLTATTEKLEIGWKAWGKSILFAPELANNTFVVDGPETKECPTQNRAWNSLEVEDFGFGLTSTRMFLKVRESNTTECDSKIIGTAVKNNLAIHSDLSYWIESRLND-TWKLERAVLGEVKSCTWPETHTLWGDGILESDLIIPVTLAGPRSNHNRRPGYKTQNQGPWDEGRVEIDFDYCPGTTVTLSESCGHRGPATRTTTESGKLITDWCCRSCTLPPLRYQTDSGCWYGMEIRPQRHDEKTLVQSQVNA	GCSVNWGQKELKCGDGIFVYNDVDDWMHKYKYHPEDPKVMAGLIAKAWEKGACGLTSVSELEHVMWVKIASEINAILEENEIDLTVVVHENKSVYRRGSRRFPRVETELTYGWESWGKNFITDGKVSNNTFHVDGKE-DQCASKNRVWNSLEIEEFGFGVFHTNVFLRQKADKTNSCDTTLMGAAVKGNVAAHADPGFWMESQENNGTWEIQSIEFTAYRECEWPVSHTVHGTQVMESDMFMPKGIGGPVSHLNRMQGYKVQTNGAWAYGKTVVQRELCPDTSVVVDSSCSDRGKSIRSTTTEGKVIKEWCCRSCTLPPVSYWTSEGCWYAMEVRPMKTPEKHLVRSWVTA
WN1|ABA62343.1|Flavi_NS1|793-1143	Saboya|ABI54478.1|Flavi_NS1|765-1116	47.009	351	184	2	2	351	1	350	1.04e-124	354	GCAIDISRQELRCGSGVFIHNDVEAWMDRYKYYPETPQGLAKIIQKAHKEGVCGLRSVSRLEHQMWEAVKDELNTLLKENGVDLSVVVEKQEGMYKSAPKRLTATTEKLEIGWKAWGKSILFAPELANNTFVVDGPETKECPTQNRAWNSLEVEDFGFGLTSTRMFLKVRESNTTECDSKIIGTAVKNNLAIHSDLSYWIES-RLNDTWKLERAVLGEVKSCTWPETHTLWGDGILESDLIIPVTLAGPRSNHNRRPGYKTQNQGPWDEGRVEIDFDYCPGTTVTLSESCGHRGPATRTTTESGKLITDWCCRSCTLPPLRYQTDSGCWYGMEIRPQRHDEKTLVQSQVNA	GCSVSWKQKELKCGDGVFVFNDVNDWTHKYKYHPEDPKRMASLILEAWKRGSCGLSSVSEMEHIMWESVSHEINAILDENEIDLIVKVHDSKHIYKRGAKRFPLVNQELNYGWKTWGRSFIFEDNNSNNTFHIDGT-NDTCPLEKRVWNALEVEDFGFGVFQTNVFLRQKADRTNSCEPALMGAAVKGQEGVHADPGFWMRSTEENKTWEIQEIDLAAYRECEWPETHTINGQGVVESNLFMPKQLGGPVSRQNYVAGYKTQTSGAWGYGRTKVQRKECPGTTVKVDSECSKRGKSVRSTTVEGKVIRNWCCRSCTLPPLSYWTEDGCWYAMEIRPLETPEKHLVRSWVTA
WN1|ABA62343.1|Flavi_NS1|793-1143	Potiskum|ABI54483.1|Flavi_NS1|765-1116	46.724	351	185	2	2	351	1	350	4.13e-124	353	GCAIDISRQELRCGSGVFIHNDVEAWMDRYKYYPETPQGLAKIIQKAHKEGVCGLRSVSRLEHQMWEAVKDELNTLLKENGVDLSVVVEKQEGMYKSAPKRLTATTEKLEIGWKAWGKSILFAPELANNTFVVDGPETKECPTQNRAWNSLEVEDFGFGLTSTRMFLKVRESNTTECDSKIIGTAVKNNLAIHSDLSYWIES-RLNDTWKLERAVLGEVKSCTWPETHTLWGDGILESDLIIPVTLAGPRSNHNRRPGYKTQNQGPWDEGRVEIDFDYCPGTTVTLSESCGHRGPATRTTTESGKLITDWCCRSCTLPPLRYQTDSGCWYGMEIRPQRHDEKTLVQSQVNA	GCSVSWKQKELKCGDGVFVFNDVNDWTHKYKYHPEDPKRMASLISEAWKRGSCGLSSVSEMEHIMWESVSHEINAILDENEIDLVVKVHDSKHIYKRGAKRFPLVNQELNYGWKTWGRSFIFEDNNSNNTFHIDGT-NDTCPLEKRVWNALEVEDFGIGVFQTNVFLRQKADRTNSCEPALMGAAVKGQEGVHADPGFWMRSTEENKTWEIQEIDLAAYRECEWPETHTINGQGVVESNLFMPKQLGGPVSRQNYVAGYKTQTNGAWGYGRTKVQRKECPGTTVKVDSECSKRGKSVRSTTVEGKVIKNWCCRSCTLPPLSYWTEDGCWYAMEIRPLETPEKHLVRSWVTA
WN1|ABA62343.1|Flavi_NS1|793-1143	Sepik|ABI23562.1|Flavi_NS1|773-1126	43.590	351	197	1	2	351	1	351	2.78e-123	351	GCAIDISRQELRCGSGVFIHNDVEAWMDRYKYYPETPQGLAKIIQKAHKEGVCGLRSVSRLEHQMWEAVKDELNTLLKENGVDLSVVVEKQEGMYKSAPKRLTATTEKLEIGWKAWGKSILFAPELANNTFVVDGPETKECPTQNRAWNSLEVEDFGFGLTSTRMFLKVRESNTTECDSKIIGTAVKNNLAIHSDLSYWIESR-LNDTWKLERAVLGEVKSCTWPETHTLWGDGILESDLIIPVTLAGPRSNHNRRPGYKTQNQGPWDEGRVEIDFDYCPGTTVTLSESCGHRGPATRTTTESGKLITDWCCRSCTLPPLRYQTDSGCWYGMEIRPQRHDEKTLVQSQVNA	GCSLNWKQREVKCGDGMFVFKDTDDWFTKYQYIPEDPKTMAGLIAQAHEEGLCGLNSVGDLEHRMWVSRVDEINAILEENDIDLTVVVQDSASIYQRGSHAFPRPKGELKYGWKTWGKNIIFSPSRKNGTFIIDGKSKSECPFNKRVWNSIKVEEFGTGIYQTRVFMRPDYDYSKLCDTGMLGAAAKGDASVHGDPLFWMESQNVNDTWTITSLEALNYRECEWPSSHTLDGSRVIESDMFMPRSLAGPVSRHNHIPGYKVQSSGPWHNTPLEVKREECPGTHVTVEETCDDRGKSVRSTTDSGKIIPEWCCRSCTMPPVSFWGPDGCWYSMEVRPKHTNEGHLVKSWVVA
WN1|ABA62343.1|Flavi_NS1|793-1143	Bouboui|ABI54473.1|Flavi_NS1|766-1117	44.160	351	194	2	2	351	1	350	4.66e-121	345	GCAIDISRQELRCGSGVFIHNDVEAWMDRYKYYPETPQGLAKIIQKAHKEGVCGLRSVSRLEHQMWEAVKDELNTLLKENGVDLSVVVEKQEGMYKSAPKRLTATTEKLEIGWKAWGKSILFAPELANNTFVVDGPETKECPTQNRAWNSLEVEDFGFGLTSTRMFLKVRESNTTECDSKIIGTAVKNNLAIHSDLSYWIESR-LNDTWKLERAVLGEVKSCTWPETHTLWGDGILESDLIIPVTLAGPRSNHNRRPGYKTQNQGPWDEGRVEIDFDYCPGTTVTLSESCGHRGPATRTTTESGKLITDWCCRSCTLPPLRYQTDSGCWYGMEIRPQRHDEKTLVQSQVNA	GCSMSWKQKELKCGNGIFLYNDVDDWLHKYRFHPEDPKKTAHLIYTAWKKGACGLSSTSELEHIMWTKTRDEINAILEENELDLQVVVHDNRSVYSAGSKRFPRVETELSYGWKTWGKNFVLSASTSNNSFHVDG-SLSLCPSSKRVWNSLEIEDFGFGVFHTNVYLRQRADRSRECDTSLMGAAIKGDVAAHGDPELWMQSHEVNGTWEIDTIDLLSYRECQWPATHTIHGTSVVESDLFMPKTLGGPVSHLNHYLGYKSQVHGAWAYGKTTVSRKECPGTTVKIDQSCPDRGPSIKSETLEGKTIPEWCCRGCTLPPVSFQTSEGCWYSMEIRPMHTAENHLIRSWVAA
WN1|ABA62343.1|Flavi_NS1|793-1143	Yellow_fever|CAA27332.1|Flavi_NS1|780-1133	43.305	351	197	2	2	351	2	351	4.77e-121	345	GCAIDISRQELRCGSGVFIHNDVEAWMDRYKYYPETPQGLAKIIQKAHKEGVCGLRSVSRLEHQMWEAVKDELNTLLKENGVDLSVVVEKQEGMYKSAPKRLTATTEKLEIGWKAWGKSILFAPELANNTFVVDGPETKECPTQNRAWNSLEVEDFGFGLTSTRMFLKVRESNTTECDSKIIGTAVKNNLAIHSDLSYWIESR-LNDTWKLERAVLGEVKSCTWPETHTLWGDGILESDLIIPVTLAGPRSNHNRRPGYKTQNQGPWDEGRVEIDFDYCPGTTVTLSESCGHRGPATRTTTESGKLITDWCCRSCTLPPLRYQTDSGCWYGMEIRPQRHDEKTLVQSQVNA	GCAINFGKRELKCGDGIFIFRDSDDWLNKYSYYPEDPVKLASIVKASFEEGKCGLNSVDSLEHEMWRSRADEINAIFEENEVDISVVVQDPKNVYQRGTHPFSRIRDGLQYGWKTWGKNLVFSPGRKNGSFIIDGKSRKECPFSNRVWNSFQIEEFGTGVFTTRVYMDAVFEYTIDCDGSILGAAVNGKKSAHGSPTFWMGSHEVNGTWMIHTLEALDYKECEWPLTHTI-GTSVEESEMFMPRSIGGPVSSHNHIPGYKVQTNGPWMQVPLEVKREACPGTSVIIDGNCDGRGKSTRSTTDSGKVIPEWCCRSCTMPPVSFHGSDGCWYPMEIRPRKTHESHLVRSWVTA
WN1|ABA62343.1|Flavi_NS1|793-1143	Jugra|ABI54482.1|Flavi_NS1|765-1116	44.729	351	192	2	2	351	1	350	7.64e-119	339	GCAIDISRQELRCGSGVFIHNDVEAWMDRYKYYPETPQGLAKIIQKAHKEGVCGLRSVSRLEHQMWEAVKDELNTLLKENGVDLSVVVEKQEGMYKSAPKRLTATTEKLEIGWKAWGKSILFAPELANNTFVVDGPETKECPTQNRAWNSLEVEDFGFGLTSTRMFLKVRESNTTECDSKIIGTAVKNNLAIHSDLSYWIES-RLNDTWKLERAVLGEVKSCTWPETHTLWGDGILESDLIIPVTLAGPRSNHNRRPGYKTQNQGPWDEGRVEIDFDYCPGTTVTLSESCGHRGPATRTTTESGKLITDWCCRSCTLPPLRYQTDSGCWYGMEIRPQRHDEKTLVQSQVNA	GRSVSWKQKEIKCGDGVFVFNDVDDWLNKYKYHPEDPKRMASLISEAWNKGACGLNSVSEMEHIMWTRVASEINAILNENEIDLFVKVHDSKHVYKRGSKRFPLVSRELSYGWKTWGRNFIFEDNNSNNTFHIDGDNTT-CSLEKRVWNGLEIEDFGFGMFQTNVFLRQKADRTNTCDSALMGAAVKGADGVHADPGFWMHSLESNKTWEIQEIELTAYRECEWPETHTINGQNVMESNLFMPKKLGGPVSRQNFASGYKVQTNGAWGYGKTKIQRKECSGTTVKVDPECQNRGKSIRSTTVEGRIIKNWCCRSCTLPPLSYWTEDGCWYAMEIRPLETPEKHLVRSWVAA
WN1|ABA62343.1|Flavi_NS1|793-1143	Powassan|AAA02739.1|Flavi_NS1|778-1131	43.626	353	194	5	2	351	1	351	1.40e-108	313	GCAIDISRQELRCGSGVFIHNDVEAWMDRYKYYPETPQGLAKIIQKAHKEGVCGLRSVSRLEHQMWEAVKDELNTLLKENGVDLSVVVEKQE-GMYKSA-PKRLTATTEKLEIGWKAWGKSILFAPELANNTFVVDGPETKECPTQNRAWNSLEVEDFGFGLTSTRMFLKVRESNTTECDSKIIGTAVKNNLAIHSDLSYWIESRLNDTWK-LERAVLGEVKSCTWPETHTLWGDGILESDLIIPVTLAGPRSNHNRRPGYKTQNQGPWDEGRVEIDFDYCPGTTVTLSESCGHRGPATRTTTESGKLITDWCCRSCTLPPLRYQTDSGCWYGMEIRPQRHDEKTLVQSQVNA	GCAIDPERMEIRCGEGLVVWKEVSEWYDGYAYHPESPDTLAQALREAFERGVCGVVPQNRLEMAMWRSTAPELNLVLSEGEANLTIVVDKTDPADYRGGTPMVLKKTGKESKVSWKSWGKSILWSVPDSPRRMMMGVDGVGECPLYRRATGVFTVAEFGVGL-RTKVFLDLRGEASKECDTGVMGAAVKNGKAIHTDQSMWMSSFRNDTGTYIHELILTDLRNCTWPASHTIDNDGVLDSHLFLPVTLAGPRSKYNRIPGYSEQVRGPWDQTPLRVVRDHCPGTSVRIDSHCDKRGASVRSTTESGKIIPEWCCRACELPPVTFRSGTDCWYAMEIRPV-HSQGGLVRSMVVA
WN1|ABA62343.1|Flavi_NS1|793-1143	Langat|AAF75259.1|Flavi_NS1|779-1131	42.045	352	200	4	2	351	1	350	3.40e-106	307	GCAIDISRQELRCGSGVFIHNDVEAWMDRYKYYPETPQGLAKIIQKAHKEGVCGLRSVSRLEHQMWEAVKDELNTLLKENGVDLSVVVEKQE-GMYKSAPKRLTATTEKLEIGWKAWGKSILFAPELANNTFVVDGPETKECPTQNRAWNSLEVEDFGFGLTSTRMFLKVRESNTTECDSKIIGTAVKNNLAIHSDLSYWIESRLNDT-WKLERAVLGEVKSCTWPETHTLWGDGILESDLIIPVTLAGPRSNHNRRPGYKTQNQGPWDEGRVEIDFDYCPGTTVTLSESCGHRGPATRTTTESGKLITDWCCRSCTLPPLRYQTDSGCWYGMEIRPQRHDEKTLVQSQVNA	GCAVDTERMELRCGEGLVVWREVSEWYDNYVFHPETPAVLASAVQRAYEEEICGIVPQNRLEMAMWRSSLVELNLALAEGEANLTVVVDKADPSDYRGGVPGLLNKGKDIKVSWRSWGRSMLWSVPEAPRRFMIGVEGGRECPFARRKTGVMTVAEFGIGL-RTKVFMDLRQELTTECDTGVMGAAVKNGMAVHTDQSLWMKSIKNDTTVTIVELIVTDLRNCTWPASHTIDNAGVVNSKLFLPASLAGPRSTYNVIPGYAEQVRGPWAHTPVRIKREECPGTRVTIDKACDKRGASVRSTTESGKVIPEWCCRTCELPPVTYRTGTDCWYAMEIRPV-HTQGGLVRSMVVA
WN1|ABA62343.1|Flavi_NS1|793-1143	Tick_borne|AAA86870.1|Flavi_NS1|779-1131	42.614	352	198	4	2	351	1	350	4.87e-106	307	GCAIDISRQELRCGSGVFIHNDVEAWMDRYKYYPETPQGLAKIIQKAHKEGVCGLRSVSRLEHQMWEAVKDELNTLLKENGVDLSVVVEKQEGM-YKSAPKRLTATTEKLEIGWKAWGKSILFAPELANNTFVVDGPETKECPTQNRAWNSLEVEDFGFGLTSTRMFLKVRESNTTECDSKIIGTAVKNNLAIHSDLSYWIESRLNDTWK-LERAVLGEVKSCTWPETHTLWGDGILESDLIIPVTLAGPRSNHNRRPGYKTQNQGPWDEGRVEIDFDYCPGTTVTLSESCGHRGPATRTTTESGKLITDWCCRSCTLPPLRYQTDSGCWYGMEIRPQRHDEKTLVQSQVNA	GCAVDTERMELRCGEGLVVWREVSEWYDNYAYYPETPGALASAIKETFEEGSCGVVPQNRLEMAMWRSSVTELNLALAEGEANLTVVVDKFDPTDYRGGVPGLLKKGKDIKVSWKSWGHSMIWSIPEAPRRFMVGTEGQSECPLERRKTGVFTVAEFGVGL-RTKVFLDFRQEPTHECDTGVMGAAVKNGMAIHTDQSLWMRSMKNDTGTYIVELLVTDLRNCSWPASHTIDNADVVDSELFLPASLAGPRSWYNRIPGYSEQVKGPWKYTPIRVIREECPGTTVTINAKCDKRGASVRSTTESGKVIPEWCCRACTMPPVTFRTGTDCWYAMEIRPV-HDQGGLVRSMVVA
WN1|ABA62343.1|Flavi_NS1|793-1143	Royal_farm|ABB90673.1|Flavi_NS1|780-1130	43.343	353	195	5	2	351	1	351	2.21e-105	305	GCAIDISRQELRCGSGVFIHNDVEAWMDRYKYYPETPQGLAKIIQKAHKEGVCGLRSVSRLEHQMWEAVKDELNTLLKENGVDLSVVVEKQEGM-YKSAPKRLTATTEK-LEIGWKAWGKSILFAPELANNTFVVDGPETKECPTQNRAWNSLEVEDFGFGLTSTRMFLKVRESNTTECDSKIIGTAVKNNLAIHSDLSYWIESRLNDTWK-LERAVLGEVKSCTWPETHTLWGDGILESDLIIPVTLAGPRSNHNRRPGYKTQNQGPWDEGRVEIDFDYCPGTTVTLSESCGHRGPATRTTTESGKLITDWCCRSCTLPPLRYQTDSGCWYGMEIRPQRHDEKTLVQSQVNA	GCSIDPVRKELRCGEGLAVWKETSEWYDGYVFYPESPGALAAALLDAYESGVCGLVPQNRLEMAMWRAVAGELNVVLVENDANLTVVVDGRDPQDYRGGRAGQLGTGKKDMTVKWHTWGKALLWTVPESPRRMLVGVTKTDECPMHRRLTNVFQVAEFGVGF-RTKVFLDFRDTPTTLCDSGMMGAAVKNGYAVHTDQSMWMRSHLNETGVFLDELLLTDLRNCTWPGSHTIDNEGVIDSELFLPVSMAGPRSKYNRIPGYAEQVKGPWDQTPLRVVREPCPGTKVEKDAACTKRGPSVRSTTESGKIIPEWCCRACEMPPVTYRSGTDCWYAMEIRP-RHVQGGLVRSTVMA
WN1|ABA62343.1|Flavi_NS1|793-1143	Omsk|AAP29989.1|Flavi_NS1|779-1131	41.761	352	201	4	2	351	1	350	1.14e-104	303	GCAIDISRQELRCGSGVFIHNDVEAWMDRYKYYPETPQGLAKIIQKAHKEGVCGLRSVSRLEHQMWEAVKDELNTLLKENGVDLSVVVEKQEGM-YKSAPKRLTATTEKLEIGWKAWGKSILFAPELANNTFVVDGPETKECPTQNRAWNSLEVEDFGFGLTSTRMFLKVRESNTTECDSKIIGTAVKNNLAIHSDLSYWIESRLNDTWK-LERAVLGEVKSCTWPETHTLWGDGILESDLIIPVTLAGPRSNHNRRPGYKTQNQGPWDEGRVEIDFDYCPGTTVTLSESCGHRGPATRTTTESGKLITDWCCRSCTLPPLRYQTDSGCWYGMEIRPQRHDEKTLVQSQVNA	GCAVDTERMELRCGEGLVVWREVSEWYDNYAFYPETPAALASALKEMVEEGDCGIVPQNRLEMAMWRSSVSELNLALAEGDANLTVVVDKHDPTDYRGGVPGLLKKGKDMKISWKSWGQSMIWSVPEAPRRFLVGTEGSSECPLAKRRTGVFTVAEFGMGL-RTKVFLDFRQEITRECDTGVMGAAVKNGIAVHTDQSLWMKSIRNETGTYIVELLVTDLRNCSWPASHTIDNADVVDSELFLPASLAGPRSWYNRIPGYSEQVRGPWKYTPIKITREECPGTKVAIDASCDKRGASVRSTSESGKIIPEWCCRKCTLPPVTFRTGTDCWYAMEIRPV-HDQGGLVRSMVVA
WN1|ABA62343.1|Flavi_NS1|793-1143	Alkhurma|AFF18426.1|Flavi_NS1|780-1133	40.227	353	206	4	2	351	1	351	1.78e-100	293	GCAIDISRQELRCGSGVFIHNDVEAWMDRYKYYPETPQGLAKIIQKAHKEGVCGLRSVSRLEHQMWEAVKDELNTLLKENGVDLSVVVEKQEGMYKSAPKR--LTATTEKLEIGWKAWGKSILFAPELANNTFVVDGPETKECPTQNRAWNSLEVEDFGFGLTSTRMFLKVRESNTTECDSKIIGTAVKNNLAIHSDLSYWIESRLNDTWK-LERAVLGEVKSCTWPETHTLWGDGILESDLIIPVTLAGPRSNHNRRPGYKTQNQGPWDEGRVEIDFDYCPGTTVTLSESCGHRGPATRTTTESGKLITDWCCRSCTLPPLRYQTDSGCWYGMEIRPQRHDEKTLVQSQVNA	GCAIDANRMELRCGEGLVVWREVTDWYDGYAFHPESPPVLAASLKEAYEEGVCGIVPQNRLEMAMWRRVEAVLNLALAESDANLTVVVDRRDPSDYRGGKVGILKRSGKEMKTSWKGWSQSFVWSVPESPRRFMVGIEGTGECPLDKRRTGVFTVAEFGMGM-RTKIFLDLRETSSSDCDTGVMGAAVKSGHAVHTDQSLWMKSHRNATGVFISELIVTDLRNCTWPASHTLDNAGVVDSKLFLPVSLAGPRSHYNHIPGYAEQVRGPWNQTPLRVVREPCPGTTVKIDQNCDKRGSSLRSTTESGKAIPEWCCRTCELPPVTFRSGTDCWYAMEIRPV-HQQGGLVRSMVLA
WN1|ABA62343.1|Flavi_NS1|793-1143	Kyasanur|AAQ91607.1|Flavi_NS1|780-1133	39.943	353	207	4	2	351	1	351	3.48e-99	289	GCAIDISRQELRCGSGVFIHNDVEAWMDRYKYYPETPQGLAKIIQKAHKEGVCGLRSVSRLEHQMWEAVKDELNTLLKENGVDLSVVVEKQEGMYKSAPK--RLTATTEKLEIGWKAWGKSILFAPELANNTFVVDGPETKECPTQNRAWNSLEVEDFGFGLTSTRMFLKVRESNTTECDSKIIGTAVKNNLAIHSDLSYWIESRLNDTWK-LERAVLGEVKSCTWPETHTLWGDGILESDLIIPVTLAGPRSNHNRRPGYKTQNQGPWDEGRVEIDFDYCPGTTVTLSESCGHRGPATRTTTESGKLITDWCCRSCTLPPLRYQTDSGCWYGMEIRPQRHDEKTLVQSQVNA	GCAIDANRMELRCGEGLVVWREVTDWYDGYAFHPESPSVLAASLKEAYEEGICGIVPQNRLEMAMWRRVEAVLNLALAESDANLTVVVDKRDPSDYRGGKVGTLRRSGKEMKTSWKGWSQSFVWSVPEAPRRFMVGVEGAGECPLDKRRTGVFTVAEFGMGM-RTKVFLDLRETASSDCDTGVMGAAVKSGHAVHTDQSLWMRSHRNATGVFISELIVTDLRNCTWPASHTLDNAGVVDSKLFLPAGLAGPRSHYNHIPGYAEQVKGPWSQTPLRVVREPCPGTAVKIDQSCDKRGASLRSTTESGKAIPEWCCRTCELPPVTFRSGTDCWYAMEIRPV-HQQGGLVRSMVLA
WN1|ABA62343.1|Flavi_NS1|793-1143	Kadam|ABB90670.1|Flavi_NS1|766-1116	39.377	353	209	4	2	351	1	351	1.37e-96	283	GCAIDISRQELRCGSGVFIHNDVEAWMDRYKYYPETPQGLAKIIQKAHKEGVCGLRSVSRLEHQMWEAVKDELNTLLKENGVDLSVVVE--KQEGMYKSAPKRLTATTEKLEIGWKAWGKSILFAPELANNTFVVDGPETKECPTQNRAWNSLEVEDFGFGLTSTRMFLKVRESNTTECDSKIIGTAVKNNLAIHSDLSYWIESRLNDTW-KLERAVLGEVKSCTWPETHTLWGDGILESDLIIPVTLAGPRSNHNRRPGYKTQNQGPWDEGRVEIDFDYCPGTTVTLSESCGHRGPATRTTTESGKLITDWCCRSCTLPPLRYQTDSGCWYGMEIRPQRHDEKTLVQSQVNA	GCAVDPHRRELRCGASHVVWKETSEWFDTYSFRPESPGRLAAAVHATLEKGWCGVVPSNRLELAMWNSIAAELNLALAEAGENLTVVVQMGKENDFRGGVASPMARGQKEFTIGWKAWGRSIYWTPTPGEKRFHVGNKDTDECPLQKRLTNIFKVVEFGVGL-KTKVYMDLRDDSSMDCEAGLMGAAVKNGKAVHTDQSLWMVSTRNDTATEITELEVTDLRNCTWPAPYTLDNKGVEYTKMFMPRGLSGPASSYNRITGYAEQNKGPWDQVPLKMVREECPGTKVEVTEECDGRGSSLRSTTDSGKIIQDWCCRKCTMPPVSFRHGVDCWYAMEIRP-KSKQGGLVRSQVLA
WN1|ABA62343.1|Flavi_NS1|793-1143	Karshi|ABE73208.1|Flavi_NS1|778-1132	40.510	353	205	5	2	351	2	352	2.01e-96	282	GCAIDISRQELRCGSGVFIHNDVEAWMDRYKYYPETPQGLAKIIQKAHKEGVCGLRSVSRLEHQMWEAVKDELNTLLKENGVDLSVVVEKQEGM-YKSA-PKRLTATTEKLEIGWKAWGKSILFAPELANNTFVVDGPETKECPTQNRAWNSLEVEDFGFGLTSTRMFLKVRESNTTECDSKIIGTAVKNNLAIHSDLSYWIESRLNDT-WKLERAVLGEVKSCTWPETHTLWGDGILESDLIIPVTLAGPRSNHNRRPGYKTQNQGPWDEGRVEIDFDYCPGTTVTLSESCGHRGPATRTTTESGKLITDWCCRSCTLPPLRYQTDSGCWYGMEIRPQRHDEKTLVQSQVNA	GCSIDSERMELRCGAGLAVWKETTEWYDGYAFHPESPGELAAALVEAAKNNVCGIVPQNRLEMAMWRSRRDEINLHLAETDANLTVVVDRMNPSDYRGGTPGVLKRNGKAGQVTWSSWGRSIIWSVPEAQRRFYIGVLNVNECPLRNRLTGVFRVAEFGAGL-QTKVFLDFQEKPTNTCDSGVMGAAVKNGYAVHTDQSLWMKSKGNATGFYIQELHVTDLRNCTWPDEYTIDNKGVIESHLFLPVKLAGPRTMYNQIPGYAVQLSGPWDQTPLRIKREPCPGTEVKIDPGCPGRGASVRSTTESGKVIPEWCCRTCTMPPVTFRSGTDCWYAMEIRPVRV-QGGLVKSTVVA
