WN1|ABA62343.1|Flavi_M|217-290	Kunjin|BAA00176.1|Flavi_M|217-290	97.297	74	2	0	1	74	1	74	1.81e-52	148	LTVQTHGESTLANKKGAWMDSTKATRYLVKTESWILRNPGYALVAAVIGWMLGSNTMQRVVFVVLLLLVAPAYS	LTVQTHGESTLSNKKGAWMDSTKATRYLVKTESWILRNPGYALVAAVIGWMLGSNTMQRVVFAVLLLLVAPAYS
WN1|ABA62343.1|Flavi_M|217-290	Usutu|AAS59402.1|Flavi_M|219-293	100.000	74	0	0	1	74	76	149	2.10e-52	150	LTVQTHGESTLANKKGAWMDSTKATRYLVKTESWILRNPGYALVAAVIGWMLGSNTMQRVVFVVLLLLVAPAYS	LTVQTHGESTLANKKGAWMDSTKATRYLVKTESWILRNPGYALVAAVIGWMLGSNTMQRVVFVVLLLLVAPAYS
WN1|ABA62343.1|Flavi_M|217-290	Usutu|AAS59402.1|Flavi_M|219-293	79.730	74	15	0	1	74	2	75	2.79e-35	107	LTVQTHGESTLANKKGAWMDSTKATRYLVKTESWILRNPGYALVAAVIGWMLGSNTMQRVVFVVLLLLVAPAYS	IAVQTHGESMLANKKDAWLDSTKASRYLMKTENWIIRNPGYAFVAVLLGWMLGSNNGQRVVFVVLLLLVAPAYS
WN1|ABA62343.1|Flavi_M|217-290	WNV2|AAA48498.2|Flavi_M|217-290	95.946	74	3	0	1	74	1	74	4.09e-52	147	LTVQTHGESTLANKKGAWMDSTKATRYLVKTESWILRNPGYALVAAVIGWMLGSNTMQRVVFVVLLLLVAPAYS	LTVQTHGESTLANKKGAWLDSTKATRYLVKTESWILRNPGYALVAAVIGWMLGSNTMQRVVFAILLLLVAPAYS
WN1|ABA62343.1|Flavi_M|217-290	Yaounde|ABW76843.2|Flavi_M|217-290	87.838	74	9	0	1	74	1	74	1.05e-48	138	LTVQTHGESTLANKKGAWMDSTKATRYLVKTESWILRNPGYALVAAVIGWMLGSNTMQRVVFVVLLLLVAPAYS	LTVQTHGESTLANKKGAWMDSTKATRYLVKTETWILRNPGYALVAVVLGWMLGSNKGQKIIFVILLLLVAPAYS
WN1|ABA62343.1|Flavi_M|217-290	Murray|AAF05296.1|Flavi_M|218-292	82.432	74	13	0	1	74	2	75	1.02e-45	131	LTVQTHGESTLANKKGAWMDSTKATRYLVKTESWILRNPGYALVAAVIGWMLGSNTMQRVVFVVLLLLVAPAYS	ITVQTHGESTLVNKKDAWLDSTKATRYLTKTENWIIRNPGYALVAVVLGWMLGSNTGQKVIFTVLLLLVAPAYS
WN1|ABA62343.1|Flavi_M|217-290	Japanese_Encephalitis|AAA81554.1|Flavi_M|220-294	77.027	74	17	0	1	74	2	75	1.50e-43	125	LTVQTHGESTLANKKGAWMDSTKATRYLVKTESWILRNPGYALVAAVIGWMLGSNTMQRVVFVVLLLLVAPAYS	VSVQTHGESSLVNKKEAWLDSTKATRYLMKTENWIIRNPGYAFLAATLGWMLGSNNGQRVVFTILLLLVAPAYS
WN1|ABA62343.1|Flavi_M|217-290	Alfuy|AAX82481.1|Flavi_M|220-294	77.027	74	17	0	1	74	2	75	7.78e-43	124	LTVQTHGESTLANKKGAWMDSTKATRYLVKTESWILRNPGYALVAAVIGWMLGSNTMQRVVFVVLLLLVAPAYS	VAVQAHGESTLVNKKEAWLDSTKATRYLTKTENWIIRNPGYALVAVALGWMLGSNKAQKVIFTVLLLLVAPAYS
WN1|ABA62343.1|Flavi_M|217-290	Saint_Louis|ABG37975.1|Flavi_M|217-288	68.056	72	23	0	3	74	1	72	7.10e-38	111	VQTHGESTLANKKGAWMDSTKATRYLVKTESWILRNPGYALVAAVIGWMLGSNTMQRVVFVVLLLLVAPAYS	VQHHGDSTLATKNTPWLDTVKTTKYLTKVENWVLRNPGYALVALAIGWMLGSNNTQRVVFVIMLMLIAPAYS
WN1|ABA62343.1|Flavi_M|217-290	Bagaza|AAV34161.1|Flavi_M|215-289	59.459	74	30	0	1	74	2	75	9.46e-35	103	LTVQTHGESTLANKKGAWMDSTKATRYLVKTESWILRNPGYALVAAVIGWMLGSNTMQRVVFVVLLLLVAPAYS	ITVHHHGESLLEAKNTPWMDSTKATKYLTKVENWAIRNPGYALAAAIIGWNLGTTKSQKIIFTIMLMLIAPAYS
WN1|ABA62343.1|Flavi_M|217-290	Ntaya|AFS89612.2|Flavi_M|215-289	58.108	74	31	0	1	74	2	75	1.71e-34	102	LTVQTHGESTLANKKGAWMDSTKATRYLVKTESWILRNPGYALVAAVIGWMLGSNTMQRVVFVVLLLLVAPAYS	ITVHHHGESLLEAKNTPWMDSTKATKYLTKVENWAIRNPGYALAAAIVGWNLGTTKAQKIIFTIMLMLIAPAYS
WN1|ABA62343.1|Flavi_M|217-290	Tembusu|AEJ87340.1|Flavi_M|214-287	58.108	74	31	0	1	74	1	74	9.76e-33	98.2	LTVQTHGESTLANKKGAWMDSTKATRYLVKTESWILRNPGYALVAAVIGWMLGSNTMQRVVFVVLLLLVAPAYS	VNVHHHGESLLEAKNTPWMDSTKATKYLTKVENWALRNPGYALAAIFIGWNLGTTRSQKIIFTIMLMLIAPAYS
WN1|ABA62343.1|Flavi_M|217-290	Kokobera|AAV34157.1|Flavi_M|215-286	58.333	72	30	0	3	74	1	72	5.53e-32	96.3	VQTHGESTLANKKGAWMDSTKATRYLVKTESWILRNPGYALVAAVIGWMLGSNTMQRVVFVVLLLLVAPAYS	IAGHADSRLDSRGSVWMDTKKATSYLTKAESWALRNPGYALVAAVLGWSLGTSNAQKVIFTVMILLIAPAYS
WN1|ABA62343.1|Flavi_M|217-290	Spondweni|ABI54480.1|Flavi_M|215-289	55.405	74	33	0	1	74	2	75	5.80e-32	96.3	LTVQTHGESTLANKKGAWMDSTKATRYLVKTESWILRNPGYALVAAVIGWMLGSNTMQRVVFVVLLLLVAPAYS	ITLPSHASQKLETRSSTWLESREYSKYLIKVENWILRNPGYALVAAVIGWTLGSSRSQKIIFVTLLMLVAPAYS
WN1|ABA62343.1|Flavi_M|217-290	Naranjal|AIU94742.1|Flavi_M|218-292	56.522	69	30	0	6	74	7	75	2.01e-30	92.4	HGESTLANKKGAWMDSTKATRYLVKTESWILRNPGYALVAAVIGWMLGSNTMQRVVFVVLLLLVAPAYS	HTESTLATRRESWLNTDVAMKHLVKVETWALRNPGFAFVAITLGWMLGNSTSQKIIFTLLLLLVAPAYS
WN1|ABA62343.1|Flavi_M|217-290	Iguape|AAV34154.1|Flavi_M|212-286	53.623	69	32	0	6	74	7	75	7.01e-30	91.3	HGESTLANKKGAWMDSTKATRYLVKTESWILRNPGYALVAAVIGWMLGSNTMQRVVFVVLLLLVAPAYS	HSEATLTSRKETWLEGQNVMKYMMRVESWALRNPGFALVACVIGWSLGSTTSQKIIYIMLLLMVAPAYS
WN1|ABA62343.1|Flavi_M|217-290	Ilheus|AAV34155.1|Flavi_M|211-285	59.459	74	30	0	1	74	2	75	3.01e-29	89.7	LTVQTHGESTLANKKGAWMDSTKATRYLVKTESWILRNPGYALVAAVIGWMLGSNTMQRVVFVVLLLLVAPAYS	INIPHHGESHLENRATPWMDTTKTTKYLTKVENWVIRNPGYALVALATAWMLGSNTPQRVVFMIMMMLIAPAYS
WN1|ABA62343.1|Flavi_M|217-290	Zika_Africa|AAV34151.1|Flavi_M|217-290	47.297	74	39	0	1	74	1	74	2.44e-28	87.4	LTVQTHGESTLANKKGAWMDSTKATRYLVKTESWILRNPGYALVAAVIGWMLGSNTMQRVVFVVLLLLVAPAYS	VTLPSHSTRKLQTRSQTWLESREYTKHLIKVENWIFRNPGFALVAVAIAWLLGSSTSQKVIYLVMILLIAPAYS
WN1|ABA62343.1|Flavi_M|217-290	Kedougou|AAV34156.1|Flavi_M|208-282	47.297	74	39	0	1	74	2	75	5.62e-25	79.0	LTVQTHGESTLANKKGAWMDSTKATRYLVKTESWILRNPGYALVAAVIGWMLGSNTMQRVVFVVLLLLVAPAYS	VSLPPHTEKKLETRHESWLETRSYLAHLEKTERWVLRNPGFALVAGALGWMLGTSKTQKVLIAGLLLLVAPAYS
WN1|ABA62343.1|Flavi_M|217-290	Kadam|ABB90670.1|Flavi_M|198-272	48.387	62	32	0	13	74	14	75	5.23e-22	71.2	NKKGAWMDSTKATRYLVKTESWILRNPGYALVAAVIGWMLGSNTMQRVVFVVLLLLVAPAYS	SRTGVWKQGEAARNYLTRTESWILRNKAFALALCVAGWALGKTTVQKVIFIAFVLLIAPAYA
WN1|ABA62343.1|Flavi_M|217-290	Dengue_4|AAG45435.1|Flavi_M|205-279	45.588	68	37	0	6	73	7	74	1.39e-21	70.1	HGESTLANKKGAWMDSTKATRYLVKTESWILRNPGYALVAAVIGWMLGSNTMQRVVFVVLLLLVAPAY	HSGMGLETRAETWMSSEGAWKHAQRVESWILRNPGFALLAGFMAYMIGQTGIQRTVFFVLMMLVAPSY
WN1|ABA62343.1|Flavi_M|217-290	Zika_Brasil|AMB18850.1|Flavi_M|217-290	45.946	74	40	0	1	74	1	74	4.46e-21	68.9	LTVQTHGESTLANKKGAWMDSTKATRYLVKTESWILRNPGYALVAAVIGWMLGSNTMQRVVFVVLLLLVAPAYS	VTLPSHSTRKLQTRSQTWLESREYTKHLIRVENWIFRNPGFALAAAAIAWLLGSSTSQKVIYLVMILLIAPAYS
WN1|ABA62343.1|Flavi_M|217-290	Bouboui|ABI54473.1|Flavi_M|198-272	39.189	74	45	0	1	74	2	75	1.60e-19	65.1	LTVQTHGESTLANKKGAWMDSTKATRYLVKTESWILRNPGYALVAAVIGWMLGSNTMQRVVFVVLLLLVAPAYS	VVITAHLDQGLTTKKEVWLGSSHFEQQVQKIERWIIRNPTYAIAAIVMAWYIGNSTKQRVVLLMLTLALGPAYA
WN1|ABA62343.1|Flavi_M|217-290	Yellow_fever|CAA27332.1|Flavi_M|212-285	40.541	74	44	0	1	74	1	74	4.23e-19	63.9	LTVQTHGESTLANKKGAWMDSTKATRYLVKTESWILRNPGYALVAAVIGWMLGSNTMQRVVFVVLLLLVAPAYS	IDLPTHENHGLKTRQEKWMTGRMGERQLQKIERWFVRNPFFAVTALTIAYLVGSNMTQRVVIALLVLAVGPAYS
WN1|ABA62343.1|Flavi_M|217-290	Sepik|ABI23562.1|Flavi_M|209-280	37.500	72	45	0	3	74	1	72	9.60e-18	60.5	VQTHGESTLANKKGAWMDSTKATRYLVKTESWILRNPGYALVAAVIGWMLGSNTMQRVVFVVLLLLVAPAYS	ITPHVDKGLTTRQEKWLPSKIGEQQLQKVEKWIIRNPLYALGAIALAYFIGTSVVQKVVIAILLLGIGPAYS
WN1|ABA62343.1|Flavi_M|217-290	Jugra|ABI54482.1|Flavi_M|197-271	37.838	74	46	0	1	74	2	75	1.17e-16	57.8	LTVQTHGESTLANKKGAWMDSTKATRYLVKTESWILRNPGYALVAAVIGWMLGSNTMQRVVFVVLLLLVAPAYS	VVITAHLDQGLVTKKETWLGSSHFETQVQRVEKWIIRNPTYAVAALLMAWYVGNNTKQRVVLLLLTLALGPAYA
WN1|ABA62343.1|Flavi_M|217-290	Banzi|ABI54472.1|Flavi_M|198-272	36.486	74	47	0	1	74	2	75	1.35e-15	55.1	LTVQTHGESTLANKKGAWMDSTKATRYLVKTESWILRNPGYALVAAVIGWMLGSNTMQRVVFVVLLLLVAPAYS	VVITAHLDQGLTTKKETWLGSSHFETQVQKVEKWIIRNPTYAIAAILMSWYIGNSLKQRVVLLLLTLALGPAYA
WN1|ABA62343.1|Flavi_M|217-290	Dengue_2|AAB58782.1|Flavi_M|207-280	32.812	64	43	0	11	74	11	74	3.06e-15	54.3	LANKKGAWMDSTKATRYLVKTESWILRNPGYALVAAVIGWMLGSNTMQRVVFVVLLLLVAPAYS	LETRTETWMSSEGAWKHVQRIETWILRHPGFTMMAAILAYTIGTTHFQRALIFILLTAVTPSMT
WN1|ABA62343.1|Flavi_M|217-290	Saboya|ABI54478.1|Flavi_M|197-271	32.432	74	50	0	1	74	2	75	1.13e-14	52.8	LTVQTHGESTLANKKGAWMDSTKATRYLVKTESWILRNPGYALVAAVIGWMLGSNTMQRVVFVVLLLLVAPAYS	VVITAHLDQGLVTKKETWLGTSHFEAQVQRIERWIIRNPTYAIAAILMAWYVGSTMKQRIILLLLTLALGPAYA
WN1|ABA62343.1|Flavi_M|217-290	Potiskum|ABI54483.1|Flavi_M|197-271	32.432	74	50	0	1	74	2	75	1.13e-14	52.8	LTVQTHGESTLANKKGAWMDSTKATRYLVKTESWILRNPGYALVAAVIGWMLGSNTMQRVVFVVLLLLVAPAYS	VVITAHLDQGLVTKKETWLGTSHFEAQVQRIERWIIRNPTYAIAAILMAWYVGSTMKQRIILLLLTLALGPAYA
WN1|ABA62343.1|Flavi_M|217-290	Dengue_3|AAM51537.1|Flavi_M|207-280	34.375	64	42	0	11	74	11	74	8.07e-14	50.4	LANKKGAWMDSTKATRYLVKTESWILRNPGYALVAAVIGWMLGSNTMQRVVFVVLLLLVAPAYS	LDTRTQTWMSAEGAWRQVEKVETWALRHPGFTILALFLAHYIGTSLTQKVVIFILLMLVTPSMT
WN1|ABA62343.1|Flavi_M|217-290	Dengue_1|AAB70695.1|Flavi_M|207-280	31.250	64	44	0	11	74	11	74	5.14e-13	48.5	LANKKGAWMDSTKATRYLVKTESWILRNPGYALVAAVIGWMLGSNTMQRVVFVVLLLLVAPAYS	LETRTETWMSSEGAWKQIQKVETWALRHPGFTVIALFLAHAIGTSITQKGIIFILLMLVTPSMA
WN1|ABA62343.1|Flavi_M|217-290	Omsk|AAP29989.1|Flavi_M|206-280	29.167	72	51	0	3	74	4	75	1.22e-12	47.4	VQTHGESTLANKKGAWMDSTKATRYLVKTESWILRNPGYALVAAVIGWMLGSNTMQRVVFVVLLLLVAPAYS	IPSHAQKDLTGRGQRWLEGDTIRSHLTRVEGWVWKNKSLTLAVVVIVWMTVESAVTRIVIVSALLCLAPAYA
WN1|ABA62343.1|Flavi_M|217-290	Langat|AAF75259.1|Flavi_M|207-280	23.611	72	55	0	3	74	3	74	8.08e-12	45.4	VQTHGESTLANKKGAWMDSTKATRYLVKTESWILRNPGYALVAAVIGWMLGSNTMQRVVFVVLLLLVAPAYS	IPSHAQRDLTGRGHQWLEGEAVKAHLTRVEGWVWKNKLFTLSLVMVAWLMVDGLLPRILIVVVALALAPAYA
WN1|ABA62343.1|Flavi_M|217-290	Karshi|ABE73208.1|Flavi_M|206-280	22.973	74	57	0	1	74	2	75	5.64e-10	40.8	LTVQTHGESTLANKKGAWMDSTKATRYLVKTESWILRNPGYALVAAVIGWMLGSNTMQRVVFVVLLLLVAPAYS	VNIPVHVSKDLTGRGHTWLQGSNVKEHLTRVESWVWKNKVLVLAVSALVWVMVESVPMRIVLIVGGMFLAPAYA
WN1|ABA62343.1|Flavi_M|217-290	Alkhurma|AFF18426.1|Flavi_M|207-281	20.270	74	59	0	1	74	2	75	3.51e-09	38.9	LTVQTHGESTLANKKGAWMDSTKATRYLVKTESWILRNPGYALVAAVIGWMLGSNTMQRVVFVVLLLLVAPAYS	VSIPVHAHSDLTGRGHKWLRGDSVKTHLTRVEGWVWKNKLLTMAFCAVVWMVTDSLPTRFIVITVALCLAPTYA
WN1|ABA62343.1|Flavi_M|217-290	Kyasanur|AAQ91607.1|Flavi_M|207-281	20.270	74	59	0	1	74	2	75	5.91e-09	38.1	LTVQTHGESTLANKKGAWMDSTKATRYLVKTESWILRNPGYALVAAVIGWMLGSNTMQRVVFVVLLLLVAPAYS	VSIPVHAHSDLTGRGHKWLKGDSVKTHLTRVEGWVWKNKFLTAAFCAVVWMVTDSLPTRFIVITVALCLAPTYA
WN1|ABA62343.1|Flavi_M|217-290	Powassan|AAA02739.1|Flavi_M|204-278	20.270	74	59	0	1	74	2	75	8.26e-09	37.7	LTVQTHGESTLANKKGAWMDSTKATRYLVKTESWILRNPGYALVAAVIGWMLGSNTMQRVVFVVLLLLVAPAYS	VVIPTHAQKDMVGRGHAWLKGDNIRDHVTRVEGWMWKNKLLTAAIVALAWLMVDSWMARVTVILLALSLGPVYA
WN1|ABA62343.1|Flavi_M|217-290	Royal_farm|ABB90673.1|Flavi_M|206-281	27.536	69	43	1	6	74	15	76	9.04e-08	35.0	HGESTLANKKGAWMDSTKATRYLVKTESWILRNPGYALVAAVIGWMLGSNTMQRVVFVVLLLLVAPAYS	HGERT-------WLGTSNWKEHATRVESWVWKNKVMVIAVAMATWICVKSMTLRLLIVVAFLLVAPGQA
WN1|ABA62343.1|Flavi_M|217-290	Tick_borne|AAA86870.1|Flavi_M|206-257	20.408	49	39	0	3	51	4	52	2.88e-05	28.1	VQTHGESTLANKKGAWMDSTKATRYLVKTESWILRNPGYALVAAVIGWM	IPSHAQGELTGRGHKWLEGDSLRTHLTRVEGWVWKNKLLALAMVTVVWL
