WN1|ABA62343.1|nonstructural	Kunjin|BAA00176.1|NS2B|1375-1505	98.473	131	2	0	1	131	1	131	3.16e-95	260	GWPATEVMTAVGLMFAIVGGLAELDIDSMAIPMTIAGLMFAAFVISGKSTDMWIERTADISWESDAEITGSSERVDVRLDDDGNFQLMNDPGAPWKIWMLRMVCLAISAYTPWAILPSVVGFWITLQYTKR	GWPATEVMTAVGLMFAIVGGLAELDIDSMAIPMTIAGLMFAAFVISGKSTDMWIERTADISWEGDAEITGSSERVDVRLDDDGNFQLMNDPGAPWKIWMLRMACLAISAYTPWAILPSVVGFWITLQYTKR
WN1|ABA62343.1|nonstructural	Usutu|AAS59402.1|NS2b|1373-1503	100.000	131	0	0	1	131	132	262	1.76e-94	263	GWPATEVMTAVGLMFAIVGGLAELDIDSMAIPMTIAGLMFAAFVISGKSTDMWIERTADISWESDAEITGSSERVDVRLDDDGNFQLMNDPGAPWKIWMLRMVCLAISAYTPWAILPSVVGFWITLQYTKR	GWPATEVMTAVGLMFAIVGGLAELDIDSMAIPMTIAGLMFAAFVISGKSTDMWIERTADISWESDAEITGSSERVDVRLDDDGNFQLMNDPGAPWKIWMLRMVCLAISAYTPWAILPSVVGFWITLQYTKR
WN1|ABA62343.1|nonstructural	Usutu|AAS59402.1|NS2b|1373-1503	67.939	131	42	0	1	131	1	131	3.80e-70	201	GWPATEVMTAVGLMFAIVGGLAELDIDSMAIPMTIAGLMFAAFVISGKSTDMWIERTADISWESDAEITGSSERVDVRLDDDGNFQLMNDPGAPWKIWMLRMVCLAISAYTPWAILPSVVGFWITLQYTKR	GWPATEVLTAVGLMFAIVGGLAELDVDSMSIPFVLAGLMAVSYTISGKSTDLWLERAADITWETDAAITGTSQRLDVKLDDDGDFHLINDPGVPWKIWVIRMTALGFAAWTPWAIIPAGIGYWLTVKYAKR
WN1|ABA62343.1|nonstructural	Alfuy|AAX82481.1|non-structural	72.519	131	36	0	1	131	1	131	8.48e-76	211	GWPATEVMTAVGLMFAIVGGLAELDIDSMAIPMTIAGLMFAAFVISGKSTDMWIERTADISWESDAEITGSSERVDVRLDDDGNFQLMNDPGAPWKIWMLRMVCLAISAYTPWAILPSVVGFWITLQYTKR	GWPATEVLTAVGLMFAIVGGLAELDVESMAIPFTIAGLMLVTYVISGKSVDMWLERAADITWEQDAAITGTSERVDVCLDDDGDFHLINDPGVPWKVWLLRMTCIGLASVTPWAIIPAAVGYWLTLKYAKR
WN1|ABA62343.1|nonstructural	Murray|AAF05296.1|Flavi_NS2B|1378-1503	73.016	126	34	0	6	131	1	126	2.31e-72	202	EVMTAVGLMFAIVGGLAELDIDSMAIPMTIAGLMFAAFVISGKSTDMWIERTADISWESDAEITGSSERVDVRLDDDGNFQLMNDPGAPWKIWMLRMVCLAISAYTPWAILPSVVGFWITLQYTKR	EVLTAVGLMFAIVGGLAELDIDSMSVPFTIAGLMLVSYVISGKATDMWLERAADVSWEAGAAITGTSERLDVQLDDDGDFHLLNDPGVPWKIWVLRMTCLSVAAITPRAILPSAFGYWLTLKYTKR
WN1|ABA62343.1|nonstructural	Japanese_Encephalitis|AAA81554.1|NS	67.939	131	42	0	1	131	1	131	9.08e-71	198	GWPATEVMTAVGLMFAIVGGLAELDIDSMAIPMTIAGLMFAAFVISGKSTDMWIERTADISWESDAEITGSSERVDVRLDDDGNFQLMNDPGAPWKIWMLRMVCLAISAYTPWAILPSVVGFWITLQYTKR	GWPATEFLSAVGLMFAIVGGLAELDIESMSIPFMLAGLMAVSYVVSGKATDMWLERAADISWEMDAAITGSSRRLDVKLDDDGDFHLIDDPGVPWKVWVLRMSCIGLAALTPWAIVPAAFGYWLTLKTTKR
WN1|ABA62343.1|nonstructural	Spondweni|ABI54480.1|NS2b|1373-1502	52.727	110	51	1	2	111	2	110	1.66e-39	119	WPATEVMTAVGLMFAIVGGLAELDIDSMAIPMTIAGLMFAAFVISGKSTDMWIERTADISWESDAEITGSSERVDVRLDDDGNFQLMNDPGAPWKIWMLRMVCLAISAYT	WPPSEVMTAVGLICAIVGGLTKTDID-MAGPMAAIGLLVVSYVVSGKSVDMYIEKVCDISWDKDAEITGTSPRLDVALDDSGDFSLIQDDGPPTREIVLKVFLMCVCGVS
WN1|ABA62343.1|nonstructural	Yellow_fever|CAA27332.1|putative	28.682	129	91	1	3	131	3	130	2.91e-23	78.2	PATEVMTAVGLMFAIVGGLAELDIDSMAIPMTIAGLMFAAFVISGKSTDMWIERTADISWESDAEITGSSERVDVRLDDDGNFQLMNDPGAPWKIWMLRMVCLAISAYTPWAILPSVVGFWITLQYTKR	PVNEALAAAGLV-GVLAGLAFQEMENFLGPIAVGGLLMMLVSVAGRVDGLELKKLGEVSWEEEAEISGSSARYDVALSEQGEFKLLSEEKVPWDQVVMTSLALVGAALHPFALLLVLAGWLFHVRGARR
WN1|ABA62343.1|nonstructural	Dengue_3|AAM51537.1|nonstructural	34.351	131	83	3	2	131	2	130	3.20e-23	78.2	WPATEVMTAVGLMFAIVGGLAELDIDSMAIPMTIAGLMFAAFVISGKSTDMWIERTADISWESDAEITGSSERVDVRLDDDGNFQLMNDPGAPWKIWMLRMVCLAISAYTPWAILPSVVGFWITLQ-YTKR	WPLNEGVMAVGLVSILASSLLRNDV-PMAGPLVAGGLLIACYVITGTSADLTVEKAPDVTWEEEAEQTGVSHNLMITVDDDGTMRIKDDETENILTVLLKTALLIVSGIFPYSI-PATLLVWHTWQKQTQR
WN1|ABA62343.1|nonstructural	Dengue_1|AAB70695.1|nonstructural	32.308	130	86	2	2	131	2	129	1.18e-22	76.6	WPATEVMTAVGLMFAIVGGLAELDIDSMAIPMTIAGLMFAAFVISGKSTDMWIERTADISWESDAEITGSSERVDVRLDDDGNFQLMNDPGAPWKIWMLRMVCLAISAYTPWAILPSVVGFWITLQYTKR	WPLNEGIMAVGIVSILLSSLLKNDV-PLAGPLIAGGMLIACYVISGSSADLSLEKAAEVSWEEEAEHSGASHNILVEVQDDGTMKIKDEERDDTLTILLKATLLAISGVYPMSI-PATLFVWYFWQKKKQ
WN1|ABA62343.1|nonstructural	Dengue_4|AAG45435.1|NS2B	34.426	122	78	2	2	123	2	121	2.26e-22	75.9	WPATEVMTAVGLMFAIVGGLAELDIDSMAIPMTIAGLMFAAFVISGKSTDMWIERTADISWESDAEITGSSERVDVRLDDDGNFQLMNDPGAPWKIWMLRMVCLAISAYTPWAILPSVVGFW	WPLNEGIMAVGLVSLLGSALLKNDV-PLAGPMVAGGLLLAAYVMSGSSADLSLEKAANVQWDEMADITGSSPIVEVKQDEDGSFSIRDVEETNMITLLVKLALITVSGLYPLAI-PVTMTLW
WN1|ABA62343.1|nonstructural	Sepik|ABI23562.1|Flavi_NS2B|1353-1479	32.500	120	78	2	6	123	3	121	6.38e-22	74.7	EVMTAVGLMFAIVGGLAELDIDSMAIPMTIAGLMFAAFVISGKSTDMWIERTADISWESDAEITGSSERVDVRLDDDGNFQLMNDPGAPWKIWMLRMVCLAISAYTPWAILPSVVG--FW	ETMAAVGLV-GVLAGMGLKDMNGMLGPVAVGGVLLIVMSLSGKVDGLVIKKISDIGWDEDAEISGASHRYDVEQTETGEFKIRNEEPAPWTQVMILTIAIVSAAVHPACLAVVTLGWFFW
WN1|ABA62343.1|nonstructural	Bouboui|ABI54473.1|NS2b|1341-1469	27.692	130	92	2	2	131	2	129	1.07e-19	68.9	WPATEVMTAVGLMFAIVGGLAELDIDSMAIPMTIAGLMFAAFVISGKSTDMWIERTADISWESDAEITGSSERVDVRLDDDGNFQLMNDPGAPWKIWMLRMVCLAISAYTPWAILPSVVGFWITLQYTKR	WPIGECLAAIGILGAAIGTWSDGN-ENLVGPLVILGLILVVYTMCAQGDGLRLEKAASASWCDEAEVSGEAKRFDVTLNDSGEFRLLNEPPVSWMNVGFLVAAITASSVHPGALI-VVLASWSYWKSPKR
WN1|ABA62343.1|nonstructural	Banzi|ABI54472.1|NS2b|1341-1469	28.462	130	91	2	2	131	2	129	3.59e-19	67.8	WPATEVMTAVGLMFAIVGGLAELDIDSMAIPMTIAGLMFAAFVISGKSTDMWIERTADISWESDAEITGSSERVDVRLDDDGNFQLMNDPGAPWKIWMLRMVCLAISAYTPWAILPSVVGFWITLQYTKR	WPISECLAAVGIFGAAFGTMFSED-ETLLGPLALVGVVLIVYTMFTQSDGLELVKAADISWSDEAVVSGEARRFDVALNDSGEFKLLDEPPVSWLNVSFLVVAIVASSLHPIALVVTLVA-WTYWRTEKR
WN1|ABA62343.1|nonstructural	Dengue_2|AAB58782.1|Flavi_NS2B|1349-1475	32.432	111	74	1	5	115	2	111	6.38e-19	67.0	TEVMTAVGLMFAIVGGLAELDIDSMAIPMTIAGLMFAAFVISGKSTDMWIERTADISWESDAEITGSSERVDVRLDDDGNFQLMNDPGAPWKIWMLRMVCLAISAYTPWAI	NEAIMAVGMVSILASSLLKNDI-PMTGPLVAGGLLTVCYVLTGRSADLELERAADVKWEDQAEISGSSPILSITISEDGSMSIKNEEEEQTLTILIRTGLLVISGLFPVSI
WN1|ABA62343.1|nonstructural	Saboya|ABI54478.1|NS2b|1340-1468	26.923	130	93	2	2	131	2	129	6.83e-18	64.3	WPATEVMTAVGLMFAIVGGLAELDIDSMAIPMTIAGLMFAAFVISGKSTDMWIERTADISWESDAEITGSSERVDVRLDDDGNFQLMNDPGAPWKIWMLRMVCLAISAYTPWAILPSVVGFWITLQYTKR	WPIGECMAAVGILGAAFGSFLSED-PTLLGPIALFGIVISIYALFSQGDGLELVRVGDVTWSDEAAISGEAKRMDVTLNDAGEFKLINEAPVAWTNVTFLILAIVSSSLHPLALV-VVLAVWTGWKKNKR
WN1|ABA62343.1|nonstructural	Jugra|ABI54482.1|NS2b|1340-1468	26.154	130	94	2	2	131	2	129	2.36e-17	62.8	WPATEVMTAVGLMFAIVGGLAELDIDSMAIPMTIAGLMFAAFVISGKSTDMWIERTADISWESDAEITGSSERVDVRLDDDGNFQLMNDPGAPWKIWMLRMVCLAISAYTPWAILPSVVGFWITLQYTKR	WPIGECLAAVGLLGAAFGSFLS-DDPTLLGPLALFGIAISVYALFSQGDGLEISKVGETTWSDEAAVSGEAKRMDVSLNDAGEFKLLNETPVAWLNVMFLVLAILASSLHPLALVAVLVS-WSGWKKSKR
WN1|ABA62343.1|nonstructural	Potiskum|ABI54483.1|NS2b|1340-1468	27.434	113	81	1	2	114	2	113	2.15e-16	60.5	WPATEVMTAVGLMFAIVGGLAELDIDSMAIPMTIAGLMFAAFVISGKSTDMWIERTADISWESDAEITGSSERVDVRLDDDGNFQLMNDPGAPWKIWMLRMVCLAISAYTPWA	WPIGECMAAVGIFGAAFGSFLSED-PTLLGPIALFGIVISIYALFSQGDGLELVRVGDVTWSDEAAISGEAKRMDVTLNDAGEFKLINEAPVAWTNVTFLILAIVSSSLHPLA
WN1|ABA62343.1|nonstructural	Alkhurma|AFF18426.1|NS2B|1361-1491	20.168	119	94	1	5	123	3	120	9.16e-06	32.0	TEVMTAVGLMFAIVGGLAELDIDSMAIPMTIAGLMFAAFVISGKSTDMWIERTADISWESDAEITGSSERVDVRLDDDGNFQLMNDPGAPWKIWMLRMVCLAISAYTPWAILPSVVGFW	SEPLTVVGVMLTVASGMVRHTSQEALCALVAGAFLLLMMVLGTRKMQLIAEWCGEVEWNPDLVNEGGEVNLKVRQDAMGNLHLTEVEKEERAMALWLLAGLVASAF-HWAGILIVLAIW
