WN1|ABA62343.1|SF2_C_viral|1838-1982	Usutu|AAS59402.1|SF2_C_viral|1836-1980	100.000	145	0	0	1	145	146	290	3.96e-108	300	ISDLQTEIPDRAWNSGYEWITEYTGKTVWFVPSVKMGNEIALCLQRAGKKVVQLNRKSYETEYPKCKNDDWDFVITTDISEMGANFKASRVIDSRKSVKPTIITEGEGRVILGEPSAVTAASAAQRRGRIGRNPSQVGDEYCYGG	ISDLQTEIPDRAWNSGYEWITEYTGKTVWFVPSVKMGNEIALCLQRAGKKVVQLNRKSYETEYPKCKNDDWDFVITTDISEMGANFKASRVIDSRKSVKPTIITEGEGRVILGEPSAVTAASAAQRRGRIGRNPSQVGDEYCYGG
WN1|ABA62343.1|SF2_C_viral|1838-1982	Usutu|AAS59402.1|SF2_C_viral|1836-1980	83.448	145	24	0	1	145	1	145	1.34e-92	260	ISDLQTEIPDRAWNSGYEWITEYTGKTVWFVPSVKMGNEIALCLQRAGKKVVQLNRKSYETEYPKCKNDDWDFVITTDISEMGANFKASRVIDSRKSVKPTIITEGEGRVILGEPSAVTAASAAQRRGRIGRNPSQVGDEYCYGG	VTDIQAEVPDRAWSSGFEWITEYTGKTVWFVASVKMGNEIAQCLQRAGKKVIQLNRKSYDTEYPKCKNGDWDFVITTDISEMGANFGASRVIDCRKSVKPTILEEGEGRVILSNPSPITSASAAQRRGRVGRNPSQIGDEYHYGG
WN1|ABA62343.1|SF2_C_viral|1838-1982	Kunjin|BAA00176.1|SF2_C_viral|1838-1982	96.552	145	5	0	1	145	1	145	9.64e-108	293	ISDLQTEIPDRAWNSGYEWITEYTGKTVWFVPSVKMGNEIALCLQRAGKKVVQLNRKSYETEYPKCKNDDWDFVITTDISEMGANFKASRVIDSRKSVKPTIITEGEGRVILGEPSAVTAASAAQRRGRIGRNPSQVGDEYCYGG	ISDLQTEIPDRAWNSGYEWITEYIGKTVWFVPSVKMGNEIALCLQRAGKKVIQLNRKSYETEYPKCKNDDWDFVVTTDISEMGANFKASRVIDSRKSVKPTIITEGEGRVILGEPSAVTAASAAQRRGRTGRNPSQAGDEYCYGG
WN1|ABA62343.1|SF2_C_viral|1838-1982	WNV2|AAA48498.2|SF2_C_viral|1834-1978	95.172	145	7	0	1	145	1	145	5.70e-107	291	ISDLQTEIPDRAWNSGYEWITEYTGKTVWFVPSVKMGNEIALCLQRAGKKVVQLNRKSYETEYPKCKNDDWDFVITTDISEMGANFKASRVIDSRKSVKPTIITEGEGRVILGEPSAVTAASAAQRRGRIGRNPSQVGDEYCYGG	ISDMQTEIPDRAWNTGYEWITEYVGKTVWFVPSVKMGNEIALCLQRAGKKVIQLNRKSYETEYPKCKNDDWDFVITTDISEMGANFKASRVIDSRKSVKPTIIEEGDGRVILGEPSAITAASAAQRRGRIGRNPSQVGDEYCYGG
WN1|ABA62343.1|SF2_C_viral|1838-1982	Japanese_Encephalitis|AAA81554.1|SF2_C_viral|1837-1981	86.207	145	20	0	1	145	1	145	2.34e-96	265	ISDLQTEIPDRAWNSGYEWITEYTGKTVWFVPSVKMGNEIALCLQRAGKKVVQLNRKSYETEYPKCKNDDWDFVITTDISEMGANFKASRVIDSRKSVKPTIITEGEGRVILGEPSAVTAASAAQRRGRIGRNPSQVGDEYCYGG	IHDLQDEIPDRAWSSGYEWITEYAGKTVWFVASVKMGNEIAMCLQRAGKKVIQLNRKSYDTEYPKCKNGDWDFVITTDISEMGANFGASRVIDCRKSVKPTILEEGEGRVILGNPSPITSASAAQRRGRVGRNPNQVGDEYHYGG
WN1|ABA62343.1|SF2_C_viral|1838-1982	Murray|AAF05296.1|SF2_C_viral|1836-1980	81.379	145	27	0	1	145	1	145	2.41e-92	254	ISDLQTEIPDRAWNSGYEWITEYTGKTVWFVPSVKMGNEIALCLQRAGKKVVQLNRKSYETEYPKCKNDDWDFVITTDISEMGANFKASRVIDSRKSVKPTIITEGEGRVILGEPSAVTAASAAQRRGRIGRNPSQVGDEYCYGG	VHDVSSEIPDRAWSSGFEWITDYAGKTVWFVASVKMSNEIAQCLQRAGKRVIQLNRKSYDTEYPKCKNGDWDFVITTDISEMGANFGASRVIDCRKSVKPTILDEGEGRVILSVPSAITSASAAQRRGRVGRNPSQIGDEYHYGG
WN1|ABA62343.1|SF2_C_viral|1838-1982	Alfuy|AAX82481.1|SF2_C_viral|1837-1981	77.931	145	32	0	1	145	1	145	5.32e-90	248	ISDLQTEIPDRAWNSGYEWITEYTGKTVWFVPSVKMGNEIALCLQRAGKKVVQLNRKSYETEYPKCKNDDWDFVITTDISEMGANFKASRVIDSRKSVKPTIITEGEGRVILGEPSAVTAASAAQRRGRIGRNPSQVGDEYCYGG	VQDIPNEVPDRAWSSGFEWITEYAGKTVWFVASVKMGNEIAQCLQRAGKRVIQLNRRSYDTEYPKCKGGEWDFVVTTDISEMGANFGASRVIDCRKSVKPAILEEGEGRVVLGVPSAITSASAAQRRGRVGRNPNQIGDEYHYGG
WN1|ABA62343.1|SF2_C_viral|1838-1982	Yaounde|ABW76843.2|SF2_C_viral|1834-1978	82.069	145	26	0	1	145	1	145	3.71e-87	241	ISDLQTEIPDRAWNSGYEWITEYTGKTVWFVPSVKMGNEIALCLQRAGKKVVQLNRKSYETEYPKCKNDDWDFVITTDISEMGANFKASRVIDSRKSVKPTIITEGEGRVILGEPSAVTAASAAQRRGRIGRNPSQVGDEYCYGG	IIDVQNEVPDRAWNSGFDWITEHVGKTVWFVPSVKIGNEIAQCLQRAGKRVIQLNRKSYDTEYPKCKNGEWDFVVTTDISEMGANFGANRVIDSRKSVKPTILEEGEGRVILSGPAAITAASAAQRRGRIGRNPTQVGDEYHYGG
WN1|ABA62343.1|SF2_C_viral|1838-1982	Ntaya|AFS89612.2|SF2_C_viral|1833-1977	75.862	145	35	0	1	145	1	145	3.05e-86	239	ISDLQTEIPDRAWNSGYEWITEYTGKTVWFVPSVKMGNEIALCLQRAGKKVVQLNRKSYETEYPKCKNDDWDFVITTDISEMGANFKASRVIDSRKSVKPTIITEGEGRVILGEPSAVTAASAAQRRGRIGRNPSQVGDEYCYGG	IMDVEEQIPDRAWNSGYDWITDYTGKTVWFVPSVKMGNEIAMCLTKAGKKVIQLNRKSFDNEYPKCKTGDWDFVVTTDISEMGANFGASRVIDSRKCIKPVIIEDGEGSVQLNGPVPITAASAAQRRGRVGRNPVQVGDEYHFAG
WN1|ABA62343.1|SF2_C_viral|1838-1982	Ilheus|AAV34155.1|SF2_C_viral|1830-1973	75.172	145	35	1	1	145	1	144	1.51e-83	232	ISDLQTEIPDRAWNSGYEWITEYTGKTVWFVPSVKMGNEIALCLQRAGKKVVQLNRKSYETEYPKCKNDDWDFVITTDISEMGANFKASRVIDSRKSVKPTIITEGEGRVILGEPSAVTAASAAQRRGRIGRNPSQVGDEYCYGG	IIDQEAEIPDRAWNSGFEWITEYTGKTVWFVPSVRMGNEIAMCLTKAGKKVIQLNRKSYDSEYQKCKGNDWDFVITTDISEMGANFGAHRVIDSRKCVKPVIL-DGDDRVLMNGPAPITPASAAQRRGRIGRDPTQSGDEYFYGG
WN1|ABA62343.1|SF2_C_viral|1838-1982	Bagaza|AAV34161.1|SF2_C_viral|1833-1977	74.483	145	37	0	1	145	1	145	2.27e-83	232	ISDLQTEIPDRAWNSGYEWITEYTGKTVWFVPSVKMGNEIALCLQRAGKKVVQLNRKSYETEYPKCKNDDWDFVITTDISEMGANFKASRVIDSRKSVKPTIITEGEGRVILGEPSAVTAASAAQRRGRIGRNPSQVGDEYCYGG	IVDVEEQIPDRAWNSGYEWITDYTGKTVWFVPSVKMGNEIAVCLTKAGKKVIQLNRKSFDSEYPKCKTGEWDFVITTDISEMGANFGASRVIDSRKCIKPVVVEDGEGSVQLNGPVPITAASAAQRRGRIGRSYVQVGDEYHFSG
WN1|ABA62343.1|SF2_C_viral|1838-1982	Saint_Louis|ABG37975.1|SF2_C_viral|1832-1975	73.103	145	38	1	1	145	1	144	2.74e-83	231	ISDLQTEIPDRAWNSGYEWITEYTGKTVWFVPSVKMGNEIALCLQRAGKKVVQLNRKSYETEYPKCKNDDWDFVITTDISEMGANFKASRVIDSRKSVKPTIITEGEGRVILGEPSAVTAASAAQRRGRIGRNPSQVGDEYCYGG	ILDVEAQVPDKAWSTGYEWITNFTGRTVWFVPSVKSGNEIAICLQKAGKRVIQLNRKSFDTEYPKTKNNEWDFVVTTDISEMGANFGAHRVIDSRKCVKPVIL-EDDDRVILNGPMAITSASAAQRRGRIGRNPSQIGDEYHYGG
WN1|ABA62343.1|SF2_C_viral|1838-1982	Tembusu|AEJ87340.1|SF2_C_viral|1831-1975	71.034	145	42	0	1	145	1	145	2.17e-81	227	ISDLQTEIPDRAWNSGYEWITEYTGKTVWFVPSVKMGNEIALCLQRAGKKVVQLNRKSYETEYPKCKNDDWDFVITTDISEMGANFKASRVIDSRKSVKPTIITEGEGRVILGEPSAVTAASAAQRRGRIGRNPSQVGDEYCYGG	ITDIEEQIPDRAWNSGYEWITDFQGKTVWFVPSVKSGNEIAVCLTKAGKKVIQLNRKSFDSEYPKCKSGEWDFVITTDISEMGANFGAQRVIDSRKCIKPVIIEDGEGSVQMNGPVPITSASAAQRRGRVGRDVTQIGDEYHYSG
WN1|ABA62343.1|SF2_C_viral|1838-1982	Spondweni|ABI54480.1|SF2_C_viral|1835-1979	70.345	145	43	0	1	145	1	145	7.93e-81	225	ISDLQTEIPDRAWNSGYEWITEYTGKTVWFVPSVKMGNEIALCLQRAGKKVVQLNRKSYETEYPKCKNDDWDFVITTDISEMGANFKASRVIDSRKSVKPTIITEGEGRVILGEPSAVTAASAAQRRGRIGRNPSQVGDEYCYGG	ITDVETEVPDKAWNSGFEWITDYPGKTVWFVPSVRMGNEISACLTKAGKSVIQLSRKTFETEYQKTKNGEWDFVVTTDISEMGANFKADRVIDSRKCLKPVILDDMEERVVLAGPMAVTPSSAAQRRGRIGRNPNKTGDEFYYGG
WN1|ABA62343.1|SF2_C_viral|1838-1982	Naranjal|AIU94742.1|SF2_C_viral|1837-1981	67.586	145	47	0	1	145	1	145	2.35e-80	224	ISDLQTEIPDRAWNSGYEWITEYTGKTVWFVPSVKMGNEIALCLQRAGKKVVQLNRKSYETEYPKCKNDDWDFVITTDISEMGANFKASRVIDSRKSVKPTIITEGEGRVILGEPSAVTAASAAQRRGRIGRNPSQVGDEYCYGG	ITDTEAQIPDKAWSSGFDWITEYEGKTVWFVPSVRMGNEIAACLGKAKKKVIQLSRRTFNTEYPKCKQGDWDFVVTTDISEMGANFKATRVIDSRRAIKPSIMSDQEERVVLSGPLPISPASAAQRRGRIGRNPNQLGDEYVFSG
WN1|ABA62343.1|SF2_C_viral|1838-1982	Iguape|AAV34154.1|SF2_C_viral|1824-1968	65.517	145	50	0	1	145	1	145	3.19e-77	216	ISDLQTEIPDRAWNSGYEWITEYTGKTVWFVPSVKMGNEIALCLQRAGKKVVQLNRKSYETEYPKCKNDDWDFVITTDISEMGANFKASRVIDSRKSVKPTIITEGEGRVILGEPSAVTAASAAQRRGRIGRNPSQVGDEYCYGG	IIDEPMTVPDKAWSTGYEWVTDFEGKTVWFVPSIRNGQEIANCLMKAGKKVIQLNRKTFDSEYKKTKQDDWDFVITTDISEMGANFQATRVIDCRKSIKPVVITDGEERIVMNGPALITSASAAQRRGRVGRNPNQPGDMYLYGG
WN1|ABA62343.1|SF2_C_viral|1838-1982	Zika_Africa|AAV34151.1|SF2_C_viral|1831-1973	68.276	145	44	2	1	145	1	143	3.18e-75	211	ISDLQTEIPDRAWNSGYEWITEYTGKTVWFVPSVKMGNEIALCLQRAGKKVVQLNRKSYETEYPKCKNDDWDFVITTDISEMGANFKASRVIDSRKSVKPTIITEGEGRVILGEPSAVTAASAAQRRGRIGRNPSQVGDEYCYGG	IMDTEVEVPERAWSSGFDWVTDHSGKTVWFVPSVRNGNEIAACLTKAGKRVIQLSRKTFETEFQKTKNQEWDFVITTDISEMGANFKADRVIDSRRCLKPVIL-DGE-RVILAGPMPVTHASAAQRRGRIGRNPNKPGDEYMYGG
WN1|ABA62343.1|SF2_C_viral|1838-1982	Dengue_4|AAG45435.1|SF2_C_viral|1806-1950	64.828	145	51	0	1	145	1	145	8.73e-75	210	ISDLQTEIPDRAWNSGYEWITEYTGKTVWFVPSVKMGNEIALCLQRAGKKVVQLNRKSYETEYPKCKNDDWDFVITTDISEMGANFKASRVIDSRKSVKPTIITEGEGRVILGEPSAVTAASAAQRRGRIGRNPSQVGDEYCYGG	IEDIEREIPERSWNTGFDWITDYQGKTVWFVPSIKAGNDIANCLRKSGKKVIQLSRKTFDTEYPKTKLTDWDFVVTTDISEMGANFRAGRVIDPRRCLKPVILPDGPERVILAGPIPVTPASAAQRRGRIGRNPAQEDDQYVFSG
WN1|ABA62343.1|SF2_C_viral|1838-1982	Zika_Brasil|AMB18850.1|SF2_C_viral|1835-1977	66.897	145	46	2	1	145	1	143	2.08e-74	209	ISDLQTEIPDRAWNSGYEWITEYTGKTVWFVPSVKMGNEIALCLQRAGKKVVQLNRKSYETEYPKCKNDDWDFVITTDISEMGANFKASRVIDSRKSVKPTIITEGEGRVILGEPSAVTAASAAQRRGRIGRNPSQVGDEYCYGG	IMDTEVEVPERAWSSGFDWVTDHSGKTVWFVPSVRNGNEIAACLTKAGKRVIQLSRKTFETEFQKTKHQEWDFVVTTDISEMGANFKADRVIDSRRCLKPVIL-DGE-RVILAGPMPVTHASAAQRRGRIGRNPNKPGDEYLYGG
WN1|ABA62343.1|SF2_C_viral|1838-1982	Kedougou|AAV34156.1|SF2_C_viral|1821-1963	67.586	145	45	1	1	145	1	143	5.63e-74	208	ISDLQTEIPDRAWNSGYEWITEYTGKTVWFVPSVKMGNEIALCLQRAGKKVVQLNRKSYETEYPKCKNDDWDFVITTDISEMGANFKASRVIDSRKSVKPTIITEGEGRVILGEPSAVTAASAAQRRGRIGRNPSQVGDEYCYGG	VDDMEIMVPDKPWNKGFEWVTDYPGKTVWFVPSVRNGNEIACCLEKAGKKTIQLNRKSFNTEYQRTKNEQWDFVITTDISEMGANFDAERVIDSRKCIKPVILE--EGRVNLVGPIPVTASSAAQRRGRIGRNPSRTGDEYRYSG
WN1|ABA62343.1|SF2_C_viral|1838-1982	Kokobera|AAV34157.1|SF2_C_viral|1825-1966	66.897	145	45	1	1	145	1	142	9.32e-74	207	ISDLQTEIPDRAWNSGYEWITEYTGKTVWFVPSVKMGNEIALCLQRAGKKVVQLNRKSYETEYPKCKNDDWDFVITTDISEMGANFKASRVIDSRKSVKPTIITEGEGRVILGEPSAVTAASAAQRRGRIGRNPSQVGDEYCYGG	IIDEETRIPDKAWNSGYEWIIEFDGRTVWFVHSIKQGAEIGTCLQKAGKKVLYLNRKTFESEYPKCKSEKWDFVITTDISEMGANFKADRVIDPRKTIKPILL---DGRVSMQGPIAITPASAAQRRGRIGRNPEKLGDIYAYSG
WN1|ABA62343.1|SF2_C_viral|1838-1982	Dengue_2|AAB58782.1|SF2_C_viral|1807-1951	64.138	145	52	0	1	145	1	145	1.80e-73	207	ISDLQTEIPDRAWNSGYEWITEYTGKTVWFVPSVKMGNEIALCLQRAGKKVVQLNRKSYETEYPKCKNDDWDFVITTDISEMGANFKASRVIDSRKSVKPTIITEGEGRVILGEPSAVTAASAAQRRGRIGRNPSQVGDEYCYGG	IIDEEREIPERSWNSGHEWVTDFKGKTVWFVPSIKAGNDIAACLRKNGKKVIQLSRKTFDSEYVKTRTNDWDFVVTTDISEMGANFKAERVIDPRRCMKPVILTDGEERVILAGPMPVTHSSAAQRRGRIGRNPKNENDQYIYMG
WN1|ABA62343.1|SF2_C_viral|1838-1982	Dengue_3|AAM51537.1|SF2_C_viral|1806-1950	64.828	145	51	0	1	145	1	145	3.79e-73	206	ISDLQTEIPDRAWNSGYEWITEYTGKTVWFVPSVKMGNEIALCLQRAGKKVVQLNRKSYETEYPKCKNDDWDFVITTDISEMGANFKASRVIDSRKSVKPTIITEGEGRVILGEPSAVTAASAAQRRGRIGRNPSQVGDEYCYGG	IQDEERDIPERSWNSGNEWITDFAGKTVWFVPSIKAGNDIANCLRKNGKKVIQLSRKTFDTEYQKTKLNDWDFVVTTDISEMGANFKADRVIDPRRCLKPVILTDGPERVILAGPMPVTAASAAQRRGRVGRNPQKENDQYIFTG
WN1|ABA62343.1|SF2_C_viral|1838-1982	Dengue_1|AAB70695.1|SF2_C_viral|1808-1952	64.138	145	52	0	1	145	1	145	2.41e-72	204	ISDLQTEIPDRAWNSGYEWITEYTGKTVWFVPSVKMGNEIALCLQRAGKKVVQLNRKSYETEYPKCKNDDWDFVITTDISEMGANFKASRVIDSRKSVKPTIITEGEGRVILGEPSAVTAASAAQRRGRIGRNPSQVGDEYCYGG	IQDEERDIPERSWNSGYDWITDFPGKTVWFVPSIKSGNDIANCLRKNGKRVVQLSRKTFDTEYQKTKNNDWDYVVTTDISEMGANFRADRVIDPRRCLKPVILKDGPERVILAGPMPVTVASAAQRRGRIGRNQNKEGDQYIYMG
